time,CO2 Emission (kt),Country
2021-01-01,11412.4499,Afghanistan
2022-01-01,12229.24748,Afghanistan
2023-01-01,13032.0386,Afghanistan
2024-01-01,13820.50873,Afghanistan
2025-01-01,13604.22368,Afghanistan
2026-01-01,14421.02126,Afghanistan
2027-01-01,15223.81238,Afghanistan
2028-01-01,16012.28252,Afghanistan
2029-01-01,15795.99747,Afghanistan
2030-01-01,16612.79505,Afghanistan
2021-01-01,626217.9626,Africa Eastern and Southern
2022-01-01,630778.6927,Africa Eastern and Southern
2023-01-01,639291.8454,Africa Eastern and Southern
2024-01-01,651758.7939,Africa Eastern and Southern
2025-01-01,651094.5883,Africa Eastern and Southern
2026-01-01,655655.3184,Africa Eastern and Southern
2027-01-01,664168.4711,Africa Eastern and Southern
2028-01-01,676635.4196,Africa Eastern and Southern
2029-01-01,675971.214,Africa Eastern and Southern
2030-01-01,680531.944,Africa Eastern and Southern
2021-01-01,227080.8939,Africa Western and Central
2022-01-01,233973.596,Africa Western and Central
2023-01-01,238422.9227,Africa Western and Central
2024-01-01,240430.3268,Africa Western and Central
2025-01-01,247670.8394,Africa Western and Central
2026-01-01,254563.5415,Africa Western and Central
2027-01-01,259012.8681,Africa Western and Central
2028-01-01,261020.2723,Africa Western and Central
2029-01-01,268260.7848,Africa Western and Central
2030-01-01,275153.4869,Africa Western and Central
2021-01-01,5746.773018,Albania
2022-01-01,5958.38878,Albania
2023-01-01,6073.808723,Albania
2024-01-01,6093.018254,Albania
2025-01-01,6188.576187,Albania
2026-01-01,6400.191949,Albania
2027-01-01,6515.611892,Albania
2028-01-01,6534.821423,Albania
2029-01-01,6630.379356,Albania
2030-01-01,6841.995118,Albania
2021-01-01,167164.3305,Algeria
2022-01-01,172987.6155,Algeria
2023-01-01,177774.615,Algeria
2024-01-01,181524.6916,Algeria
2025-01-01,186156.634,Algeria
2026-01-01,191979.919,Algeria
2027-01-01,196766.9185,Algeria
2028-01-01,200516.9951,Algeria
2029-01-01,205148.9375,Algeria
2030-01-01,210972.2225,Algeria
2021-01-01,430.6439734,Andorra
2022-01-01,416.3672016,Andorra
2023-01-01,408.8229095,Andorra
2024-01-01,408.0120807,Andorra
2025-01-01,399.4354307,Andorra
2026-01-01,385.1586589,Andorra
2027-01-01,377.6143667,Andorra
2028-01-01,376.803538,Andorra
2029-01-01,368.2268879,Andorra
2030-01-01,353.9501161,Andorra
2021-01-01,38560.71917,Angola
2022-01-01,40556.60346,Angola
2023-01-01,42624.28902,Angola
2024-01-01,44762.6943,Angola
2025-01-01,43433.00738,Angola
2026-01-01,45428.89167,Angola
2027-01-01,47496.57723,Angola
2028-01-01,49634.98251,Angola
2029-01-01,48305.29559,Angola
2030-01-01,50301.17988,Angola
2021-01-01,674.4432106,Antigua and Barbuda
2022-01-01,642.6756207,Antigua and Barbuda
2023-01-01,617.8592445,Antigua and Barbuda
2024-01-01,600.0346144,Antigua and Barbuda
2025-01-01,709.5721819,Antigua and Barbuda
2026-01-01,677.8045921,Antigua and Barbuda
2027-01-01,652.9882158,Antigua and Barbuda
2028-01-01,635.1635857,Antigua and Barbuda
2029-01-01,744.7011533,Antigua and Barbuda
2030-01-01,712.9335635,Antigua and Barbuda
2021-01-01,1960768.571,Arab World
2022-01-01,1972940.303,Arab World
2023-01-01,1996665.072,Arab World
2024-01-01,2031971.356,Arab World
2025-01-01,2055577.097,Arab World
2026-01-01,2067748.83,Arab World
2027-01-01,2091473.598,Arab World
2028-01-01,2126779.883,Arab World
2029-01-01,2150385.624,Arab World
2030-01-01,2162557.356,Arab World
2021-01-01,189937.0586,Argentina
2022-01-01,191906.0723,Argentina
2023-01-01,195342.5891,Argentina
2024-01-01,200243.6879,Argentina
2025-01-01,196791.8513,Argentina
2026-01-01,198760.865,Argentina
2027-01-01,202197.3818,Argentina
2028-01-01,207098.4806,Argentina
2029-01-01,203646.644,Argentina
2030-01-01,205615.6577,Argentina
2021-01-01,6052.600432,Armenia
2022-01-01,6234.219552,Armenia
2023-01-01,6458.530865,Armenia
2024-01-01,6725.406759,Armenia
2025-01-01,6545.383325,Armenia
2026-01-01,6727.002445,Armenia
2027-01-01,6951.313759,Armenia
2028-01-01,7218.189652,Armenia
2029-01-01,7038.166219,Armenia
2030-01-01,7219.785338,Armenia
2021-01-01,399558.8098,Australia
2022-01-01,400357.7371,Australia
2023-01-01,404089.5399,Australia
2024-01-01,410753.8524,Australia
2025-01-01,413166.0668,Australia
2026-01-01,413964.9941,Australia
2027-01-01,417696.7969,Australia
2028-01-01,424361.1095,Australia
2029-01-01,426773.3238,Australia
2030-01-01,427572.2511,Australia
2021-01-01,60042.89057,Austria
2022-01-01,59953.69395,Austria
2023-01-01,59799.50884,Austria
2024-01-01,59579.67799,Austria
2025-01-01,57395.5237,Austria
2026-01-01,57306.32709,Austria
2027-01-01,57152.14197,Austria
2028-01-01,56932.31112,Austria
2029-01-01,54748.15684,Austria
2030-01-01,54658.96022,Austria
2021-01-01,29121.48107,Azerbaijan
2022-01-01,28306.56469,Azerbaijan
2023-01-01,27596.46813,Azerbaijan
2024-01-01,26991.71818,Azerbaijan
2025-01-01,27929.87104,Azerbaijan
2026-01-01,27114.95466,Azerbaijan
2027-01-01,26404.8581,Azerbaijan
2028-01-01,25800.10816,Azerbaijan
2029-01-01,26738.26102,Azerbaijan
2030-01-01,25923.34464,Azerbaijan
2021-01-01,3074.490376,"Bahamas, The"
2022-01-01,2877.475882,"Bahamas, The"
2023-01-01,2717.813384,"Bahamas, The"
2024-01-01,2595.722051,"Bahamas, The"
2025-01-01,3162.637785,"Bahamas, The"
2026-01-01,2965.623291,"Bahamas, The"
2027-01-01,2805.960794,"Bahamas, The"
2028-01-01,2683.869461,"Bahamas, The"
2029-01-01,3250.785195,"Bahamas, The"
2030-01-01,3053.770701,"Bahamas, The"
2021-01-01,33757.97593,Bahrain
2022-01-01,34562.50558,Bahrain
2023-01-01,35074.41533,Bahrain
2024-01-01,35293.92322,Bahrain
2025-01-01,36441.86928,Bahrain
2026-01-01,37246.39893,Bahrain
2027-01-01,37758.30868,Bahrain
2028-01-01,37977.81657,Bahrain
2029-01-01,39125.76262,Bahrain
2030-01-01,39930.29227,Bahrain
2021-01-01,95153.79457,Bangladesh
2022-01-01,99902.1166,Bangladesh
2023-01-01,104254.0491,Bangladesh
2024-01-01,108208.979,Bangladesh
2025-01-01,112224.5256,Bangladesh
2026-01-01,116972.8476,Bangladesh
2027-01-01,121324.7801,Bangladesh
2028-01-01,125279.71,Bangladesh
2029-01-01,129295.2565,Bangladesh
2030-01-01,134043.5786,Bangladesh
2021-01-01,1735.143735,Barbados
2022-01-01,1600.599224,Barbados
2023-01-01,1490.517991,Barbados
2024-01-01,1405.026318,Barbados
2025-01-01,1713.752525,Barbados
2026-01-01,1579.208015,Barbados
2027-01-01,1469.126782,Barbados
2028-01-01,1383.635109,Barbados
2029-01-01,1692.361316,Barbados
2030-01-01,1557.816805,Barbados
2021-01-01,56863.45359,Belarus
2022-01-01,56663.21084,Belarus
2023-01-01,56404.78856,Belarus
2024-01-01,56088.72338,Belarus
2025-01-01,56030.59428,Belarus
2026-01-01,55830.35153,Belarus
2027-01-01,55571.92925,Belarus
2028-01-01,55255.86407,Belarus
2029-01-01,55197.73498,Belarus
2030-01-01,54997.49222,Belarus
2021-01-01,86768.03632,Belgium
2022-01-01,85164.93392,Belgium
2023-01-01,84099.6708,Belgium
2024-01-01,83572.21202,Belgium
2025-01-01,81818.26721,Belgium
2026-01-01,80215.1648,Belgium
2027-01-01,79149.90169,Belgium
2028-01-01,78622.44291,Belgium
2029-01-01,76868.49809,Belgium
2030-01-01,75265.39569,Belgium
2021-01-01,791.4217064,Belize
2022-01-01,749.1438113,Belize
2023-01-01,712.9452927,Belize
2024-01-01,682.8815203,Belize
2025-01-01,831.0146988,Belize
2026-01-01,788.7368037,Belize
2027-01-01,752.538285,Belize
2028-01-01,722.4745127,Belize
2029-01-01,870.6076912,Belize
2030-01-01,828.3297961,Belize
2021-01-01,8357.170246,Benin
2022-01-01,8746.67975,Benin
2023-01-01,9079.031136,Benin
2024-01-01,9354.228604,Benin
2025-01-01,9676.422812,Benin
2026-01-01,10065.93232,Benin
2027-01-01,10398.2837,Benin
2028-01-01,10673.48117,Benin
2029-01-01,10995.67538,Benin
2030-01-01,11385.18488,Benin
2021-01-01,1415.488774,Bhutan
2022-01-01,1455.177699,Bhutan
2023-01-01,1496.119939,Bhutan
2024-01-01,1538.342198,Bhutan
2025-01-01,1665.559192,Bhutan
2026-01-01,1705.248117,Bhutan
2027-01-01,1746.190357,Bhutan
2028-01-01,1788.412616,Bhutan
2029-01-01,1915.62961,Bhutan
2030-01-01,1955.318535,Bhutan
2021-01-01,25310.83216,Bolivia
2022-01-01,26121.40922,Bolivia
2023-01-01,26908.14267,Bolivia
2024-01-01,27670.9279,Bolivia
2025-01-01,28469.0714,Bolivia
2026-01-01,29279.64846,Bolivia
2027-01-01,30066.38191,Bolivia
2028-01-01,30829.16714,Bolivia
2029-01-01,31627.31063,Bolivia
2030-01-01,32437.88769,Bolivia
2021-01-01,24884.43916,Bosnia and Herzegovina
2022-01-01,25520.56944,Bosnia and Herzegovina
2023-01-01,26280.67455,Bosnia and Herzegovina
2024-01-01,27164.42781,Bosnia and Herzegovina
2025-01-01,26911.1701,Bosnia and Herzegovina
2026-01-01,27547.30038,Bosnia and Herzegovina
2027-01-01,28307.40549,Bosnia and Herzegovina
2028-01-01,29191.15875,Bosnia and Herzegovina
2029-01-01,28937.90104,Bosnia and Herzegovina
2030-01-01,29574.03132,Bosnia and Herzegovina
2021-01-01,8213.172153,Botswana
2022-01-01,8371.620466,Botswana
2023-01-01,8530.826927,Botswana
2024-01-01,8690.910591,Botswana
2025-01-01,9234.760937,Botswana
2026-01-01,9393.20925,Botswana
2027-01-01,9552.415711,Botswana
2028-01-01,9712.499375,Botswana
2029-01-01,10256.34972,Botswana
2030-01-01,10414.79803,Botswana
2021-01-01,516897.7743,Brazil
2022-01-01,528588.7227,Brazil
2023-01-01,539999.5284,Brazil
2024-01-01,551129.4031,Brazil
2025-01-01,560414.4758,Brazil
2026-01-01,572105.4242,Brazil
2027-01-01,583516.2299,Brazil
2028-01-01,594646.1046,Brazil
2029-01-01,603931.1773,Brazil
2030-01-01,615622.1257,Brazil
2021-01-01,7726.257342,Brunei Darussalam
2022-01-01,7944.070128,Brunei Darussalam
2023-01-01,8136.858679,Brunei Darussalam
2024-01-01,8304.550902,Brunei Darussalam
2025-01-01,8252.512649,Brunei Darussalam
2026-01-01,8470.325436,Brunei Darussalam
2027-01-01,8663.113986,Brunei Darussalam
2028-01-01,8830.80621,Brunei Darussalam
2029-01-01,8778.767957,Brunei Darussalam
2030-01-01,8996.580743,Brunei Darussalam
2021-01-01,39677.82578,Bulgaria
2022-01-01,40895.32474,Bulgaria
2023-01-01,41631.21129,Bulgaria
2024-01-01,41883.96266,Bulgaria
2025-01-01,38235.19423,Bulgaria
2026-01-01,39452.69319,Bulgaria
2027-01-01,40188.57974,Bulgaria
2028-01-01,40441.33111,Bulgaria
2029-01-01,36792.56268,Bulgaria
2030-01-01,38010.06164,Bulgaria
2021-01-01,4944.157306,Burkina Faso
2022-01-01,5149.586059,Burkina Faso
2023-01-01,5380.275389,Burkina Faso
2024-01-01,5636.250609,Burkina Faso
2025-01-01,5951.285401,Burkina Faso
2026-01-01,6156.714153,Burkina Faso
2027-01-01,6387.403483,Burkina Faso
2028-01-01,6643.378704,Burkina Faso
2029-01-01,6958.413495,Burkina Faso
2030-01-01,7163.842248,Burkina Faso
2021-01-01,608.7244827,Burundi
2022-01-01,621.9323066,Burundi
2023-01-01,633.6262021,Burundi
2024-01-01,643.821928,Burundi
2025-01-01,706.1846884,Burundi
2026-01-01,719.3925122,Burundi
2027-01-01,731.0864077,Burundi
2028-01-01,741.2821337,Burundi
2029-01-01,803.6448941,Burundi
2030-01-01,816.8527179,Burundi
2021-01-01,675.35168,Cabo Verde
2022-01-01,692.9079383,Cabo Verde
2023-01-01,708.8286122,Cabo Verde
2024-01-01,723.1159688,Cabo Verde
2025-01-01,745.8512149,Cabo Verde
2026-01-01,763.4074732,Cabo Verde
2027-01-01,779.3281471,Cabo Verde
2028-01-01,793.6155037,Cabo Verde
2029-01-01,816.3507497,Cabo Verde
2030-01-01,833.9070081,Cabo Verde
2021-01-01,11747.40197,Cambodia
2022-01-01,12131.13164,Cambodia
2023-01-01,12532.70537,Cambodia
2024-01-01,12952.29186,Cambodia
2025-01-01,13913.29954,Cambodia
2026-01-01,14297.02921,Cambodia
2027-01-01,14698.60294,Cambodia
2028-01-01,15118.18943,Cambodia
2029-01-01,16079.19711,Cambodia
2030-01-01,16462.92679,Cambodia
2021-01-01,9075.865105,Cameroon
2022-01-01,9224.155666,Cameroon
2023-01-01,9345.757462,Cameroon
2024-01-01,9440.681259,Cameroon
2025-01-01,9595.559856,Cameroon
2026-01-01,9743.850416,Cameroon
2027-01-01,9865.452213,Cameroon
2028-01-01,9960.37601,Cameroon
2029-01-01,10115.25461,Cameroon
2030-01-01,10263.54517,Cameroon
2021-01-01,564447.4003,Canada
2022-01-01,575920.4992,Canada
2023-01-01,580586.2315,Canada
2024-01-01,578438.6742,Canada
2025-01-01,572988.254,Canada
2026-01-01,584461.3529,Canada
2027-01-01,589127.0851,Canada
2028-01-01,586979.5279,Canada
2029-01-01,581529.1076,Canada
2030-01-01,593002.2065,Canada
2021-01-01,41184.3361,Caribbean small states
2022-01-01,41014.59543,Caribbean small states
2023-01-01,40845.2423,Caribbean small states
2024-01-01,40676.61567,Caribbean small states
2025-01-01,41715.56625,Caribbean small states
2026-01-01,41545.82558,Caribbean small states
2027-01-01,41376.47244,Caribbean small states
2028-01-01,41207.84582,Caribbean small states
2029-01-01,42246.79639,Caribbean small states
2030-01-01,42077.05572,Caribbean small states
2021-01-01,340.118217,Central African Republic
2022-01-01,349.6482573,Central African Republic
2023-01-01,356.0624544,Central African Republic
2024-01-01,359.3606986,Central African Republic
2025-01-01,363.9764805,Central African Republic
2026-01-01,373.5065208,Central African Republic
2027-01-01,379.9207179,Central African Republic
2028-01-01,383.2189621,Central African Republic
2029-01-01,387.8347439,Central African Republic
2030-01-01,397.3647843,Central African Republic
2021-01-01,629710.5151,Central Europe and the Baltics
2022-01-01,632510.9073,Central Europe and the Baltics
2023-01-01,632509.6466,Central Europe and the Baltics
2024-01-01,629699.2614,Central Europe and the Baltics
2025-01-01,608011.4838,Central Europe and the Baltics
2026-01-01,610811.8759,Central Europe and the Baltics
2027-01-01,610810.6152,Central Europe and the Baltics
2028-01-01,608000.23,Central Europe and the Baltics
2029-01-01,586312.4524,Central Europe and the Baltics
2030-01-01,589112.8445,Central Europe and the Baltics
2021-01-01,1138.780002,Chad
2022-01-01,1173.143737,Chad
2023-01-01,1209.101139,Chad
2024-01-01,1246.638517,Chad
2025-01-01,1237.123782,Chad
2026-01-01,1271.487517,Chad
2027-01-01,1307.444919,Chad
2028-01-01,1344.982297,Chad
2029-01-01,1335.467562,Chad
2030-01-01,1369.831297,Chad
2021-01-01,96488.46141,Chile
2022-01-01,98040.40411,Chile
2023-01-01,101091.3147,Chile
2024-01-01,105639.7628,Chile
2025-01-01,105857.5273,Chile
2026-01-01,107409.47,Chile
2027-01-01,110460.3806,Chile
2028-01-01,115008.8287,Chile
2029-01-01,115226.5933,Chile
2030-01-01,116778.536,Chile
2021-01-01,12464019.81,China
2022-01-01,12953122.25,China
2023-01-01,13429795.66,China
2024-01-01,13893964.64,China
2025-01-01,14156845.77,China
2026-01-01,14645948.21,China
2027-01-01,15122621.61,China
2028-01-01,15586790.6,China
2029-01-01,15849671.72,China
2030-01-01,16338774.16,China
2021-01-01,87676.81414,Colombia
2022-01-01,89228.81618,Colombia
2023-01-01,90806.6344,Colombia
2024-01-01,92410.42595,Colombia
2025-01-01,94741.20423,Colombia
2026-01-01,96293.20627,Colombia
2027-01-01,97871.02449,Colombia
2028-01-01,99474.81604,Colombia
2029-01-01,101805.5943,Colombia
2030-01-01,103357.5964,Colombia
2021-01-01,243.2107625,Comoros
2022-01-01,244.4413392,Comoros
2023-01-01,245.636428,Comoros
2024-01-01,246.8028577,Comoros
2025-01-01,269.9023806,Comoros
2026-01-01,271.1329573,Comoros
2027-01-01,272.3280461,Comoros
2028-01-01,273.4944758,Comoros
2029-01-01,296.5939987,Comoros
2030-01-01,297.8245754,Comoros
2021-01-01,3702.869715,"Congo, Dem. Rep."
2022-01-01,3763.244212,"Congo, Dem. Rep."
2023-01-01,3804.943313,"Congo, Dem. Rep."
2024-01-01,3828.076196,"Congo, Dem. Rep."
2025-01-01,4227.680655,"Congo, Dem. Rep."
2026-01-01,4288.055152,"Congo, Dem. Rep."
2027-01-01,4329.754253,"Congo, Dem. Rep."
2028-01-01,4352.887136,"Congo, Dem. Rep."
2029-01-01,4752.491596,"Congo, Dem. Rep."
2030-01-01,4812.866092,"Congo, Dem. Rep."
2021-01-01,4107.33722,"Congo, Rep."
2022-01-01,4117.676431,"Congo, Rep."
2023-01-01,4128.038508,"Congo, Rep."
2024-01-01,4138.41546,"Congo, Rep."
2025-01-01,4123.985489,"Congo, Rep."
2026-01-01,4134.324699,"Congo, Rep."
2027-01-01,4144.686777,"Congo, Rep."
2028-01-01,4155.063728,"Congo, Rep."
2029-01-01,4140.633757,"Congo, Rep."
2030-01-01,4150.972967,"Congo, Rep."
2021-01-01,8643.476247,Costa Rica
2022-01-01,8769.578741,Costa Rica
2023-01-01,8924.438959,Costa Rica
2024-01-01,9108.001033,Costa Rica
2025-01-01,9144.651511,Costa Rica
2026-01-01,9270.754005,Costa Rica
2027-01-01,9425.614223,Costa Rica
2028-01-01,9609.176297,Costa Rica
2029-01-01,9645.826775,Costa Rica
2030-01-01,9771.92927,Costa Rica
2021-01-01,10819.52077,Cote d'Ivoire
2022-01-01,10866.98517,Cote d'Ivoire
2023-01-01,10973.70615,Cote d'Ivoire
2024-01-01,11139.91724,Cote d'Ivoire
2025-01-01,11987.05881,Cote d'Ivoire
2026-01-01,12034.52321,Cote d'Ivoire
2027-01-01,12141.24418,Cote d'Ivoire
2028-01-01,12307.45527,Cote d'Ivoire
2029-01-01,13154.59685,Cote d'Ivoire
2030-01-01,13202.06125,Cote d'Ivoire
2021-01-01,15209.67539,Croatia
2022-01-01,15218.99769,Croatia
2023-01-01,15147.28957,Croatia
2024-01-01,14994.21816,Croatia
2025-01-01,13923.99802,Croatia
2026-01-01,13933.32031,Croatia
2027-01-01,13861.6122,Croatia
2028-01-01,13708.54079,Croatia
2029-01-01,12638.32065,Croatia
2030-01-01,12647.64294,Croatia
2021-01-01,27358.33421,Cuba
2022-01-01,27640.02169,Cuba
2023-01-01,27867.51012,Cuba
2024-01-01,28040.58626,Cuba
2025-01-01,27599.06762,Cuba
2026-01-01,27880.75509,Cuba
2027-01-01,28108.24353,Cuba
2028-01-01,28281.31967,Cuba
2029-01-01,27839.80102,Cuba
2030-01-01,28121.4885,Cuba
2021-01-01,6815.917624,Cyprus
2022-01-01,6885.334947,Cyprus
2023-01-01,6944.330728,Cyprus
2024-01-01,6992.778558,Cyprus
2025-01-01,6645.553395,Cyprus
2026-01-01,6714.970718,Cyprus
2027-01-01,6773.966499,Cyprus
2028-01-01,6822.414328,Cyprus
2029-01-01,6475.189166,Cyprus
2030-01-01,6544.606489,Cyprus
2021-01-01,93340.66823,Czech Republic
2022-01-01,92954.31496,Czech Republic
2023-01-01,92348.82982,Czech Republic
2024-01-01,91522.84665,Czech Republic
2025-01-01,87155.40847,Czech Republic
2026-01-01,86769.0552,Czech Republic
2027-01-01,86163.57007,Czech Republic
2028-01-01,85337.58689,Czech Republic
2029-01-01,80970.14872,Czech Republic
2030-01-01,80583.79544,Czech Republic
2021-01-01,26449.4094,Denmark
2022-01-01,25936.76936,Denmark
2023-01-01,24627.68517,Denmark
2024-01-01,22521.83638,Denmark
2025-01-01,20046.85543,Denmark
2026-01-01,19534.21539,Denmark
2027-01-01,18225.1312,Denmark
2028-01-01,16119.28241,Denmark
2029-01-01,13644.30146,Denmark
2030-01-01,13131.66142,Denmark
2021-01-01,543.5031972,Djibouti
2022-01-01,553.9699403,Djibouti
2023-01-01,563.4506483,Djibouti
2024-01-01,571.9415287,Djibouti
2025-01-01,572.081701,Djibouti
2026-01-01,582.5484442,Djibouti
2027-01-01,592.0291522,Djibouti
2028-01-01,600.5200325,Djibouti
2029-01-01,600.6602049,Djibouti
2030-01-01,611.1269481,Djibouti
2021-01-01,236.151328,Dominica
2022-01-01,223.0627532,Dominica
2023-01-01,212.9015349,Dominica
2024-01-01,205.6827867,Dominica
2025-01-01,245.6342091,Dominica
2026-01-01,232.5456343,Dominica
2027-01-01,222.384416,Dominica
2028-01-01,215.1656678,Dominica
2029-01-01,255.1170902,Dominica
2030-01-01,242.0285154,Dominica
2021-01-01,24586.1597,Dominican Republic
2022-01-01,25299.66088,Dominican Republic
2023-01-01,25677.1838,Dominican Republic
2024-01-01,25718.72137,Dominican Republic
2025-01-01,25921.65783,Dominican Republic
2026-01-01,26635.15901,Dominican Republic
2027-01-01,27012.68193,Dominican Republic
2028-01-01,27054.2195,Dominican Republic
2029-01-01,27257.15596,Dominican Republic
2030-01-01,27970.65714,Dominican Republic
2021-01-01,7877964.75,Early-demographic dividend
2022-01-01,8077807.657,Early-demographic dividend
2023-01-01,8255999.349,Early-demographic dividend
2024-01-01,8412611.073,Early-demographic dividend
2025-01-01,8567276.41,Early-demographic dividend
2026-01-01,8767119.317,Early-demographic dividend
2027-01-01,8945311.009,Early-demographic dividend
2028-01-01,9101922.733,Early-demographic dividend
2029-01-01,9256588.071,Early-demographic dividend
2030-01-01,9456430.977,Early-demographic dividend
2021-01-01,15155679.37,East Asia & Pacific
2022-01-01,15366350.84,East Asia & Pacific
2023-01-01,15493792.87,East Asia & Pacific
2024-01-01,15537966.68,East Asia & Pacific
2025-01-01,15773731.69,East Asia & Pacific
2026-01-01,15984403.15,East Asia & Pacific
2027-01-01,16111845.18,East Asia & Pacific
2028-01-01,16156019,East Asia & Pacific
2029-01-01,16391784.01,East Asia & Pacific
2030-01-01,16602455.47,East Asia & Pacific
2021-01-01,12228292.07,East Asia & Pacific (IDA & IBRD countries)
2022-01-01,12429696.87,East Asia & Pacific (IDA & IBRD countries)
2023-01-01,12550860.24,East Asia & Pacific (IDA & IBRD countries)
2024-01-01,12591774.79,East Asia & Pacific (IDA & IBRD countries)
2025-01-01,12852260.42,East Asia & Pacific (IDA & IBRD countries)
2026-01-01,13053665.23,East Asia & Pacific (IDA & IBRD countries)
2027-01-01,13174828.59,East Asia & Pacific (IDA & IBRD countries)
2028-01-01,13215743.14,East Asia & Pacific (IDA & IBRD countries)
2029-01-01,13476228.78,East Asia & Pacific (IDA & IBRD countries)
2030-01-01,13677633.59,East Asia & Pacific (IDA & IBRD countries)
2021-01-01,12240901.19,East Asia & Pacific (excluding high income)
2022-01-01,12438095.5,East Asia & Pacific (excluding high income)
2023-01-01,12558649.84,East Asia & Pacific (excluding high income)
2024-01-01,12602560.81,East Asia & Pacific (excluding high income)
2025-01-01,12855774.32,East Asia & Pacific (excluding high income)
2026-01-01,13052968.63,East Asia & Pacific (excluding high income)
2027-01-01,13173522.97,East Asia & Pacific (excluding high income)
2028-01-01,13217433.94,East Asia & Pacific (excluding high income)
2029-01-01,13470647.45,East Asia & Pacific (excluding high income)
2030-01-01,13667841.76,East Asia & Pacific (excluding high income)
2021-01-01,41589.33406,Ecuador
2022-01-01,42278.74017,Ecuador
2023-01-01,42467.49948,Ecuador
2024-01-01,42155.94879,Ecuador
2025-01-01,43235.37254,Ecuador
2026-01-01,43924.77866,Ecuador
2027-01-01,44113.53797,Ecuador
2028-01-01,43801.98728,Ecuador
2029-01-01,44881.41103,Ecuador
2030-01-01,45570.81715,Ecuador
2021-01-01,262938.845,"Egypt, Arab Rep."
2022-01-01,266720.6909,"Egypt, Arab Rep."
2023-01-01,272152.5601,"Egypt, Arab Rep."
2024-01-01,279235.0328,"Egypt, Arab Rep."
2025-01-01,286115.2156,"Egypt, Arab Rep."
2026-01-01,289897.0615,"Egypt, Arab Rep."
2027-01-01,295328.9307,"Egypt, Arab Rep."
2028-01-01,302411.4034,"Egypt, Arab Rep."
2029-01-01,309291.5862,"Egypt, Arab Rep."
2030-01-01,313073.4321,"Egypt, Arab Rep."
2021-01-01,6699.629548,El Salvador
2022-01-01,6941.459606,El Salvador
2023-01-01,7126.604846,El Salvador
2024-01-01,7254.850956,El Salvador
2025-01-01,6784.725191,El Salvador
2026-01-01,7026.555248,El Salvador
2027-01-01,7211.700488,El Salvador
2028-01-01,7339.946599,El Salvador
2029-01-01,6869.820834,El Salvador
2030-01-01,7111.650891,El Salvador
2021-01-01,8422.160635,Equatorial Guinea
2022-01-01,8756.862931,Equatorial Guinea
2023-01-01,9090.249041,Equatorial Guinea
2024-01-01,9422.047922,Equatorial Guinea
2025-01-01,8862.209944,Equatorial Guinea
2026-01-01,9196.91224,Equatorial Guinea
2027-01-01,9530.29835,Equatorial Guinea
2028-01-01,9862.097231,Equatorial Guinea
2029-01-01,9302.259253,Equatorial Guinea
2030-01-01,9636.961549,Equatorial Guinea
2021-01-01,686.3657064,Eritrea
2022-01-01,681.272268,Eritrea
2023-01-01,675.0824239,Eritrea
2024-01-01,667.8093029,Eritrea
2025-01-01,704.24044,Eritrea
2026-01-01,699.1470016,Eritrea
2027-01-01,692.9571575,Eritrea
2028-01-01,685.6840364,Eritrea
2029-01-01,722.1151735,Eritrea
2030-01-01,717.0217351,Eritrea
2021-01-01,16783.95922,Estonia
2022-01-01,17075.55878,Estonia
2023-01-01,17281.70306,Estonia
2024-01-01,17402.1446,Estonia
2025-01-01,16853.13948,Estonia
2026-01-01,17144.73904,Estonia
2027-01-01,17350.88332,Estonia
2028-01-01,17471.32486,Estonia
2029-01-01,16922.31974,Estonia
2030-01-01,17213.91931,Estonia
2021-01-01,1197.26586,Eswatini
2022-01-01,1158.713885,Eswatini
2023-01-01,1139.784299,Eswatini
2024-01-01,1140.507734,Eswatini
2025-01-01,1225.23945,Eswatini
2026-01-01,1186.687475,Eswatini
2027-01-01,1167.757888,Eswatini
2028-01-01,1168.481324,Eswatini
2029-01-01,1253.213039,Eswatini
2030-01-01,1214.661064,Eswatini
2021-01-01,16961.57407,Ethiopia
2022-01-01,17523.67973,Ethiopia
2023-01-01,18122.39635,Ethiopia
2024-01-01,18757.86971,Ethiopia
2025-01-01,19818.10181,Ethiopia
2026-01-01,20380.20747,Ethiopia
2027-01-01,20978.9241,Ethiopia
2028-01-01,21614.39745,Ethiopia
2029-01-01,22674.62955,Ethiopia
2030-01-01,23236.73522,Ethiopia
2021-01-01,2020474.917,Euro area
2022-01-01,1993587.346,Euro area
2023-01-01,1968080.383,Euro area
2024-01-01,1943935.483,Euro area
2025-01-01,1858646.499,Euro area
2026-01-01,1831758.929,Euro area
2027-01-01,1806251.966,Euro area
2028-01-01,1782107.065,Euro area
2029-01-01,1696818.081,Euro area
2030-01-01,1669930.511,Euro area
2021-01-01,5807906.777,Europe & Central Asia
2022-01-01,5800562.431,Europe & Central Asia
2023-01-01,5785824.583,Europe & Central Asia
2024-01-01,5763638.128,Europe & Central Asia
2025-01-01,5574357.683,Europe & Central Asia
2026-01-01,5567013.337,Europe & Central Asia
2027-01-01,5552275.49,Europe & Central Asia
2028-01-01,5530089.034,Europe & Central Asia
2029-01-01,5340808.59,Europe & Central Asia
2030-01-01,5333464.244,Europe & Central Asia
2021-01-01,3198887.093,Europe & Central Asia (IDA & IBRD countries)
2022-01-01,3239744.042,Europe & Central Asia (IDA & IBRD countries)
2023-01-01,3267980.851,Europe & Central Asia (IDA & IBRD countries)
2024-01-01,3283563.508,Europe & Central Asia (IDA & IBRD countries)
2025-01-01,3201977.633,Europe & Central Asia (IDA & IBRD countries)
2026-01-01,3242834.583,Europe & Central Asia (IDA & IBRD countries)
2027-01-01,3271071.392,Europe & Central Asia (IDA & IBRD countries)
2028-01-01,3286654.049,Europe & Central Asia (IDA & IBRD countries)
2029-01-01,3205068.174,Europe & Central Asia (IDA & IBRD countries)
2030-01-01,3245925.123,Europe & Central Asia (IDA & IBRD countries)
2021-01-01,2874325.627,Europe & Central Asia (excluding high income)
2022-01-01,2912431.276,Europe & Central Asia (excluding high income)
2023-01-01,2939364.348,Europe & Central Asia (excluding high income)
2024-01-01,2955091.465,Europe & Central Asia (excluding high income)
2025-01-01,2873402.597,Europe & Central Asia (excluding high income)
2026-01-01,2911508.246,Europe & Central Asia (excluding high income)
2027-01-01,2938441.319,Europe & Central Asia (excluding high income)
2028-01-01,2954168.435,Europe & Central Asia (excluding high income)
2029-01-01,2872479.568,Europe & Central Asia (excluding high income)
2030-01-01,2910585.217,Europe & Central Asia (excluding high income)
2021-01-01,2632729.032,European Union
2022-01-01,2610122.48,European Union
2023-01-01,2583812.066,European Union
2024-01-01,2553770.285,European Union
2025-01-01,2442927.684,European Union
2026-01-01,2420321.132,European Union
2027-01-01,2394010.717,European Union
2028-01-01,2363968.936,European Union
2029-01-01,2253126.335,European Union
2030-01-01,2230519.783,European Union
2021-01-01,1694.130964,Fiji
2022-01-01,1728.793731,Fiji
2023-01-01,1761.296266,Fiji
2024-01-01,1791.642851,Fiji
2025-01-01,1836.382788,Fiji
2026-01-01,1871.045555,Fiji
2027-01-01,1903.54809,Fiji
2028-01-01,1933.894675,Fiji
2029-01-01,1978.634612,Fiji
2030-01-01,2013.297379,Fiji
2021-01-01,35572.38794,Finland
2022-01-01,36678.96128,Finland
2023-01-01,36324.59423,Finland
2024-01-01,34507.89756,Finland
2025-01-01,29415.96271,Finland
2026-01-01,30522.53605,Finland
2027-01-01,30168.169,Finland
2028-01-01,28351.47233,Finland
2029-01-01,23259.53748,Finland
2030-01-01,24366.11082,Finland
2021-01-01,844827.2964,Fragile and conflict affected situations
2022-01-01,853644.551,Fragile and conflict affected situations
2023-01-01,863741.4725,Fragile and conflict affected situations
2024-01-01,875128.1118,Fragile and conflict affected situations
2025-01-01,908645.2137,Fragile and conflict affected situations
2026-01-01,917462.4683,Fragile and conflict affected situations
2027-01-01,927559.3897,Fragile and conflict affected situations
2028-01-01,938946.0291,Fragile and conflict affected situations
2029-01-01,972463.1309,Fragile and conflict affected situations
2030-01-01,981280.3855,Fragile and conflict affected situations
2021-01-01,290491.8458,France
2022-01-01,280882.5579,France
2023-01-01,275499.3072,France
2024-01-01,274342.398,France
2025-01-01,269898.8994,France
2026-01-01,260289.6116,France
2027-01-01,254906.3608,France
2028-01-01,253749.4516,France
2029-01-01,249305.953,France
2030-01-01,239696.6652,France
2021-01-01,5511.51027,Gabon
2022-01-01,5642.930013,Gabon
2023-01-01,5798.82757,Gabon
2024-01-01,5979.093119,Gabon
2025-01-01,5790.340617,Gabon
2026-01-01,5921.76036,Gabon
2027-01-01,6077.657917,Gabon
2028-01-01,6257.923466,Gabon
2029-01-01,6069.170963,Gabon
2030-01-01,6200.590707,Gabon
2021-01-01,617.9141927,"Gambia, The"
2022-01-01,633.5063909,"Gambia, The"
2023-01-01,648.7258246,"Gambia, The"
2024-01-01,663.5738765,"Gambia, The"
2025-01-01,683.2254168,"Gambia, The"
2026-01-01,698.817615,"Gambia, The"
2027-01-01,714.0370487,"Gambia, The"
2028-01-01,728.8851006,"Gambia, The"
2029-01-01,748.5366409,"Gambia, The"
2030-01-01,764.1288391,"Gambia, The"
2021-01-01,11306.78889,Georgia
2022-01-01,11641.34959,Georgia
2023-01-01,12011.39183,Georgia
2024-01-01,12416.97035,Georgia
2025-01-01,13050.59348,Georgia
2026-01-01,13385.15418,Georgia
2027-01-01,13755.19641,Georgia
2028-01-01,14160.77493,Georgia
2029-01-01,14794.39807,Georgia
2030-01-01,15128.95876,Georgia
2021-01-01,705489.3272,Germany
2022-01-01,699719.7962,Germany
2023-01-01,697070.6708,Germany
2024-01-01,697541.2594,Germany
2025-01-01,684136.7826,Germany
2026-01-01,678367.2516,Germany
2027-01-01,675718.1262,Germany
2028-01-01,676188.7148,Germany
2029-01-01,662784.238,Germany
2030-01-01,657014.707,Germany
2021-01-01,18310.25279,Ghana
2022-01-01,19002.0578,Ghana
2023-01-01,19538.77294,Ghana
2024-01-01,19920.5114,Ghana
2025-01-01,20843.32808,Ghana
2026-01-01,21535.13309,Ghana
2027-01-01,22071.84824,Ghana
2028-01-01,22453.58669,Ghana
2029-01-01,23376.40337,Ghana
2030-01-01,24068.20838,Ghana
2021-01-01,55965.78681,Greece
2022-01-01,54546.08329,Greece
2023-01-01,53139.71206,Greece
2024-01-01,51745.23857,Greece
2025-01-01,45881.88216,Greece
2026-01-01,44462.17865,Greece
2027-01-01,43055.80742,Greece
2028-01-01,41661.33393,Greece
2029-01-01,35797.97752,Greece
2030-01-01,34378.27401,Greece
2021-01-01,386.5805226,Grenada
2022-01-01,361.1069421,Grenada
2023-01-01,340.4228531,Grenada
2024-01-01,324.5576171,Grenada
2025-01-01,401.210977,Grenada
2026-01-01,375.7373964,Grenada
2027-01-01,355.0533074,Grenada
2028-01-01,339.1880714,Grenada
2029-01-01,415.8414313,Grenada
2030-01-01,390.3678508,Grenada
2021-01-01,17767.20652,Guatemala
2022-01-01,18257.59569,Guatemala
2023-01-01,18678.45497,Guatemala
2024-01-01,19029.7944,Guatemala
2025-01-01,19493.18173,Guatemala
2026-01-01,19983.5709,Guatemala
2027-01-01,20404.43018,Guatemala
2028-01-01,20755.76961,Guatemala
2029-01-01,21219.15694,Guatemala
2030-01-01,21709.54611,Guatemala
2021-01-01,3134.272301,Guinea
2022-01-01,3251.33081,Guinea
2023-01-01,3352.537971,Guinea
2024-01-01,3437.871042,Guinea
2025-01-01,3463.223881,Guinea
2026-01-01,3580.282391,Guinea
2027-01-01,3681.489551,Guinea
2028-01-01,3766.822623,Guinea
2029-01-01,3792.175461,Guinea
2030-01-01,3909.233971,Guinea
2021-01-01,330.2158402,Guinea-Bissau
2022-01-01,342.7153649,Guinea-Bissau
2023-01-01,353.9324204,Guinea-Bissau
2024-01-01,363.8628845,Guinea-Bissau
2025-01-01,363.7832274,Guinea-Bissau
2026-01-01,376.2827522,Guinea-Bissau
2027-01-01,387.4998076,Guinea-Bissau
2028-01-01,397.4302718,Guinea-Bissau
2029-01-01,397.3506147,Guinea-Bissau
2030-01-01,409.8501394,Guinea-Bissau
2021-01-01,2415.195755,Guyana
2022-01-01,2462.72689,Guyana
2023-01-01,2522.701889,Guyana
2024-01-01,2595.111191,Guyana
2025-01-01,2621.010098,Guyana
2026-01-01,2668.541233,Guyana
2027-01-01,2728.516232,Guyana
2028-01-01,2800.925534,Guyana
2029-01-01,2826.824441,Guyana
2030-01-01,2874.355576,Guyana
2021-01-01,3733.466669,Haiti
2022-01-01,3917.486944,Haiti
2023-01-01,4052.133531,Haiti
2024-01-01,4137.382383,Haiti
2025-01-01,4210.145427,Haiti
2026-01-01,4394.165702,Haiti
2027-01-01,4528.812289,Haiti
2028-01-01,4614.061142,Haiti
2029-01-01,4686.824185,Haiti
2030-01-01,4870.844461,Haiti
2021-01-01,236522.604,Heavily indebted poor countries (HIPC)
2022-01-01,246195.7037,Heavily indebted poor countries (HIPC)
2023-01-01,255133.433,Heavily indebted poor countries (HIPC)
2024-01-01,263321.315,Heavily indebted poor countries (HIPC)
2025-01-01,269671.275,Heavily indebted poor countries (HIPC)
2026-01-01,279344.3747,Heavily indebted poor countries (HIPC)
2027-01-01,288282.104,Heavily indebted poor countries (HIPC)
2028-01-01,296469.986,Heavily indebted poor countries (HIPC)
2029-01-01,302819.946,Heavily indebted poor countries (HIPC)
2030-01-01,312493.0458,Heavily indebted poor countries (HIPC)
2021-01-01,11915546.09,High income
2022-01-01,11923943.94,High income
2023-01-01,11878177.38,High income
2024-01-01,11778182.18,High income
2025-01-01,11577981.91,High income
2026-01-01,11586379.76,High income
2027-01-01,11540613.2,High income
2028-01-01,11440618,High income
2029-01-01,11240417.72,High income
2030-01-01,11248815.57,High income
2021-01-01,10353.44458,Honduras
2022-01-01,10847.87712,Honduras
2023-01-01,11279.89393,Honduras
2024-01-01,11649.20417,Honduras
2025-01-01,11178.30916,Honduras
2026-01-01,11672.74169,Honduras
2027-01-01,12104.7585,Honduras
2028-01-01,12474.06875,Honduras
2029-01-01,12003.17373,Honduras
2030-01-01,12497.60627,Honduras
2021-01-01,37939.22645,Hungary
2022-01-01,37489.24752,Hungary
2023-01-01,36817.29779,Hungary
2024-01-01,35923.01091,Hungary
2025-01-01,34065.81135,Hungary
2026-01-01,33615.83242,Hungary
2027-01-01,32943.88269,Hungary
2028-01-01,32049.59581,Hungary
2029-01-01,30192.39625,Hungary
2030-01-01,29742.41732,Hungary
2021-01-01,21433428.09,IBRD only
2022-01-01,21758190.16,IBRD only
2023-01-01,21977268.76,IBRD only
2024-01-01,22090665.89,IBRD only
2025-01-01,22404738.27,IBRD only
2026-01-01,22729500.34,IBRD only
2027-01-01,22948578.94,IBRD only
2028-01-01,23061976.07,IBRD only
2029-01-01,23376048.45,IBRD only
2030-01-01,23700810.52,IBRD only
2021-01-01,22445328.68,IDA & IBRD total
2022-01-01,22806213.6,IDA & IBRD total
2023-01-01,23058237.24,IDA & IBRD total
2024-01-01,23201410.68,IDA & IBRD total
2025-01-01,23556181.15,IDA & IBRD total
2026-01-01,23917066.06,IDA & IBRD total
2027-01-01,24169089.71,IDA & IBRD total
2028-01-01,24312263.15,IDA & IBRD total
2029-01-01,24667033.62,IDA & IBRD total
2030-01-01,25027918.53,IDA & IBRD total
2021-01-01,530017.9067,IDA blend
2022-01-01,548269.8634,IDA blend
2023-01-01,562751.3928,IDA blend
2024-01-01,573465.6775,IDA blend
2025-01-01,590416.3991,IDA blend
2026-01-01,608668.3558,IDA blend
2027-01-01,623149.8853,IDA blend
2028-01-01,633864.17,IDA blend
2029-01-01,650814.8916,IDA blend
2030-01-01,669066.8483,IDA blend
2021-01-01,459029.2611,IDA only
2022-01-01,477193.1018,IDA only
2023-01-01,494449.9231,IDA only
2024-01-01,510801.8298,IDA only
2025-01-01,531597.0689,IDA only
2026-01-01,549760.9097,IDA only
2027-01-01,567017.7309,IDA only
2028-01-01,583369.6377,IDA only
2029-01-01,604164.8768,IDA only
2030-01-01,622328.7176,IDA only
2021-01-01,991700.4663,IDA total
2022-01-01,1028495.614,IDA total
2023-01-01,1060519.124,IDA total
2024-01-01,1087776.818,IDA total
2025-01-01,1124192.738,IDA total
2026-01-01,1160987.885,IDA total
2027-01-01,1193011.396,IDA total
2028-01-01,1220269.09,IDA total
2029-01-01,1256685.009,IDA total
2030-01-01,1293480.156,IDA total
2021-01-01,1997.530322,Iceland
2022-01-01,1980.326264,Iceland
2023-01-01,1954.819681,Iceland
2024-01-01,1921.026148,Iceland
2025-01-01,1943.446635,Iceland
2026-01-01,1926.242577,Iceland
2027-01-01,1900.735994,Iceland
2028-01-01,1866.942462,Iceland
2029-01-01,1889.362948,Iceland
2030-01-01,1872.15889,Iceland
2021-01-01,2676228.766,India
2022-01-01,2769262.771,India
2023-01-01,2849337.877,India
2024-01-01,2916490.385,India
2025-01-01,3024583.319,India
2026-01-01,3117617.324,India
2027-01-01,3197692.43,India
2028-01-01,3264844.937,India
2029-01-01,3372937.872,India
2030-01-01,3465971.877,India
2021-01-01,588405.3464,Indonesia
2022-01-01,612997.5193,Indonesia
2023-01-01,630127.5763,Indonesia
2024-01-01,639792.6573,Indonesia
2025-01-01,648922.1999,Indonesia
2026-01-01,673514.3728,Indonesia
2027-01-01,690644.4298,Indonesia
2028-01-01,700309.5108,Indonesia
2029-01-01,709439.0533,Indonesia
2030-01-01,734031.2263,Indonesia
2021-01-01,653064.8182,"Iran, Islamic Rep."
2022-01-01,658856.8994,"Iran, Islamic Rep."
2023-01-01,663083.9663,"Iran, Islamic Rep."
2024-01-01,665752.5699,"Iran, Islamic Rep."
2025-01-01,682330.1128,"Iran, Islamic Rep."
2026-01-01,688122.194,"Iran, Islamic Rep."
2027-01-01,692349.2609,"Iran, Islamic Rep."
2028-01-01,695017.8645,"Iran, Islamic Rep."
2029-01-01,711595.4075,"Iran, Islamic Rep."
2030-01-01,717387.4886,"Iran, Islamic Rep."
2021-01-01,213542.9909,Iraq
2022-01-01,216476.7474,Iraq
2023-01-01,220108.4724,Iraq
2024-01-01,224443.0856,Iraq
2025-01-01,243589.0413,Iraq
2026-01-01,246522.7978,Iraq
2027-01-01,250154.5229,Iraq
2028-01-01,254489.136,Iraq
2029-01-01,273635.0918,Iraq
2030-01-01,276568.8483,Iraq
2021-01-01,33098.96388,Ireland
2022-01-01,32632.93966,Ireland
2023-01-01,32268.23999,Ireland
2024-01-01,32004.53119,Ireland
2025-01-01,30392.9284,Ireland
2026-01-01,29926.90418,Ireland
2027-01-01,29562.20451,Ireland
2028-01-01,29298.49571,Ireland
2029-01-01,27686.89291,Ireland
2030-01-01,27220.86869,Ireland
2021-01-01,61242.68656,Israel
2022-01-01,61449.25911,Israel
2023-01-01,61868.9077,Israel
2024-01-01,62500.29821,Israel
2025-01-01,58622.64539,Israel
2026-01-01,58829.21794,Israel
2027-01-01,59248.86653,Israel
2028-01-01,59880.25704,Israel
2029-01-01,56002.60422,Israel
2030-01-01,56209.17677,Israel
2021-01-01,278156.0333,Italy
2022-01-01,276424.2841,Italy
2023-01-01,273681.9655,Italy
2024-01-01,269920.1569,Italy
2025-01-01,238699.5702,Italy
2026-01-01,236967.821,Italy
2027-01-01,234225.5023,Italy
2028-01-01,230463.6938,Italy
2029-01-01,199243.1071,Italy
2030-01-01,197511.3578,Italy
2021-01-01,5946.326582,Jamaica
2022-01-01,5917.279119,Jamaica
2023-01-01,5786.315091,Jamaica
2024-01-01,5553.298994,Jamaica
2025-01-01,4965.878014,Jamaica
2026-01-01,4936.830551,Jamaica
2027-01-01,4805.866523,Jamaica
2028-01-01,4572.850426,Jamaica
2029-01-01,3985.429446,Jamaica
2030-01-01,3956.381983,Jamaica
2021-01-01,1151151.904,Japan
2022-01-01,1159754.107,Japan
2023-01-01,1167009.656,Japan
2024-01-01,1172903.981,Japan
2025-01-01,1142544.538,Japan
2026-01-01,1151146.741,Japan
2027-01-01,1158402.29,Japan
2028-01-01,1164296.615,Japan
2029-01-01,1133937.171,Japan
2030-01-01,1142539.374,Japan
2021-01-01,28039.90887,Jordan
2022-01-01,28448.67362,Jordan
2023-01-01,29027.92101,Jordan
2024-01-01,29777.61258,Jordan
2025-01-01,30304.81333,Jordan
2026-01-01,30713.57809,Jordan
2027-01-01,31292.82547,Jordan
2028-01-01,32042.51705,Jordan
2029-01-01,32569.7178,Jordan
2030-01-01,32978.48255,Jordan
2021-01-01,265776.1942,Kazakhstan
2022-01-01,275451.7883,Kazakhstan
2023-01-01,286705.1516,Kazakhstan
2024-01-01,299530.4482,Kazakhstan
2025-01-01,291961.313,Kazakhstan
2026-01-01,301636.9072,Kazakhstan
2027-01-01,312890.2704,Kazakhstan
2028-01-01,325715.567,Kazakhstan
2029-01-01,318146.4318,Kazakhstan
2030-01-01,327822.026,Kazakhstan
2021-01-01,21291.61701,Kenya
2022-01-01,21753.63288,Kenya
2023-01-01,22239.21807,Kenya
2024-01-01,22748.71226,Kenya
2025-01-01,24351.99353,Kenya
2026-01-01,24814.0094,Kenya
2027-01-01,25299.59459,Kenya
2028-01-01,25809.08878,Kenya
2029-01-01,27412.37005,Kenya
2030-01-01,27874.38592,Kenya
2021-01-01,80.68747506,Kiribati
2022-01-01,81.98232396,Kiribati
2023-01-01,83.61058675,Kiribati
2024-01-01,85.57250745,Kiribati
2025-01-01,87.92033521,Kiribati
2026-01-01,89.21518411,Kiribati
2027-01-01,90.84344689,Kiribati
2028-01-01,92.80536759,Kiribati
2029-01-01,95.15319535,Kiribati
2030-01-01,96.44804425,Kiribati
2021-01-01,4319.523388,"Korea, Dem. People's Rep."
2022-01-01,1544.611709,"Korea, Dem. People's Rep."
2023-01-01,-924.0904322,"Korea, Dem. People's Rep."
2024-01-01,-3088.265188,"Korea, Dem. People's Rep."
2025-01-01,-11405.8583,"Korea, Dem. People's Rep."
2026-01-01,-14180.76998,"Korea, Dem. People's Rep."
2027-01-01,-16649.47212,"Korea, Dem. People's Rep."
2028-01-01,-18813.64688,"Korea, Dem. People's Rep."
2029-01-01,-27131.23999,"Korea, Dem. People's Rep."
2030-01-01,-29906.15167,"Korea, Dem. People's Rep."
2021-01-01,674518.2001,"Korea, Rep."
2022-01-01,685954.1503,"Korea, Rep."
2023-01-01,698381.2828,"Korea, Rep."
2024-01-01,711797.1095,"Korea, Rep."
2025-01-01,719684.4313,"Korea, Rep."
2026-01-01,731120.3815,"Korea, Rep."
2027-01-01,743547.514,"Korea, Rep."
2028-01-01,756963.3407,"Korea, Rep."
2029-01-01,764850.6625,"Korea, Rep."
2030-01-01,776286.6127,"Korea, Rep."
2021-01-01,96200.72185,Kuwait
2022-01-01,96569.26129,Kuwait
2023-01-01,97820.89651,Kuwait
2024-01-01,99955.71641,Kuwait
2025-01-01,101872.7317,Kuwait
2026-01-01,102241.2711,Kuwait
2027-01-01,103492.9063,Kuwait
2028-01-01,105627.7262,Kuwait
2029-01-01,107544.7415,Kuwait
2030-01-01,107913.2809,Kuwait
2021-01-01,11530.89815,Kyrgyz Republic
2022-01-01,12181.24875,Kyrgyz Republic
2023-01-01,12867.08805,Kyrgyz Republic
2024-01-01,13588.04552,Kyrgyz Republic
2025-01-01,13074.01074,Kyrgyz Republic
2026-01-01,13724.36133,Kyrgyz Republic
2027-01-01,14410.20064,Kyrgyz Republic
2028-01-01,15131.15811,Kyrgyz Republic
2029-01-01,14617.12332,Kyrgyz Republic
2030-01-01,15267.47392,Kyrgyz Republic
2021-01-01,16285.4153,Lao PDR
2022-01-01,16766.73802,Lao PDR
2023-01-01,17283.62146,Lao PDR
2024-01-01,17836.55714,Lao PDR
2025-01-01,19960.51986,Lao PDR
2026-01-01,20441.84258,Lao PDR
2027-01-01,20958.72601,Lao PDR
2028-01-01,21511.6617,Lao PDR
2029-01-01,23635.62442,Lao PDR
2030-01-01,24116.94714,Lao PDR
2021-01-01,15143639.59,Late-demographic dividend
2022-01-01,15324195.94,Late-demographic dividend
2023-01-01,15426585.25,Late-demographic dividend
2024-01-01,15450795.46,Late-demographic dividend
2025-01-01,15638912.05,Late-demographic dividend
2026-01-01,15819468.41,Late-demographic dividend
2027-01-01,15921857.72,Late-demographic dividend
2028-01-01,15946067.92,Late-demographic dividend
2029-01-01,16134184.52,Late-demographic dividend
2030-01-01,16314740.87,Late-demographic dividend
2021-01-01,1637614.573,Latin America & Caribbean
2022-01-01,1615447.944,Latin America & Caribbean
2023-01-01,1599317.337,Latin America & Caribbean
2024-01-01,1589211.752,Latin America & Caribbean
2025-01-01,1554305.981,Latin America & Caribbean
2026-01-01,1532139.352,Latin America & Caribbean
2027-01-01,1516008.744,Latin America & Caribbean
2028-01-01,1505903.16,Latin America & Caribbean
2029-01-01,1470997.388,Latin America & Caribbean
2030-01-01,1448830.76,Latin America & Caribbean
2021-01-01,1398758.375,Latin America & Caribbean (excluding high income)
2022-01-01,1393965.826,Latin America & Caribbean (excluding high income)
2023-01-01,1391164.031,Latin America & Caribbean (excluding high income)
2024-01-01,1390341.374,Latin America & Caribbean (excluding high income)
2025-01-01,1369644.375,Latin America & Caribbean (excluding high income)
2026-01-01,1364851.826,Latin America & Caribbean (excluding high income)
2027-01-01,1362050.031,Latin America & Caribbean (excluding high income)
2028-01-01,1361227.374,Latin America & Caribbean (excluding high income)
2029-01-01,1340530.375,Latin America & Caribbean (excluding high income)
2030-01-01,1335737.826,Latin America & Caribbean (excluding high income)
2021-01-01,1586375.551,Latin America & the Caribbean (IDA & IBRD countries)
2022-01-01,1563975.149,Latin America & the Caribbean (IDA & IBRD countries)
2023-01-01,1547821.118,Latin America & the Caribbean (IDA & IBRD countries)
2024-01-01,1537904.141,Latin America & the Caribbean (IDA & IBRD countries)
2025-01-01,1506146.113,Latin America & the Caribbean (IDA & IBRD countries)
2026-01-01,1483745.712,Latin America & the Caribbean (IDA & IBRD countries)
2027-01-01,1467591.68,Latin America & the Caribbean (IDA & IBRD countries)
2028-01-01,1457674.704,Latin America & the Caribbean (IDA & IBRD countries)
2029-01-01,1425916.676,Latin America & the Caribbean (IDA & IBRD countries)
2030-01-01,1403516.274,Latin America & the Caribbean (IDA & IBRD countries)
2021-01-01,7012.216368,Latvia
2022-01-01,7195.195021,Latvia
2023-01-01,7197.240917,Latvia
2024-01-01,7018.301134,Latvia
2025-01-01,6806.456528,Latvia
2026-01-01,6989.435181,Latvia
2027-01-01,6991.481077,Latvia
2028-01-01,6812.541294,Latvia
2029-01-01,6600.696689,Latvia
2030-01-01,6783.675342,Latvia
2021-01-01,392568.2711,Least developed countries: UN classification
2022-01-01,407993.2611,Least developed countries: UN classification
2023-01-01,423994.1476,Least developed countries: UN classification
2024-01-01,440568.7191,Least developed countries: UN classification
2025-01-01,458663.1301,Least developed countries: UN classification
2026-01-01,474088.1202,Least developed countries: UN classification
2027-01-01,490089.0066,Least developed countries: UN classification
2028-01-01,506663.5782,Least developed countries: UN classification
2029-01-01,524757.9892,Least developed countries: UN classification
2030-01-01,540182.9792,Least developed countries: UN classification
2021-01-01,31043.27922,Lebanon
2022-01-01,31230.3963,Lebanon
2023-01-01,31813.38187,Lebanon
2024-01-01,32792.50463,Lebanon
2025-01-01,34252.3397,Lebanon
2026-01-01,34439.45678,Lebanon
2027-01-01,35022.44235,Lebanon
2028-01-01,36001.56511,Lebanon
2029-01-01,37461.40019,Lebanon
2030-01-01,37648.51727,Lebanon
2021-01-01,2622.024471,Lesotho
2022-01-01,2651.322471,Lesotho
2023-01-01,2678.288929,Lesotho
2024-01-01,2702.958427,Lesotho
2025-01-01,2794.120243,Lesotho
2026-01-01,2823.418244,Lesotho
2027-01-01,2850.384702,Lesotho
2028-01-01,2875.0542,Lesotho
2029-01-01,2966.216015,Lesotho
2030-01-01,2995.514016,Lesotho
2021-01-01,1472.247189,Liberia
2022-01-01,1547.415338,Liberia
2023-01-01,1616.271016,Liberia
2024-01-01,1678.80107,Liberia
2025-01-01,1702.408992,Liberia
2026-01-01,1777.57714,Liberia
2027-01-01,1846.432819,Liberia
2028-01-01,1908.962873,Liberia
2029-01-01,1932.570794,Liberia
2030-01-01,2007.738943,Liberia
2021-01-01,62045.58766,Libya
2022-01-01,61433.03154,Libya
2023-01-01,60945.43993,Libya
2024-01-01,60584.62793,Libya
2025-01-01,65418.09187,Libya
2026-01-01,64805.53575,Libya
2027-01-01,64317.94415,Libya
2028-01-01,63957.13215,Libya
2029-01-01,68790.59609,Libya
2030-01-01,68178.03997,Libya
2021-01-01,135.8479409,Liechtenstein
2022-01-01,128.1393941,Liechtenstein
2023-01-01,123.5816394,Liechtenstein
2024-01-01,122.1739864,Liechtenstein
2025-01-01,115.2077385,Liechtenstein
2026-01-01,107.4991917,Liechtenstein
2027-01-01,102.941437,Liechtenstein
2028-01-01,101.533784,Liechtenstein
2029-01-01,94.56753605,Liechtenstein
2030-01-01,86.8589893,Liechtenstein
2021-01-01,11156.48216,Lithuania
2022-01-01,11249.11656,Lithuania
2023-01-01,11326.55667,Lithuania
2024-01-01,11388.66485,Lithuania
2025-01-01,10982.48074,Lithuania
2026-01-01,11075.11513,Lithuania
2027-01-01,11152.55524,Lithuania
2028-01-01,11214.66343,Lithuania
2029-01-01,10808.47932,Lithuania
2030-01-01,10901.11371,Lithuania
2021-01-01,21921611.3,Low & middle income
2022-01-01,22286178.25,Low & middle income
2023-01-01,22541654.76,Low & middle income
2024-01-01,22688056.53,Low & middle income
2025-01-01,23039578.48,Low & middle income
2026-01-01,23404145.44,Low & middle income
2027-01-01,23659621.95,Low & middle income
2028-01-01,23806023.71,Low & middle income
2029-01-01,24157545.67,Low & middle income
2030-01-01,24522112.62,Low & middle income
2021-01-01,152371.8119,Low income
2022-01-01,152920.7546,Low income
2023-01-01,153559.9176,Low income
2024-01-01,154286.4271,Low income
2025-01-01,145172.0687,Low income
2026-01-01,145721.0113,Low income
2027-01-01,146360.1743,Low income
2028-01-01,147086.6839,Low income
2029-01-01,137972.3254,Low income
2030-01-01,138521.2681,Low income
2021-01-01,6026238.23,Lower middle income
2022-01-01,6228696.684,Lower middle income
2023-01-01,6400390.257,Lower middle income
2024-01-01,6541357.108,Lower middle income
2025-01-01,6711781.18,Lower middle income
2026-01-01,6914239.634,Lower middle income
2027-01-01,7085933.207,Lower middle income
2028-01-01,7226900.058,Lower middle income
2029-01-01,7397324.13,Lower middle income
2030-01-01,7599782.584,Lower middle income
2021-01-01,9044.194308,Luxembourg
2022-01-01,9109.510852,Luxembourg
2023-01-01,9167.673808,Luxembourg
2024-01-01,9218.504665,Luxembourg
2025-01-01,8669.722169,Luxembourg
2026-01-01,8735.038713,Luxembourg
2027-01-01,8793.201669,Luxembourg
2028-01-01,8844.032526,Luxembourg
2029-01-01,8295.25003,Luxembourg
2030-01-01,8360.566574,Luxembourg
2021-01-01,3872.006682,Madagascar
2022-01-01,3962.812883,Madagascar
2023-01-01,4082.639777,Madagascar
2024-01-01,4231.503952,Madagascar
2025-01-01,4418.779461,Madagascar
2026-01-01,4509.585662,Madagascar
2027-01-01,4629.412556,Madagascar
2028-01-01,4778.276731,Madagascar
2029-01-01,4965.55224,Madagascar
2030-01-01,5056.358441,Madagascar
2021-01-01,1549.564342,Malawi
2022-01-01,1552.164063,Malawi
2023-01-01,1575.362309,Malawi
2024-01-01,1619.175104,Malawi
2025-01-01,1695.778252,Malawi
2026-01-01,1698.377973,Malawi
2027-01-01,1721.576219,Malawi
2028-01-01,1765.389014,Malawi
2029-01-01,1841.992162,Malawi
2030-01-01,1844.591882,Malawi
2021-01-01,255686.1009,Malaysia
2022-01-01,265856.3524,Malaysia
2023-01-01,273738.8972,Malaysia
2024-01-01,279331.2459,Malaysia
2025-01-01,278412.9651,Malaysia
2026-01-01,288583.2165,Malaysia
2027-01-01,296465.7614,Malaysia
2028-01-01,302058.1101,Malaysia
2029-01-01,301139.8293,Malaysia
2030-01-01,311310.0807,Malaysia
2021-01-01,1946.111332,Maldives
2022-01-01,2017.187969,Maldives
2023-01-01,2092.91146,Maldives
2024-01-01,2173.287506,Maldives
2025-01-01,2254.293556,Maldives
2026-01-01,2325.370193,Maldives
2027-01-01,2401.093684,Maldives
2028-01-01,2481.46973,Maldives
2029-01-01,2562.47578,Maldives
2030-01-01,2633.552417,Maldives
2021-01-01,5438.361464,Mali
2022-01-01,5561.656671,Mali
2023-01-01,5692.148805,Mali
2024-01-01,5829.952053,Mali
2025-01-01,6323.036407,Mali
2026-01-01,6446.331614,Mali
2027-01-01,6576.823748,Mali
2028-01-01,6714.626996,Mali
2029-01-01,7207.71135,Mali
2030-01-01,7331.006557,Mali
2021-01-01,1565.948424,Malta
2022-01-01,1542.36962,Malta
2023-01-01,1515.481364,Malta
2024-01-01,1485.241278,Malta
2025-01-01,1318.797315,Malta
2026-01-01,1295.218511,Malta
2027-01-01,1268.330255,Malta
2028-01-01,1238.090169,Malta
2029-01-01,1071.646206,Malta
2030-01-01,1048.067402,Malta
2021-01-01,186.3917413,Marshall Islands
2022-01-01,188.3991374,Marshall Islands
2023-01-01,190.886261,Marshall Islands
2024-01-01,193.8549406,Marshall Islands
2025-01-01,200.9274153,Marshall Islands
2026-01-01,202.9348114,Marshall Islands
2027-01-01,205.421935,Marshall Islands
2028-01-01,208.3906146,Marshall Islands
2029-01-01,215.4630893,Marshall Islands
2030-01-01,217.4704854,Marshall Islands
2021-01-01,3903.917245,Mauritania
2022-01-01,4005.032017,Mauritania
2023-01-01,4094.998692,Mauritania
2024-01-01,4173.887322,Mauritania
2025-01-01,4491.952164,Mauritania
2026-01-01,4593.066936,Mauritania
2027-01-01,4683.033611,Mauritania
2028-01-01,4761.922241,Mauritania
2029-01-01,5079.987082,Mauritania
2030-01-01,5181.101855,Mauritania
2021-01-01,4432.471485,Mauritius
2022-01-01,4538.170662,Mauritius
2023-01-01,4607.729619,Mauritius
2024-01-01,4641.166015,Mauritius
2025-01-01,4742.001328,Mauritius
2026-01-01,4847.700505,Mauritius
2027-01-01,4917.259463,Mauritius
2028-01-01,4950.695859,Mauritius
2029-01-01,5051.531172,Mauritius
2030-01-01,5157.230349,Mauritius
2021-01-01,471296.5575,Mexico
2022-01-01,472970.1731,Mexico
2023-01-01,475940.9573,Mexico
2024-01-01,480200.0205,Mexico
2025-01-01,472383.6229,Mexico
2026-01-01,474057.2384,Mexico
2027-01-01,477028.0227,Mexico
2028-01-01,481287.0858,Mexico
2029-01-01,473470.6882,Mexico
2030-01-01,475144.3038,Mexico
2021-01-01,156.6344754,"Micronesia, Fed. Sts."
2022-01-01,154.9934621,"Micronesia, Fed. Sts."
2023-01-01,154.0465084,"Micronesia, Fed. Sts."
2024-01-01,153.7956557,"Micronesia, Fed. Sts."
2025-01-01,159.7282885,"Micronesia, Fed. Sts."
2026-01-01,158.0872752,"Micronesia, Fed. Sts."
2027-01-01,157.1403214,"Micronesia, Fed. Sts."
2028-01-01,156.8894688,"Micronesia, Fed. Sts."
2029-01-01,162.8221016,"Micronesia, Fed. Sts."
2030-01-01,161.1810883,"Micronesia, Fed. Sts."
2021-01-01,2626449.282,Middle East & North Africa
2022-01-01,2643280.946,Middle East & North Africa
2023-01-01,2667305.522,Middle East & North Africa
2024-01-01,2698594.907,Middle East & North Africa
2025-01-01,2727884.278,Middle East & North Africa
2026-01-01,2744715.942,Middle East & North Africa
2027-01-01,2768740.518,Middle East & North Africa
2028-01-01,2800029.903,Middle East & North Africa
2029-01-01,2829319.274,Middle East & North Africa
2030-01-01,2846150.938,Middle East & North Africa
2021-01-01,1535719.917,Middle East & North Africa (IDA & IBRD countries)
2022-01-01,1549180.771,Middle East & North Africa (IDA & IBRD countries)
2023-01-01,1563175.078,Middle East & North Africa (IDA & IBRD countries)
2024-01-01,1577743.805,Middle East & North Africa (IDA & IBRD countries)
2025-01-01,1628302.265,Middle East & North Africa (IDA & IBRD countries)
2026-01-01,1641763.119,Middle East & North Africa (IDA & IBRD countries)
2027-01-01,1655757.427,Middle East & North Africa (IDA & IBRD countries)
2028-01-01,1670326.153,Middle East & North Africa (IDA & IBRD countries)
2029-01-01,1720884.614,Middle East & North Africa (IDA & IBRD countries)
2030-01-01,1734345.468,Middle East & North Africa (IDA & IBRD countries)
2021-01-01,1546090.338,Middle East & North Africa (excluding high income)
2022-01-01,1559642.091,Middle East & North Africa (excluding high income)
2023-01-01,1573730.899,Middle East & North Africa (excluding high income)
2024-01-01,1588398.005,Middle East & North Africa (excluding high income)
2025-01-01,1639297.877,Middle East & North Africa (excluding high income)
2026-01-01,1652849.63,Middle East & North Africa (excluding high income)
2027-01-01,1666938.439,Middle East & North Africa (excluding high income)
2028-01-01,1681605.545,Middle East & North Africa (excluding high income)
2029-01-01,1732505.417,Middle East & North Africa (excluding high income)
2030-01-01,1746057.17,Middle East & North Africa (excluding high income)
2021-01-01,21803740.17,Middle income
2022-01-01,22176472.79,Middle income
2023-01-01,22440286.95,Middle income
2024-01-01,22595187.15,Middle income
2025-01-01,22956147.29,Middle income
2026-01-01,23328879.92,Middle income
2027-01-01,23592694.08,Middle income
2028-01-01,23747594.27,Middle income
2029-01-01,24108554.42,Middle income
2030-01-01,24481287.04,Middle income
2021-01-01,8149.688867,Moldova
2022-01-01,8412.199982,Moldova
2023-01-01,8582.795053,Moldova
2024-01-01,8661.313479,Moldova
2025-01-01,8310.940442,Moldova
2026-01-01,8573.451556,Moldova
2027-01-01,8744.046627,Moldova
2028-01-01,8822.565054,Moldova
2029-01-01,8472.192016,Moldova
2030-01-01,8734.703131,Moldova
2021-01-01,22989.2654,Mongolia
2022-01-01,23573.86814,Mongolia
2023-01-01,24064.18083,Mongolia
2024-01-01,24460.53938,Mongolia
2025-01-01,25858.527,Mongolia
2026-01-01,26443.12973,Mongolia
2027-01-01,26933.44243,Mongolia
2028-01-01,27329.80098,Mongolia
2029-01-01,28727.7886,Mongolia
2030-01-01,29312.39133,Mongolia
2021-01-01,3357.945519,Montenegro
2022-01-01,3498.379935,Montenegro
2023-01-01,3635.364195,Montenegro
2024-01-01,3768.899533,Montenegro
2025-01-01,3910.134355,Montenegro
2026-01-01,4050.568772,Montenegro
2027-01-01,4187.553031,Montenegro
2028-01-01,4321.08837,Montenegro
2029-01-01,4462.323192,Montenegro
2030-01-01,4602.757609,Montenegro
2021-01-01,71557.33748,Morocco
2022-01-01,72928.46285,Morocco
2023-01-01,74487.0337,Morocco
2024-01-01,76232.94245,Morocco
2025-01-01,77471.90954,Morocco
2026-01-01,78843.03492,Morocco
2027-01-01,80401.60576,Morocco
2028-01-01,82147.51452,Morocco
2029-01-01,83386.4816,Morocco
2030-01-01,84757.60698,Morocco
2021-01-01,6680.207585,Mozambique
2022-01-01,7008.039494,Mozambique
2023-01-01,7299.978117,Mozambique
2024-01-01,7556.030999,Mozambique
2025-01-01,7878.547981,Mozambique
2026-01-01,8206.37989,Mozambique
2027-01-01,8498.318513,Mozambique
2028-01-01,8754.371395,Mozambique
2029-01-01,9076.888376,Mozambique
2030-01-01,9404.720286,Mozambique
2021-01-01,28090.72234,Myanmar
2022-01-01,28278.0095,Myanmar
2023-01-01,28454.42428,Myanmar
2024-01-01,28621.12284,Myanmar
2025-01-01,32575.66852,Myanmar
2026-01-01,32762.95568,Myanmar
2027-01-01,32939.37046,Myanmar
2028-01-01,33106.06903,Myanmar
2029-01-01,37060.6147,Myanmar
2030-01-01,37247.90186,Myanmar
2021-01-01,4952.281526,Namibia
2022-01-01,5023.738041,Namibia
2023-01-01,5157.722582,Namibia
2024-01-01,5354.242567,Namibia
2025-01-01,5542.613732,Namibia
2026-01-01,5614.070247,Namibia
2027-01-01,5748.054788,Namibia
2028-01-01,5944.574773,Namibia
2029-01-01,6132.945938,Namibia
2030-01-01,6204.402453,Namibia
2021-01-01,51.37493958,Nauru
2022-01-01,46.87263304,Nauru
2023-01-01,42.49111566,Nauru
2024-01-01,38.23471861,Nauru
2025-01-01,47.9976043,Nauru
2026-01-01,43.49529775,Nauru
2027-01-01,39.11378037,Nauru
2028-01-01,34.85738332,Nauru
2029-01-01,44.62026901,Nauru
2030-01-01,40.11796247,Nauru
2021-01-01,11446.7966,Nepal
2022-01-01,11577.0038,Nepal
2023-01-01,11741.54631,Nepal
2024-01-01,11940.83242,Nepal
2025-01-01,13419.96997,Nepal
2026-01-01,13550.17717,Nepal
2027-01-01,13714.71968,Nepal
2028-01-01,13914.00579,Nepal
2029-01-01,15393.14333,Nepal
2030-01-01,15523.35054,Nepal
2021-01-01,148983.1357,Netherlands
2022-01-01,148257.9238,Netherlands
2023-01-01,148105.6048,Netherlands
2024-01-01,148524.9345,Netherlands
2025-01-01,144757.2952,Netherlands
2026-01-01,144032.0833,Netherlands
2027-01-01,143879.7643,Netherlands
2028-01-01,144299.094,Netherlands
2029-01-01,140531.4547,Netherlands
2030-01-01,139806.2427,Netherlands
2021-01-01,31502.33208,New Zealand
2022-01-01,31389.64609,New Zealand
2023-01-01,31409.31866,New Zealand
2024-01-01,31561.24131,New Zealand
2025-01-01,31218.77458,New Zealand
2026-01-01,31106.08859,New Zealand
2027-01-01,31125.76116,New Zealand
2028-01-01,31277.68381,New Zealand
2029-01-01,30935.21708,New Zealand
2030-01-01,30822.53108,New Zealand
2021-01-01,5459.228034,Nicaragua
2022-01-01,5688.963753,Nicaragua
2023-01-01,5875.172762,Nicaragua
2024-01-01,6017.70769,Nicaragua
2025-01-01,5838.860439,Nicaragua
2026-01-01,6068.596158,Nicaragua
2027-01-01,6254.805167,Nicaragua
2028-01-01,6397.340095,Nicaragua
2029-01-01,6218.492843,Nicaragua
2030-01-01,6448.228562,Nicaragua
2021-01-01,2554.195371,Niger
2022-01-01,2655.35956,Niger
2023-01-01,2754.074607,Niger
2024-01-01,2850.350912,Niger
2025-01-01,2977.415026,Niger
2026-01-01,3078.579215,Niger
2027-01-01,3177.294261,Niger
2028-01-01,3273.570567,Niger
2029-01-01,3400.63468,Niger
2030-01-01,3501.79887,Niger
2021-01-01,123238.3297,Nigeria
2022-01-01,125925.1047,Nigeria
2023-01-01,127378.7463,Nigeria
2024-01-01,127600.1991,Nigeria
2025-01-01,131683.5413,Nigeria
2026-01-01,134370.3163,Nigeria
2027-01-01,135823.9578,Nigeria
2028-01-01,136045.4106,Nigeria
2029-01-01,140128.7528,Nigeria
2030-01-01,142815.5279,Nigeria
2021-01-01,5162841.236,North America
2022-01-01,5175065.747,North America
2023-01-01,5125496.334,North America
2024-01-01,5014127.626,North America
2025-01-01,4926100.226,North America
2026-01-01,4938324.738,North America
2027-01-01,4888755.324,North America
2028-01-01,4777386.617,North America
2029-01-01,4689359.216,North America
2030-01-01,4701583.728,North America
2021-01-01,7318.916776,North Macedonia
2022-01-01,7305.443715,North Macedonia
2023-01-01,7310.939924,North Macedonia
2024-01-01,7335.247927,North Macedonia
2025-01-01,6894.850689,North Macedonia
2026-01-01,6881.377629,North Macedonia
2027-01-01,6886.873838,North Macedonia
2028-01-01,6911.18184,North Macedonia
2029-01-01,6470.784603,North Macedonia
2030-01-01,6457.311543,North Macedonia
2021-01-01,36263.75041,Norway
2022-01-01,36979.06362,Norway
2023-01-01,37037.29592,Norway
2024-01-01,36438.05288,Norway
2025-01-01,35439.74198,Norway
2026-01-01,36155.05519,Norway
2027-01-01,36213.28749,Norway
2028-01-01,35614.04445,Norway
2029-01-01,34615.73354,Norway
2030-01-01,35331.04676,Norway
2021-01-01,11422061.37,OECD members
2022-01-01,11418692.35,OECD members
2023-01-01,11357191.31,OECD members
2024-01-01,11237501.32,OECD members
2025-01-01,11022404.36,OECD members
2026-01-01,11019035.34,OECD members
2027-01-01,10957534.31,OECD members
2028-01-01,10837844.31,OECD members
2029-01-01,10622747.36,OECD members
2030-01-01,10619378.34,OECD members
2021-01-01,83626.04676,Oman
2022-01-01,87790.56085,Oman
2023-01-01,91184.53979,Oman
2024-01-01,93807.65935,Oman
2025-01-01,96324.75601,Oman
2026-01-01,100489.2701,Oman
2027-01-01,103883.249,Oman
2028-01-01,106506.3686,Oman
2029-01-01,109023.4653,Oman
2030-01-01,113187.9793,Oman
2021-01-01,207162.3981,Other small states
2022-01-01,211076.5048,Other small states
2023-01-01,214349.5171,Other small states
2024-01-01,216982.8591,Other small states
2025-01-01,220931.0487,Other small states
2026-01-01,224845.1555,Other small states
2027-01-01,228118.1677,Other small states
2028-01-01,230751.5098,Other small states
2029-01-01,234699.6994,Other small states
2030-01-01,238613.8061,Other small states
2021-01-01,3485.601823,Pacific island small states
2022-01-01,3530.269846,Pacific island small states
2023-01-01,3576.480618,Pacific island small states
2024-01-01,3624.258897,Pacific island small states
2025-01-01,3745.31663,Pacific island small states
2026-01-01,3789.984653,Pacific island small states
2027-01-01,3836.195426,Pacific island small states
2028-01-01,3883.973704,Pacific island small states
2029-01-01,4005.031437,Pacific island small states
2030-01-01,4049.699461,Pacific island small states
2021-01-01,205345.0804,Pakistan
2022-01-01,209869.6683,Pakistan
2023-01-01,214570.1202,Pakistan
2024-01-01,219447.2835,Pakistan
2025-01-01,226454.3639,Pakistan
2026-01-01,230978.9517,Pakistan
2027-01-01,235679.4036,Pakistan
2028-01-01,240556.567,Pakistan
2029-01-01,247563.6473,Pakistan
2030-01-01,252088.2351,Pakistan
2021-01-01,256.6569904,Palau
2022-01-01,255.2657506,Palau
2023-01-01,253.4551633,Palau
2024-01-01,251.2297752,Palau
2025-01-01,263.703068,Palau
2026-01-01,262.3118281,Palau
2027-01-01,260.5012409,Palau
2028-01-01,258.2758528,Palau
2029-01-01,270.7491455,Palau
2030-01-01,269.3579057,Palau
2021-01-01,12843.51319,Panama
2022-01-01,13088.7086,Panama
2023-01-01,13333.47465,Panama
2024-01-01,13577.94192,Panama
2025-01-01,14275.03466,Panama
2026-01-01,14520.23006,Panama
2027-01-01,14764.99612,Panama
2028-01-01,15009.46338,Panama
2029-01-01,15706.55612,Panama
2030-01-01,15951.75153,Panama
2021-01-01,7756.990285,Papua New Guinea
2022-01-01,7965.367724,Papua New Guinea
2023-01-01,8209.282219,Papua New Guinea
2024-01-01,8488.696255,Papua New Guinea
2025-01-01,8612.767272,Papua New Guinea
2026-01-01,8821.144711,Papua New Guinea
2027-01-01,9065.059205,Papua New Guinea
2028-01-01,9344.473241,Papua New Guinea
2029-01-01,9468.544258,Papua New Guinea
2030-01-01,9676.921697,Papua New Guinea
2021-01-01,8149.699205,Paraguay
2022-01-01,8364.387728,Paraguay
2023-01-01,8562.459418,Paraguay
2024-01-01,8743.993489,Paraguay
2025-01-01,9187.169447,Paraguay
2026-01-01,9401.85797,Paraguay
2027-01-01,9599.929659,Paraguay
2028-01-01,9781.463731,Paraguay
2029-01-01,10224.63969,Paraguay
2030-01-01,10439.32821,Paraguay
2021-01-01,64263.69163,Peru
2022-01-01,66344.76717,Peru
2023-01-01,68718.76904,Peru
2024-01-01,71385.2016,Peru
2025-01-01,72209.13652,Peru
2026-01-01,74290.21206,Peru
2027-01-01,76664.21393,Peru
2028-01-01,79330.64649,Peru
2029-01-01,80154.58141,Peru
2030-01-01,82235.65695,Peru
2021-01-01,138868.0385,Philippines
2022-01-01,140719.8087,Philippines
2023-01-01,142773.5859,Philippines
2024-01-01,145031.6539,Philippines
2025-01-01,154395.7876,Philippines
2026-01-01,156247.5578,Philippines
2027-01-01,158301.335,Philippines
2028-01-01,160559.403,Philippines
2029-01-01,169923.5368,Philippines
2030-01-01,171775.307,Philippines
2021-01-01,304587.1309,Poland
2022-01-01,306159.4151,Poland
2023-01-01,307168.1555,Poland
2024-01-01,307612.5793,Poland
2025-01-01,305797.3748,Poland
2026-01-01,307369.659,Poland
2027-01-01,308378.3994,Poland
2028-01-01,308822.8232,Poland
2029-01-01,307007.6187,Poland
2030-01-01,308579.903,Poland
2021-01-01,43881.7353,Portugal
2022-01-01,42040.37957,Portugal
2023-01-01,40431.90228,Portugal
2024-01-01,39057.0013,Portugal
2025-01-01,39694.7911,Portugal
2026-01-01,37853.43537,Portugal
2027-01-01,36244.95808,Portugal
2028-01-01,34870.05711,Portugal
2029-01-01,35507.84691,Portugal
2030-01-01,33666.49118,Portugal
2021-01-01,10269809.84,Post-demographic dividend
2022-01-01,10244409.09,Post-demographic dividend
2023-01-01,10154628.87,Post-demographic dividend
2024-01-01,10000415.84,Post-demographic dividend
2025-01-01,9751971.848,Post-demographic dividend
2026-01-01,9726571.094,Post-demographic dividend
2027-01-01,9636790.875,Post-demographic dividend
2028-01-01,9482577.846,Post-demographic dividend
2029-01-01,9234133.852,Post-demographic dividend
2030-01-01,9208733.098,Post-demographic dividend
2021-01-01,571314.4591,Pre-demographic dividend
2022-01-01,587453.923,Pre-demographic dividend
2023-01-01,602774.3216,Pre-demographic dividend
2024-01-01,617280.5707,Pre-demographic dividend
2025-01-01,644716.9368,Pre-demographic dividend
2026-01-01,660856.4008,Pre-demographic dividend
2027-01-01,676176.7993,Pre-demographic dividend
2028-01-01,690683.0484,Pre-demographic dividend
2029-01-01,718119.4146,Pre-demographic dividend
2030-01-01,734258.8785,Pre-demographic dividend
2021-01-01,102528.5781,Qatar
2022-01-01,106027.8048,Qatar
2023-01-01,109418.884,Qatar
2024-01-01,112701.9557,Qatar
2025-01-01,116297.1051,Qatar
2026-01-01,119796.3318,Qatar
2027-01-01,123187.411,Qatar
2028-01-01,126470.4827,Qatar
2029-01-01,130065.632,Qatar
2030-01-01,133564.8588,Qatar
2021-01-01,61204.78689,Romania
2022-01-01,61532.9271,Romania
2023-01-01,61434.4086,Romania
2024-01-01,60907.02005,Romania
2025-01-01,53833.71464,Romania
2026-01-01,54161.85485,Romania
2027-01-01,54063.33635,Romania
2028-01-01,53535.9478,Romania
2029-01-01,46462.64239,Romania
2030-01-01,46790.7826,Romania
2021-01-01,1555092.569,Russian Federation
2022-01-01,1577215.276,Russian Federation
2023-01-01,1586182.659,Russian Federation
2024-01-01,1581982.963,Russian Federation
2025-01-01,1545259.681,Russian Federation
2026-01-01,1567382.389,Russian Federation
2027-01-01,1576349.772,Russian Federation
2028-01-01,1572150.076,Russian Federation
2029-01-01,1535426.794,Russian Federation
2030-01-01,1557549.501,Russian Federation
2021-01-01,1109.914042,Rwanda
2022-01-01,1137.328369,Rwanda
2023-01-01,1168.130987,Rwanda
2024-01-01,1202.328183,Rwanda
2025-01-01,1254.067141,Rwanda
2026-01-01,1281.481468,Rwanda
2027-01-01,1312.284087,Rwanda
2028-01-01,1346.481283,Rwanda
2029-01-01,1398.220241,Rwanda
2030-01-01,1425.634568,Rwanda
2021-01-01,303.6649999,Samoa
2022-01-01,310.2544926,Samoa
2023-01-01,317.7769277,Samoa
2024-01-01,326.2332953,Samoa
2025-01-01,336.3659453,Samoa
2026-01-01,342.955438,Samoa
2027-01-01,350.4778731,Samoa
2028-01-01,358.9342407,Samoa
2029-01-01,369.0668907,Samoa
2030-01-01,375.6563834,Samoa
2021-01-01,152.0035643,Sao Tome and Principe
2022-01-01,156.5835978,Sao Tome and Principe
2023-01-01,161.4743346,Sao Tome and Principe
2024-01-01,166.6760298,Sao Tome and Principe
2025-01-01,171.2361845,Sao Tome and Principe
2026-01-01,175.8162181,Sao Tome and Principe
2027-01-01,180.7069549,Sao Tome and Principe
2028-01-01,185.90865,Sao Tome and Principe
2029-01-01,190.4688048,Sao Tome and Principe
2030-01-01,195.0488383,Sao Tome and Principe
2021-01-01,637468.8476,Saudi Arabia
2022-01-01,661371.7872,Saudi Arabia
2023-01-01,685991.711,Saudi Arabia
2024-01-01,711322.1639,Saudi Arabia
2025-01-01,717350.4707,Saudi Arabia
2026-01-01,741253.4103,Saudi Arabia
2027-01-01,765873.3341,Saudi Arabia
2028-01-01,791203.787,Saudi Arabia
2029-01-01,797232.0938,Saudi Arabia
2030-01-01,821135.0334,Saudi Arabia
2021-01-01,11073.22297,Senegal
2022-01-01,11409.44522,Senegal
2023-01-01,11807.58252,Senegal
2024-01-01,12267.56605,Senegal
2025-01-01,12507.85826,Senegal
2026-01-01,12844.0805,Senegal
2027-01-01,13242.21781,Senegal
2028-01-01,13702.20134,Senegal
2029-01-01,13942.49355,Senegal
2030-01-01,14278.71579,Senegal
2021-01-01,40983.69899,Serbia
2022-01-01,41594.87811,Serbia
2023-01-01,42309.73869,Serbia
2024-01-01,43126.69036,Serbia
2025-01-01,38920.63553,Serbia
2026-01-01,39531.81465,Serbia
2027-01-01,40246.67524,Serbia
2028-01-01,41063.6269,Serbia
2029-01-01,36857.57207,Serbia
2030-01-01,37468.75119,Serbia
2021-01-01,447.0654683,Seychelles
2022-01-01,443.7044063,Seychelles
2023-01-01,443.8466862,Seychelles
2024-01-01,447.4811874,Seychelles
2025-01-01,409.6495373,Seychelles
2026-01-01,406.2884753,Seychelles
2027-01-01,406.4307552,Seychelles
2028-01-01,410.0652564,Seychelles
2029-01-01,372.2336063,Seychelles
2030-01-01,368.8725443,Seychelles
2021-01-01,1183.457934,Sierra Leone
2022-01-01,1224.525161,Sierra Leone
2023-01-01,1260.571837,Sierra Leone
2024-01-01,1291.601947,Sierra Leone
2025-01-01,1338.504889,Sierra Leone
2026-01-01,1379.572117,Sierra Leone
2027-01-01,1415.618792,Sierra Leone
2028-01-01,1446.648902,Sierra Leone
2029-01-01,1493.551845,Sierra Leone
2030-01-01,1534.619072,Sierra Leone
2021-01-01,50063.82654,Singapore
2022-01-01,51099.66518,Singapore
2023-01-01,51952.98238,Singapore
2024-01-01,52623.70898,Singapore
2025-01-01,53293.35626,Singapore
2026-01-01,54329.19491,Singapore
2027-01-01,55182.51211,Singapore
2028-01-01,55853.2387,Singapore
2029-01-01,56522.88599,Singapore
2030-01-01,57558.72463,Singapore
2021-01-01,29804.80848,Slovak Republic
2022-01-01,29186.53549,Slovak Republic
2023-01-01,28549.8718,Slovak Republic
2024-01-01,27895.03844,Slovak Republic
2025-01-01,27903.27869,Slovak Republic
2026-01-01,27285.0057,Slovak Republic
2027-01-01,26648.34202,Slovak Republic
2028-01-01,25993.50866,Slovak Republic
2029-01-01,26001.74891,Slovak Republic
2030-01-01,25383.47592,Slovak Republic
2021-01-01,13337.98577,Slovenia
2022-01-01,13259.50165,Slovenia
2023-01-01,13289.89342,Slovenia
2024-01-01,13428.95733,Slovenia
2025-01-01,12762.45619,Slovenia
2026-01-01,12683.97207,Slovenia
2027-01-01,12714.36384,Slovenia
2028-01-01,12853.42775,Slovenia
2029-01-01,12186.92661,Slovenia
2030-01-01,12108.44249,Slovenia
2021-01-01,245352.0436,Small states
2022-01-01,247820.4723,Small states
2023-01-01,249427.0792,Small states
2024-01-01,250173.7213,Small states
2025-01-01,255917.5802,Small states
2026-01-01,258386.0088,Small states
2027-01-01,259992.6158,Small states
2028-01-01,260739.2579,Small states
2029-01-01,266483.1168,Small states
2030-01-01,268951.5454,Small states
2021-01-01,393.0572089,Solomon Islands
2022-01-01,394.1763352,Solomon Islands
2023-01-01,398.8694151,Solomon Islands
2024-01-01,407.1373843,Solomon Islands
2025-01-01,414.4400904,Solomon Islands
2026-01-01,415.5592168,Solomon Islands
2027-01-01,420.2522966,Solomon Islands
2028-01-01,428.5202659,Solomon Islands
2029-01-01,435.822972,Solomon Islands
2030-01-01,436.9420984,Solomon Islands
2021-01-01,689.0555627,Somalia
2022-01-01,708.3237204,Somalia
2023-01-01,718.9251124,Somalia
2024-01-01,720.8558823,Somalia
2025-01-01,716.4192796,Somalia
2026-01-01,735.6874373,Somalia
2027-01-01,746.2888294,Somalia
2028-01-01,748.2195992,Somalia
2029-01-01,743.7829965,Somalia
2030-01-01,763.0511542,Somalia
2021-01-01,448937.9529,South Africa
2022-01-01,450787.3963,South Africa
2023-01-01,455842.1571,South Africa
2024-01-01,464102.0169,South Africa
2025-01-01,461010.1414,South Africa
2026-01-01,462859.5848,South Africa
2027-01-01,467914.3456,South Africa
2028-01-01,476174.2054,South Africa
2029-01-01,473082.3299,South Africa
2030-01-01,474931.7733,South Africa
2021-01-01,3060860.874,South Asia
2022-01-01,3169416.609,South Asia
2023-01-01,3267475.32,South Asia
2024-01-01,3355078.413,South Asia
2025-01-01,3479181.341,South Asia
2026-01-01,3587737.076,South Asia
2027-01-01,3685795.786,South Asia
2028-01-01,3773398.879,South Asia
2029-01-01,3897501.807,South Asia
2030-01-01,4006057.542,South Asia
2021-01-01,3060860.874,South Asia (IDA & IBRD)
2022-01-01,3169416.609,South Asia (IDA & IBRD)
2023-01-01,3267475.32,South Asia (IDA & IBRD)
2024-01-01,3355078.413,South Asia (IDA & IBRD)
2025-01-01,3479181.341,South Asia (IDA & IBRD)
2026-01-01,3587737.076,South Asia (IDA & IBRD)
2027-01-01,3685795.786,South Asia (IDA & IBRD)
2028-01-01,3773398.879,South Asia (IDA & IBRD)
2029-01-01,3897501.807,South Asia (IDA & IBRD)
2030-01-01,4006057.542,South Asia (IDA & IBRD)
2021-01-01,2027.162664,South Sudan
2022-01-01,2167.952083,South Sudan
2023-01-01,2314.380949,South Sudan
2024-01-01,2466.423591,South Sudan
2025-01-01,2529.14839,South Sudan
2026-01-01,2669.937809,South Sudan
2027-01-01,2816.366676,South Sudan
2028-01-01,2968.409317,South Sudan
2029-01-01,3031.134117,South Sudan
2030-01-01,3171.923536,South Sudan
2021-01-01,219837.8336,Spain
2022-01-01,219524.2958,Spain
2023-01-01,218509.0037,Spain
2024-01-01,216786.1562,Spain
2025-01-01,197275.8884,Spain
2026-01-01,196962.3506,Spain
2027-01-01,195947.0586,Spain
2028-01-01,194224.211,Spain
2029-01-01,174713.9432,Spain
2030-01-01,174400.4055,Spain
2021-01-01,22699.54451,Sri Lanka
2022-01-01,23526.32537,Sri Lanka
2023-01-01,24411.45751,Sri Lanka
2024-01-01,25354.64719,Sri Lanka
2025-01-01,25338.57253,Sri Lanka
2026-01-01,26165.35339,Sri Lanka
2027-01-01,27050.48554,Sri Lanka
2028-01-01,27993.67522,Sri Lanka
2029-01-01,27977.60056,Sri Lanka
2030-01-01,28804.38142,Sri Lanka
2021-01-01,311.2654969,St. Kitts and Nevis
2022-01-01,294.1565841,St. Kitts and Nevis
2023-01-01,280.7163471,St. Kitts and Nevis
2024-01-01,270.9629072,St. Kitts and Nevis
2025-01-01,317.7050192,St. Kitts and Nevis
2026-01-01,300.5961064,St. Kitts and Nevis
2027-01-01,287.1558693,St. Kitts and Nevis
2028-01-01,277.4024295,St. Kitts and Nevis
2029-01-01,324.1445415,St. Kitts and Nevis
2030-01-01,307.0356287,St. Kitts and Nevis
2021-01-01,446.8261765,St. Lucia
2022-01-01,405.6949065,St. Lucia
2023-01-01,369.6510716,St. Lucia
2024-01-01,338.7356848,St. Lucia
2025-01-01,438.1266647,St. Lucia
2026-01-01,396.9953946,St. Lucia
2027-01-01,360.9515598,St. Lucia
2028-01-01,330.036173,St. Lucia
2029-01-01,429.4271529,St. Lucia
2030-01-01,388.2958828,St. Lucia
2021-01-01,375.1780588,St. Vincent and the Grenadines
2022-01-01,338.1218735,St. Vincent and the Grenadines
2023-01-01,305.5873326,St. Vincent and the Grenadines
2024-01-01,277.6166581,St. Vincent and the Grenadines
2025-01-01,384.3730355,St. Vincent and the Grenadines
2026-01-01,347.3168502,St. Vincent and the Grenadines
2027-01-01,314.7823093,St. Vincent and the Grenadines
2028-01-01,286.8116348,St. Vincent and the Grenadines
2029-01-01,393.5680123,St. Vincent and the Grenadines
2030-01-01,356.511827,St. Vincent and the Grenadines
2021-01-01,862105.8379,Sub-Saharan Africa
2022-01-01,877461.1911,Sub-Saharan Africa
2023-01-01,893230.7617,Sub-Saharan Africa
2024-01-01,909417.1454,Sub-Saharan Africa
2025-01-01,915576.8614,Sub-Saharan Africa
2026-01-01,930932.2147,Sub-Saharan Africa
2027-01-01,946701.7852,Sub-Saharan Africa
2028-01-01,962888.1689,Sub-Saharan Africa
2029-01-01,969047.885,Sub-Saharan Africa
2030-01-01,984403.2383,Sub-Saharan Africa
2021-01-01,862105.8379,Sub-Saharan Africa (IDA & IBRD countries)
2022-01-01,877461.1911,Sub-Saharan Africa (IDA & IBRD countries)
2023-01-01,893230.7617,Sub-Saharan Africa (IDA & IBRD countries)
2024-01-01,909417.1454,Sub-Saharan Africa (IDA & IBRD countries)
2025-01-01,915576.8614,Sub-Saharan Africa (IDA & IBRD countries)
2026-01-01,930932.2147,Sub-Saharan Africa (IDA & IBRD countries)
2027-01-01,946701.7852,Sub-Saharan Africa (IDA & IBRD countries)
2028-01-01,962888.1689,Sub-Saharan Africa (IDA & IBRD countries)
2029-01-01,969047.885,Sub-Saharan Africa (IDA & IBRD countries)
2030-01-01,984403.2383,Sub-Saharan Africa (IDA & IBRD countries)
2021-01-01,861081.2765,Sub-Saharan Africa (excluding high income)
2022-01-01,876432.9114,Sub-Saharan Africa (excluding high income)
2023-01-01,892118.6441,Sub-Saharan Africa (excluding high income)
2024-01-01,908141.0365,Sub-Saharan Africa (excluding high income)
2025-01-01,914208.386,Sub-Saharan Africa (excluding high income)
2026-01-01,929560.0209,Sub-Saharan Africa (excluding high income)
2027-01-01,945245.7536,Sub-Saharan Africa (excluding high income)
2028-01-01,961268.1459,Sub-Saharan Africa (excluding high income)
2029-01-01,967335.4955,Sub-Saharan Africa (excluding high income)
2030-01-01,982687.1304,Sub-Saharan Africa (excluding high income)
2021-01-01,22754.32659,Sudan
2022-01-01,23770.35472,Sudan
2023-01-01,24782.89125,Sudan
2024-01-01,25791.67622,Sudan
2025-01-01,25936.48614,Sudan
2026-01-01,26952.51427,Sudan
2027-01-01,27965.0508,Sudan
2028-01-01,28973.83577,Sudan
2029-01-01,29118.6457,Sudan
2030-01-01,30134.67382,Sudan
2021-01-01,2711.838069,Suriname
2022-01-01,2794.757393,Suriname
2023-01-01,2881.906315,Suriname
2024-01-01,2973.271014,Suriname
2025-01-01,3019.05854,Suriname
2026-01-01,3101.977863,Suriname
2027-01-01,3189.126785,Suriname
2028-01-01,3280.491484,Suriname
2029-01-01,3326.27901,Suriname
2030-01-01,3409.198333,Suriname
2021-01-01,31722.1278,Sweden
2022-01-01,31683.39034,Sweden
2023-01-01,31014.38224,Sweden
2024-01-01,29714.62776,Sweden
2025-01-01,27282.95211,Sweden
2026-01-01,27244.21465,Sweden
2027-01-01,26575.20654,Sweden
2028-01-01,25275.45206,Sweden
2029-01-01,22843.77641,Sweden
2030-01-01,22805.03896,Sweden
2021-01-01,36236.40147,Switzerland
2022-01-01,34553.49172,Switzerland
2023-01-01,33688.5432,Switzerland
2024-01-01,33642.03148,Switzerland
2025-01-01,33315.3899,Switzerland
2026-01-01,31632.48016,Switzerland
2027-01-01,30767.53164,Switzerland
2028-01-01,30721.01991,Switzerland
2029-01-01,30394.37833,Switzerland
2030-01-01,28711.46859,Switzerland
2021-01-01,25911.59142,Syrian Arab Republic
2022-01-01,25827.39162,Syrian Arab Republic
2023-01-01,25676.80107,Syrian Arab Republic
2024-01-01,25458.24126,Syrian Arab Republic
2025-01-01,20126.79893,Syrian Arab Republic
2026-01-01,20042.59913,Syrian Arab Republic
2027-01-01,19892.00858,Syrian Arab Republic
2028-01-01,19673.44877,Syrian Arab Republic
2029-01-01,14342.00644,Syrian Arab Republic
2030-01-01,14257.80664,Syrian Arab Republic
2021-01-01,6397.463033,Tajikistan
2022-01-01,6644.207955,Tajikistan
2023-01-01,6884.902107,Tajikistan
2024-01-01,7119.562755,Tajikistan
2025-01-01,7404.479847,Tajikistan
2026-01-01,7651.224769,Tajikistan
2027-01-01,7891.918921,Tajikistan
2028-01-01,8126.579569,Tajikistan
2029-01-01,8411.49666,Tajikistan
2030-01-01,8658.241583,Tajikistan
2021-01-01,13902.50475,Tanzania
2022-01-01,14447.64226,Tanzania
2023-01-01,15030.50183,Tanzania
2024-01-01,15651.03545,Tanzania
2025-01-01,16095.60963,Tanzania
2026-01-01,16640.74714,Tanzania
2027-01-01,17223.60671,Tanzania
2028-01-01,17844.14033,Tanzania
2029-01-01,18288.71451,Tanzania
2030-01-01,18833.85202,Tanzania
2021-01-01,274647.5998,Thailand
2022-01-01,277166.7274,Thailand
2023-01-01,281527.3678,Thailand
2024-01-01,287727.8351,Thailand
2025-01-01,286208.5349,Thailand
2026-01-01,288727.6626,Thailand
2027-01-01,293088.303,Thailand
2028-01-01,299288.7703,Thailand
2029-01-01,297769.4701,Thailand
2030-01-01,300288.5977,Thailand
2021-01-01,726.3959417,Timor-Leste
2022-01-01,765.7659464,Timor-Leste
2023-01-01,804.0645459,Timor-Leste
2024-01-01,841.2879928,Timor-Leste
2025-01-01,866.5474267,Timor-Leste
2026-01-01,905.9174314,Timor-Leste
2027-01-01,944.2160309,Timor-Leste
2028-01-01,981.4394778,Timor-Leste
2029-01-01,1006.698912,Timor-Leste
2030-01-01,1046.068916,Timor-Leste
2021-01-01,2397.574352,Togo
2022-01-01,2448.133806,Togo
2023-01-01,2501.884186,Togo
2024-01-01,2558.811747,Togo
2025-01-01,2569.435566,Togo
2026-01-01,2619.99502,Togo
2027-01-01,2673.7454,Togo
2028-01-01,2730.672961,Togo
2029-01-01,2741.29678,Togo
2030-01-01,2791.856233,Togo
2021-01-01,162.5293568,Tonga
2022-01-01,160.9180011,Tonga
2023-01-01,159.926346,Tonga
2024-01-01,159.5586862,Tonga
2025-01-01,172.2709836,Tonga
2026-01-01,170.6596278,Tonga
2027-01-01,169.6679727,Tonga
2028-01-01,169.3003129,Tonga
2029-01-01,182.0126103,Tonga
2030-01-01,180.4012546,Tonga
2021-01-01,22001.17048,Trinidad and Tobago
2022-01-01,22387.54213,Trinidad and Tobago
2023-01-01,22640.86572,Trinidad and Tobago
2024-01-01,22761.07624,Trinidad and Tobago
2025-01-01,22819.24802,Trinidad and Tobago
2026-01-01,23205.61966,Trinidad and Tobago
2027-01-01,23458.94325,Trinidad and Tobago
2028-01-01,23579.15377,Trinidad and Tobago
2029-01-01,23637.32555,Trinidad and Tobago
2030-01-01,24023.6972,Trinidad and Tobago
2021-01-01,31813.37167,Tunisia
2022-01-01,32632.25294,Tunisia
2023-01-01,33118.74659,Tunisia
2024-01-01,33273.09208,Tunisia
2025-01-01,33953.5931,Tunisia
2026-01-01,34772.47436,Tunisia
2027-01-01,35258.96801,Tunisia
2028-01-01,35413.3135,Tunisia
2029-01-01,36093.81452,Tunisia
2030-01-01,36912.69578,Tunisia
2021-01-01,437514.4525,Turkey
2022-01-01,451394.1906,Turkey
2023-01-01,464108.4087,Turkey
2024-01-01,475656.115,Turkey
2025-01-01,486453.751,Turkey
2026-01-01,500333.4892,Turkey
2027-01-01,513047.7072,Turkey
2028-01-01,524595.4136,Turkey
2029-01-01,535393.0496,Turkey
2030-01-01,549272.7878,Turkey
2021-01-01,80656.574,Turkmenistan
2022-01-01,84235.32286,Turkmenistan
2023-01-01,87635.4234,Turkmenistan
2024-01-01,90854.97895,Turkmenistan
2025-01-01,89194.37262,Turkmenistan
2026-01-01,92773.12148,Turkmenistan
2027-01-01,96173.22202,Turkmenistan
2028-01-01,99392.77757,Turkmenistan
2029-01-01,97732.17124,Turkmenistan
2030-01-01,101310.9201,Turkmenistan
2021-01-01,10,Tuvalu
2022-01-01,10,Tuvalu
2023-01-01,10,Tuvalu
2024-01-01,10,Tuvalu
2025-01-01,10,Tuvalu
2026-01-01,10,Tuvalu
2027-01-01,10,Tuvalu
2028-01-01,10,Tuvalu
2029-01-01,10,Tuvalu
2030-01-01,10,Tuvalu
2021-01-01,6847.148537,Uganda
2022-01-01,7143.018893,Uganda
2023-01-01,7397.044397,Uganda
2024-01-01,7609.27313,Uganda
2025-01-01,7983.990132,Uganda
2026-01-01,8279.860488,Uganda
2027-01-01,8533.885992,Uganda
2028-01-01,8746.114725,Uganda
2029-01-01,9120.831728,Uganda
2030-01-01,9416.702084,Uganda
2021-01-01,161429.8062,Ukraine
2022-01-01,162408.851,Ukraine
2023-01-01,161851.3868,Ukraine
2024-01-01,159748.0676,Ukraine
2025-01-01,128856.1338,Ukraine
2026-01-01,129835.1786,Ukraine
2027-01-01,129277.7144,Ukraine
2028-01-01,127174.3951,Ukraine
2029-01-01,96282.46138,Ukraine
2030-01-01,97261.50615,Ukraine
2021-01-01,231380.6706,United Arab Emirates
2022-01-01,233523.3003,United Arab Emirates
2023-01-01,239952.215,United Arab Emirates
2024-01-01,250666.5763,United Arab Emirates
2025-01-01,256316.9716,United Arab Emirates
2026-01-01,258459.6013,United Arab Emirates
2027-01-01,264888.5159,United Arab Emirates
2028-01-01,275602.8773,United Arab Emirates
2029-01-01,281253.2725,United Arab Emirates
2030-01-01,283395.9022,United Arab Emirates
2021-01-01,315284.2628,United Kingdom
2022-01-01,301291.7656,United Kingdom
2023-01-01,289470.453,United Kingdom
2024-01-01,279818.5231,United Kingdom
2025-01-01,258039.7459,United Kingdom
2026-01-01,244047.2487,United Kingdom
2027-01-01,232225.9361,United Kingdom
2028-01-01,222574.0061,United Kingdom
2029-01-01,200795.2289,United Kingdom
2030-01-01,186802.7317,United Kingdom
2021-01-01,4601617.308,United States
2022-01-01,4603013.371,United States
2023-01-01,4549990.618,United States
2024-01-01,4442547.958,United States
2025-01-01,4359338.768,United States
2026-01-01,4360734.832,United States
2027-01-01,4307712.079,United States
2028-01-01,4200269.418,United States
2029-01-01,4117060.229,United States
2030-01-01,4118456.293,United States
2021-01-01,15782738.81,Upper middle income
2022-01-01,15953706.22,Upper middle income
2023-01-01,16049906.2,Upper middle income
2024-01-01,16071327.81,Upper middle income
2025-01-01,16248829.94,Upper middle income
2026-01-01,16419797.35,Upper middle income
2027-01-01,16515997.32,Upper middle income
2028-01-01,16537418.93,Upper middle income
2029-01-01,16714921.06,Upper middle income
2030-01-01,16885888.47,Upper middle income
2021-01-01,7484.126617,Uruguay
2022-01-01,7729.130066,Uruguay
2023-01-01,8054.433354,Uruguay
2024-01-01,8459.784756,Uruguay
2025-01-01,7961.583698,Uruguay
2026-01-01,8206.587147,Uruguay
2027-01-01,8531.890435,Uruguay
2028-01-01,8937.241837,Uruguay
2029-01-01,8439.040778,Uruguay
2030-01-01,8684.044227,Uruguay
2021-01-01,104477.1064,Uzbekistan
2022-01-01,104432.66,Uzbekistan
2023-01-01,103743.7706,Uzbekistan
2024-01-01,102410.3874,Uzbekistan
2025-01-01,100649.467,Uzbekistan
2026-01-01,100605.0206,Uzbekistan
2027-01-01,99916.13125,Uzbekistan
2028-01-01,98582.74799,Uzbekistan
2029-01-01,96821.82755,Uzbekistan
2030-01-01,96777.38115,Uzbekistan
2021-01-01,190.7851004,Vanuatu
2022-01-01,197.1930585,Vanuatu
2023-01-01,202.6827763,Vanuatu
2024-01-01,207.2551709,Vanuatu
2025-01-01,215.779087,Vanuatu
2026-01-01,222.187045,Vanuatu
2027-01-01,227.6767629,Vanuatu
2028-01-01,232.2491575,Vanuatu
2029-01-01,240.7730735,Vanuatu
2030-01-01,247.1810316,Vanuatu
2021-01-01,175804.2245,"Venezuela, RB"
2022-01-01,177701.8634,"Venezuela, RB"
2023-01-01,180048.3405,"Venezuela, RB"
2024-01-01,182842.5765,"Venezuela, RB"
2025-01-01,181717.4634,"Venezuela, RB"
2026-01-01,183615.1022,"Venezuela, RB"
2027-01-01,185961.5793,"Venezuela, RB"
2028-01-01,188755.8153,"Venezuela, RB"
2029-01-01,187630.7022,"Venezuela, RB"
2030-01-01,189528.341,"Venezuela, RB"
2021-01-01,263329.848,Vietnam
2022-01-01,275962.0879,Vietnam
2023-01-01,287014.4074,Vietnam
2024-01-01,296486.8698,Vietnam
2025-01-01,307000.3378,Vietnam
2026-01-01,319632.5777,Vietnam
2027-01-01,330684.8972,Vietnam
2028-01-01,340157.3596,Vietnam
2029-01-01,350670.8276,Vietnam
2030-01-01,363303.0675,Vietnam
2021-01-01,34435372.39,World
2022-01-01,34841920.34,World
2023-01-01,35095392.43,World
2024-01-01,35195734.4,World
2025-01-01,35384868.05,World
2026-01-01,35791416,World
2027-01-01,36044888.09,World
2028-01-01,36145230.06,World
2029-01-01,36334363.71,World
2030-01-01,36740911.66,World
2021-01-01,16822.6615,"Yemen, Rep."
2022-01-01,16135.25024,"Yemen, Rep."
2023-01-01,15430.55674,"Yemen, Rep."
2024-01-01,14709.18221,"Yemen, Rep."
2025-01-01,15974.54337,"Yemen, Rep."
2026-01-01,15287.13212,"Yemen, Rep."
2027-01-01,14582.43861,"Yemen, Rep."
2028-01-01,13861.06409,"Yemen, Rep."
2029-01-01,15126.42525,"Yemen, Rep."
2030-01-01,14439.01399,"Yemen, Rep."
2021-01-01,7384.475136,Zambia
2022-01-01,7522.808018,Zambia
2023-01-01,7667.455757,Zambia
2024-01-01,7818.631718,Zambia
2025-01-01,8648.051403,Zambia
2026-01-01,8786.384285,Zambia
2027-01-01,8931.032023,Zambia
2028-01-01,9082.207985,Zambia
2029-01-01,9911.62767,Zambia
2030-01-01,10049.96055,Zambia
2021-01-01,11673.04067,Zimbabwe
2022-01-01,11506.74763,Zimbabwe
2023-01-01,11265.2135,Zimbabwe
2024-01-01,10948.78117,Zimbabwe
2025-01-01,11830.84867,Zimbabwe
2026-01-01,11664.55563,Zimbabwe
2027-01-01,11423.0215,Zimbabwe
2028-01-01,11106.58917,Zimbabwe
2029-01-01,11988.65667,Zimbabwe
2030-01-01,11822.36363,Zimbabwe