,Deforestation Rate,Time,Country Name
0,169.89133,2003,Afghanistan
1,279.67593,2004,Afghanistan
2,420.81476,2005,Afghanistan
3,-37.823074,2006,Afghanistan
4,20.54419,2007,Afghanistan
5,237.22527,2008,Afghanistan
6,179.06792,2009,Afghanistan
7,-100.51638,2010,Afghanistan
8,-130.55379,2011,Afghanistan
9,248.04144,2012,Afghanistan
10,-98.208496,2013,Afghanistan
11,54.400814,2014,Afghanistan
12,51.77071,2018,Afghanistan
13,3624.2803,2001,Albania
14,1112.5391,2002,Albania
15,185.08699,2003,Albania
16,3243.633,2004,Albania
17,1057.7721,2005,Albania
18,944.0129,2006,Albania
19,5145.3223,2007,Albania
20,5436.966,2008,Albania
21,1338.7367,2009,Albania
22,578.15076,2010,Albania
23,1262.8114,2011,Albania
24,5314.346,2012,Albania
25,2686.661,2013,Albania
26,885.6682,2014,Albania
27,24.02332,2015,Albania
28,1185.2246,2016,Albania
29,1563.2781,2017,Albania
30,2142.0774,2018,Albania
31,147796.16,2001,Argentina
32,105001.55,2002,Argentina
33,249615.55,2003,Argentina
34,432996.8,2004,Argentina
35,366956.38,2005,Argentina
36,316839.28,2006,Argentina
37,425377.4,2007,Argentina
38,592218.44,2008,Argentina
39,309744.94,2009,Argentina
40,413395.2,2010,Argentina
41,499191.66,2011,Argentina
42,478394.3,2012,Argentina
43,376875.56,2013,Argentina
44,240603.88,2014,Argentina
45,180666.1,2015,Argentina
46,230199.66,2016,Argentina
47,233294.62,2017,Argentina
48,173231.42,2018,Argentina
49,218684.64,2001,Australia
50,312276.12,2002,Australia
51,373558.8,2003,Australia
52,124857.41,2004,Australia
53,177365.39,2005,Australia
54,186159.62,2006,Australia
55,372514.1,2007,Australia
56,205662.73,2008,Australia
57,203957.12,2009,Australia
58,290449.47,2010,Australia
59,121606.42,2011,Australia
60,139511.64,2012,Australia
61,260615.58,2013,Australia
62,281396.44,2014,Australia
63,261302.67,2015,Australia
64,431084.28,2016,Australia
65,236732.7,2017,Australia
66,250928.88,2018,Australia
67,6949.991,2001,Austria
68,11130.241,2002,Austria
69,14002.829,2003,Austria
70,14437.286,2004,Austria
71,21543.135,2005,Austria
72,13303.595,2006,Austria
73,30929.92,2007,Austria
74,26989.074,2008,Austria
75,15902.484,2009,Austria
76,16621.77,2010,Austria
77,18200.637,2011,Austria
78,11126.398,2012,Austria
79,8033.609,2013,Austria
80,9653.197,2014,Austria
81,8116.7817,2015,Austria
82,16972.12,2016,Austria
83,18238.75,2017,Austria
84,26443.627,2018,Austria
85,4349.2905,2001,Bangladesh
86,3877.941,2002,Bangladesh
87,2446.5242,2003,Bangladesh
88,4301.709,2004,Bangladesh
89,3622.0525,2005,Bangladesh
90,6557.831,2006,Bangladesh
91,4013.5884,2007,Bangladesh
92,5041.7305,2008,Bangladesh
93,5345.9604,2009,Bangladesh
94,4411.55,2010,Bangladesh
95,4594.3647,2011,Bangladesh
96,4995.785,2012,Bangladesh
97,6066.9927,2013,Bangladesh
98,12184.094,2014,Bangladesh
99,12244.308,2015,Bangladesh
100,21817.049,2016,Bangladesh
101,28007.586,2017,Bangladesh
102,19318.445,2018,Bangladesh
103,2746580.0,2001,Brazil
104,3506827.2,2002,Brazil
105,3248501.0,2003,Brazil
106,3849013.5,2004,Brazil
107,3486050.2,2005,Brazil
108,2877099.8,2006,Brazil
109,2621691.8,2007,Brazil
110,2444273.5,2008,Brazil
111,1817986.9,2009,Brazil
112,2688878.2,2010,Brazil
113,1923487.1,2011,Brazil
114,2918632.0,2012,Brazil
115,1945601.4,2013,Brazil
116,2692846.2,2014,Brazil
117,2223357.0,2015,Brazil
118,5377766.0,2016,Brazil
119,4519978.5,2017,Brazil
120,2948823.2,2018,Brazil
121,7848.7456,2001,Bulgaria
122,5073.9917,2002,Bulgaria
123,4928.2764,2003,Bulgaria
124,8201.229,2004,Bulgaria
125,6627.4087,2005,Bulgaria
126,5238.419,2006,Bulgaria
127,9512.089,2007,Bulgaria
128,6372.2285,2008,Bulgaria
129,6101.95,2009,Bulgaria
130,4132.9478,2010,Bulgaria
131,3307.9004,2011,Bulgaria
132,9559.839,2012,Bulgaria
133,3858.5847,2013,Bulgaria
134,6382.7666,2014,Bulgaria
135,7322.1963,2015,Bulgaria
136,7607.9053,2016,Bulgaria
137,7732.7305,2017,Bulgaria
138,9727.145,2018,Bulgaria
139,1358652.4,2001,Canada
140,2316172.0,2002,Canada
141,1607669.1,2003,Canada
142,2706639.0,2004,Canada
143,2920270.0,2005,Canada
144,2406372.2,2006,Canada
145,2118037.2,2007,Canada
146,1949078.6,2008,Canada
147,1550436.6,2009,Canada
148,2104324.2,2010,Canada
149,2161175.0,2011,Canada
150,2545338.2,2012,Canada
151,2807288.5,2013,Canada
152,2643705.0,2014,Canada
153,2733182.0,2015,Canada
154,2084765.4,2016,Canada
155,2559651.2,2017,Canada
156,2142813.0,2018,Canada
157,73033.72,2001,Chile
158,78084.54,2002,Chile
159,82445.984,2003,Chile
160,85654.07,2004,Chile
161,107391.09,2005,Chile
162,91819.73,2006,Chile
163,121681.72,2007,Chile
164,122427.46,2008,Chile
165,88847.99,2009,Chile
166,91671.73,2010,Chile
167,99549.72,2011,Chile
168,174395.0,2012,Chile
169,102747.45,2013,Chile
170,119382.05,2014,Chile
171,105936.84,2015,Chile
172,114058.52,2016,Chile
173,214374.0,2017,Chile
174,77275.34,2018,Chile
175,230414.38,2001,China
176,248968.98,2002,China
177,262057.98,2003,China
178,501327.06,2004,China
179,384112.97,2005,China
180,574832.56,2006,China
181,653183.4,2007,China
182,737889.2,2008,China
183,599782.0,2009,China
184,627724.7,2010,China
185,598755.06,2011,China
186,604917.9,2012,China
187,441526.56,2013,China
188,531238.0,2014,China
189,490673.47,2015,China
190,718572.56,2016,China
191,644338.94,2017,China
192,569324.6,2018,China
193,229402.55,2001,Colombia
194,182602.45,2002,Colombia
195,122801.95,2003,Colombia
196,253652.53,2004,Colombia
197,188610.88,2005,Colombia
198,190240.66,2006,Colombia
199,268956.1,2007,Colombia
200,231550.4,2008,Colombia
201,238130.89,2009,Colombia
202,197205.88,2010,Colombia
203,189851.14,2011,Colombia
204,227481.31,2012,Colombia
205,139435.8,2013,Colombia
206,201310.25,2014,Colombia
207,141428.86,2015,Colombia
208,290875.75,2016,Colombia
209,424877.2,2017,Colombia
210,352329.38,2018,Colombia
211,3238.975,2001,Czech Republic
212,6844.682,2002,Czech Republic
213,4220.6196,2003,Czech Republic
214,13462.9795,2004,Czech Republic
215,24954.188,2005,Czech Republic
216,9490.398,2006,Czech Republic
217,20892.926,2007,Czech Republic
218,17016.598,2008,Czech Republic
219,13360.933,2009,Czech Republic
220,15394.257,2010,Czech Republic
221,21577.021,2011,Czech Republic
222,14512.017,2012,Czech Republic
223,7317.3213,2013,Czech Republic
224,14169.67,2014,Czech Republic
225,8013.0527,2015,Czech Republic
226,23013.64,2016,Czech Republic
227,26516.094,2017,Czech Republic
228,39185.945,2018,Czech Republic
229,303.7931,2001,"Egypt, Arab Rep."
230,64.265274,2002,"Egypt, Arab Rep."
231,-386.26712,2003,"Egypt, Arab Rep."
232,568.57635,2004,"Egypt, Arab Rep."
233,19.20742,2005,"Egypt, Arab Rep."
234,197.667,2006,"Egypt, Arab Rep."
235,-299.20502,2007,"Egypt, Arab Rep."
236,280.87085,2008,"Egypt, Arab Rep."
237,-240.32149,2009,"Egypt, Arab Rep."
238,278.4773,2010,"Egypt, Arab Rep."
239,-244.517,2011,"Egypt, Arab Rep."
240,996.77014,2012,"Egypt, Arab Rep."
241,-97.21512,2013,"Egypt, Arab Rep."
242,5.543912,2014,"Egypt, Arab Rep."
243,-116.77748,2015,"Egypt, Arab Rep."
244,-9.246374,2016,"Egypt, Arab Rep."
245,404.25708,2017,"Egypt, Arab Rep."
246,92.73501,2018,"Egypt, Arab Rep."
247,34705.05,2001,France
248,33577.22,2002,France
249,26879.38,2003,France
250,75642.94,2004,France
251,46618.17,2005,France
252,54747.92,2006,France
253,49810.613,2007,France
254,86687.62,2008,France
255,67418.555,2009,France
256,142212.8,2010,France
257,64531.06,2011,France
258,67119.91,2012,France
259,30583.404,2013,France
260,44204.867,2014,France
261,37798.51,2015,France
262,60586.312,2016,France
263,69470.336,2017,France
264,69192.45,2018,France
265,807.13916,2001,Georgia
266,530.40857,2002,Georgia
267,129.38342,2003,Georgia
268,1820.9558,2004,Georgia
269,847.3293,2005,Georgia
270,183.68152,2006,Georgia
271,1197.2441,2007,Georgia
272,928.7615,2008,Georgia
273,364.97015,2009,Georgia
274,920.7578,2010,Georgia
275,504.96384,2011,Georgia
276,846.39215,2012,Georgia
277,-270.2964,2013,Georgia
278,317.0258,2014,Georgia
279,93.12929,2015,Georgia
280,243.27939,2016,Georgia
281,391.3295,2017,Georgia
282,214.38481,2018,Georgia
283,15193.127,2001,Germany
284,15568.658,2002,Germany
285,6264.315,2003,Germany
286,44840.316,2004,Germany
287,40172.117,2005,Germany
288,42234.133,2006,Germany
289,93079.36,2007,Germany
290,61633.234,2008,Germany
291,28639.764,2009,Germany
292,76149.38,2010,Germany
293,34201.023,2011,Germany
294,25951.955,2012,Germany
295,15565.731,2013,Germany
296,20979.709,2014,Germany
297,12889.802,2015,Germany
298,26742.857,2016,Germany
299,33334.75,2017,Germany
300,51706.484,2018,Germany
301,12486.401,2001,Greece
302,5112.1875,2002,Greece
303,2594.4333,2003,Greece
304,6542.181,2004,Greece
305,4053.0737,2005,Greece
306,8066.9624,2006,Greece
307,45268.863,2007,Greece
308,21382.074,2008,Greece
309,6726.3125,2009,Greece
310,7691.8823,2010,Greece
311,6454.97,2011,Greece
312,13177.291,2012,Greece
313,5733.342,2013,Greece
314,4032.0203,2014,Greece
315,3012.658,2015,Greece
316,6541.971,2016,Greece
317,8741.665,2017,Greece
318,7143.558,2018,Greece
319,7031.97,2001,Hungary
320,7849.5703,2002,Hungary
321,6175.742,2003,Hungary
322,11851.607,2004,Hungary
323,10217.434,2005,Hungary
324,8322.217,2006,Hungary
325,9429.929,2007,Hungary
326,8685.892,2008,Hungary
327,9882.457,2009,Hungary
328,11179.59,2010,Hungary
329,8559.922,2011,Hungary
330,12047.656,2012,Hungary
331,9008.645,2013,Hungary
332,14564.496,2014,Hungary
333,10654.482,2015,Hungary
334,14118.561,2016,Hungary
335,14168.896,2017,Hungary
336,14062.992,2018,Hungary
337,62188.45,2001,India
338,53228.363,2002,India
339,47579.867,2003,India
340,74272.79,2004,India
341,62321.375,2005,India
342,67717.266,2006,India
343,73606.15,2007,India
344,86032.82,2008,India
345,79254.39,2009,India
346,51342.402,2010,India
347,88048.82,2011,India
348,95699.36,2012,India
349,80377.484,2013,India
350,139389.11,2014,India
351,116151.11,2015,India
352,175426.02,2016,India
353,189251.23,2017,India
354,132467.02,2018,India
355,743674.25,2001,Indonesia
356,855491.75,2002,Indonesia
357,544966.06,2003,Indonesia
358,1289080.4,2004,Indonesia
359,1182373.4,2005,Indonesia
360,1432747.0,2006,Indonesia
361,1388139.2,2007,Indonesia
362,1396055.5,2008,Indonesia
363,1944164.4,2009,Indonesia
364,1279433.8,2010,Indonesia
365,1543843.0,2011,Indonesia
366,2259895.0,2012,Indonesia
367,1139599.8,2013,Indonesia
368,1894227.9,2014,Indonesia
369,1746576.6,2015,Indonesia
370,2421600.5,2016,Indonesia
371,1301174.0,2017,Indonesia
372,1218574.6,2018,Indonesia
373,167.2228,2001,"Iran, Islamic Rep."
374,750.4453,2002,"Iran, Islamic Rep."
375,220.44254,2003,"Iran, Islamic Rep."
376,526.27167,2004,"Iran, Islamic Rep."
377,-196.95087,2005,"Iran, Islamic Rep."
378,229.56142,2006,"Iran, Islamic Rep."
379,-44.60017,2007,"Iran, Islamic Rep."
380,622.8222,2008,"Iran, Islamic Rep."
381,262.61484,2009,"Iran, Islamic Rep."
382,-10.028044,2010,"Iran, Islamic Rep."
383,402.8432,2011,"Iran, Islamic Rep."
384,606.19244,2012,"Iran, Islamic Rep."
385,-392.1287,2013,"Iran, Islamic Rep."
386,389.11026,2014,"Iran, Islamic Rep."
387,142.02678,2016,"Iran, Islamic Rep."
388,5.4413867,2017,"Iran, Islamic Rep."
389,219.86795,2018,"Iran, Islamic Rep."
390,10060.408,2001,Italy
391,10818.967,2002,Italy
392,3729.7615,2003,Italy
393,16790.625,2004,Italy
394,10931.889,2005,Italy
395,8997.827,2006,Italy
396,11847.685,2007,Italy
397,15077.4,2008,Italy
398,14967.791,2009,Italy
399,15789.888,2010,Italy
400,11328.58,2011,Italy
401,21849.809,2012,Italy
402,15494.076,2013,Italy
403,19415.62,2014,Italy
404,14461.291,2015,Italy
405,24426.525,2016,Italy
406,33928.445,2017,Italy
407,39130.99,2018,Italy
408,23954.643,2001,Japan
409,26242.986,2002,Japan
410,19755.783,2003,Japan
411,37279.043,2004,Japan
412,36366.875,2005,Japan
413,39721.777,2006,Japan
414,45034.2,2007,Japan
415,40795.855,2008,Japan
416,40960.168,2009,Japan
417,35662.64,2010,Japan
418,35885.727,2011,Japan
419,45532.547,2012,Japan
420,23509.084,2013,Japan
421,28304.854,2014,Japan
422,31017.383,2015,Japan
423,55091.707,2016,Japan
424,47758.87,2017,Japan
425,50399.96,2018,Japan
426,4695.397,2001,Kazakhstan
427,2536.1726,2002,Kazakhstan
428,3562.3533,2003,Kazakhstan
429,5485.773,2004,Kazakhstan
430,3257.2002,2005,Kazakhstan
431,3137.0376,2006,Kazakhstan
432,4474.0396,2007,Kazakhstan
433,4666.885,2008,Kazakhstan
434,6306.1353,2009,Kazakhstan
435,3463.5774,2010,Kazakhstan
436,4620.3286,2011,Kazakhstan
437,3704.2407,2012,Kazakhstan
438,3063.3638,2013,Kazakhstan
439,155.43094,2014,Kazakhstan
440,786.3356,2015,Kazakhstan
441,991.5028,2016,Kazakhstan
442,992.23303,2017,Kazakhstan
443,1267.7852,2018,Kazakhstan
444,5329.1553,2001,"Korea, Rep."
445,4673.099,2002,"Korea, Rep."
446,3804.256,2003,"Korea, Rep."
447,11825.666,2004,"Korea, Rep."
448,8797.476,2005,"Korea, Rep."
449,9861.377,2006,"Korea, Rep."
450,8422.492,2007,"Korea, Rep."
451,13953.011,2008,"Korea, Rep."
452,16242.162,2009,"Korea, Rep."
453,14524.05,2010,"Korea, Rep."
454,11735.518,2011,"Korea, Rep."
455,16326.825,2012,"Korea, Rep."
456,8835.238,2013,"Korea, Rep."
457,13548.844,2014,"Korea, Rep."
458,17488.096,2015,"Korea, Rep."
459,21790.936,2016,"Korea, Rep."
460,20907.047,2017,"Korea, Rep."
461,21993.963,2018,"Korea, Rep."
462,898.6054,2001,Kyrgyz Republic
463,152.60083,2002,Kyrgyz Republic
464,-51.26962,2003,Kyrgyz Republic
465,330.10065,2004,Kyrgyz Republic
466,-197.10466,2005,Kyrgyz Republic
467,239.10352,2006,Kyrgyz Republic
468,96.92557,2007,Kyrgyz Republic
469,243.12425,2008,Kyrgyz Republic
470,35.71768,2009,Kyrgyz Republic
471,201.36253,2010,Kyrgyz Republic
472,-153.52919,2011,Kyrgyz Republic
473,380.8988,2012,Kyrgyz Republic
474,-332.15778,2013,Kyrgyz Republic
475,434.07297,2014,Kyrgyz Republic
476,-155.19136,2016,Kyrgyz Republic
477,-50.232887,2017,Kyrgyz Republic
478,106.819305,2018,Kyrgyz Republic
479,332625.78,2001,Malaysia
480,312371.62,2002,Malaysia
481,184016.56,2003,Malaysia
482,351579.44,2004,Malaysia
483,375246.53,2005,Malaysia
484,334302.72,2006,Malaysia
485,405085.3,2007,Malaysia
486,367904.22,2008,Malaysia
487,622761.6,2009,Malaysia
488,430875.72,2010,Malaysia
489,463226.6,2011,Malaysia
490,627633.6,2012,Malaysia
491,333797.47,2013,Malaysia
492,645259.7,2014,Malaysia
493,454760.3,2015,Malaysia
494,564797.5,2016,Malaysia
495,483550.5,2017,Malaysia
496,437725.03,2018,Malaysia
497,158288.19,2001,Mexico
498,158939.73,2002,Mexico
499,152493.83,2003,Mexico
500,169828.67,2004,Mexico
501,206879.31,2005,Mexico
502,178857.02,2006,Mexico
503,218856.88,2007,Mexico
504,184594.95,2008,Mexico
505,280868.12,2009,Mexico
506,167018.78,2010,Mexico
507,186452.02,2011,Mexico
508,175473.77,2012,Mexico
509,218403.6,2013,Mexico
510,170922.7,2014,Mexico
511,197598.77,2015,Mexico
512,274183.16,2016,Mexico
513,298742.4,2017,Mexico
514,267413.22,2018,Mexico
515,21040.076,2001,Mongolia
516,18852.234,2002,Mongolia
517,38306.54,2003,Mongolia
518,53300.156,2004,Mongolia
519,8084.603,2005,Mongolia
520,13123.274,2006,Mongolia
521,47829.805,2007,Mongolia
522,56421.758,2008,Mongolia
523,81762.72,2009,Mongolia
524,8357.409,2010,Mongolia
525,4088.8643,2011,Mongolia
526,34346.402,2012,Mongolia
527,913.57227,2013,Mongolia
528,461.05957,2014,Mongolia
529,6873.3857,2015,Mongolia
530,4597.3364,2016,Mongolia
531,25083.182,2017,Mongolia
532,9299.764,2018,Mongolia
533,1919.8782,2001,Morocco
534,3568.6086,2002,Morocco
535,1922.1592,2003,Morocco
536,1789.0195,2004,Morocco
537,1479.6125,2005,Morocco
538,2011.1465,2006,Morocco
539,2520.959,2007,Morocco
540,3881.011,2008,Morocco
541,927.72845,2009,Morocco
542,1084.3212,2010,Morocco
543,2980.1516,2011,Morocco
544,1623.945,2012,Morocco
545,1228.0652,2013,Morocco
546,1616.8065,2014,Morocco
547,642.2284,2015,Morocco
548,2320.5828,2016,Morocco
549,2201.247,2017,Morocco
550,2676.3174,2018,Morocco
551,61301.12,2001,Mozambique
552,106044.3,2002,Mozambique
553,79906.95,2003,Mozambique
554,107797.945,2004,Mozambique
555,150517.5,2005,Mozambique
556,172121.92,2006,Mozambique
557,138699.7,2007,Mozambique
558,204568.11,2008,Mozambique
559,217220.19,2009,Mozambique
560,194742.02,2010,Mozambique
561,150428.64,2011,Mozambique
562,140031.92,2012,Mozambique
563,162306.52,2013,Mozambique
564,200498.77,2014,Mozambique
565,181397.0,2015,Mozambique
566,250790.84,2016,Mozambique
567,358146.97,2017,Mozambique
568,172660.62,2018,Mozambique
569,44918.812,2001,Myanmar
570,66154.805,2002,Myanmar
571,77003.73,2003,Myanmar
572,102134.41,2004,Myanmar
573,92031.3,2005,Myanmar
574,127482.49,2006,Myanmar
575,146054.53,2007,Myanmar
576,119743.805,2008,Myanmar
577,216167.12,2009,Myanmar
578,169958.52,2010,Myanmar
579,135751.33,2011,Myanmar
580,224953.22,2012,Myanmar
581,248482.19,2013,Myanmar
582,331242.34,2014,Myanmar
583,293214.47,2015,Myanmar
584,362629.16,2016,Myanmar
585,342293.06,2017,Myanmar
586,278435.3,2018,Myanmar
587,50705.074,2001,New Zealand
588,63305.773,2002,New Zealand
589,45009.965,2003,New Zealand
590,60147.742,2004,New Zealand
591,52269.03,2005,New Zealand
592,61945.305,2006,New Zealand
593,62776.73,2007,New Zealand
594,61260.65,2008,New Zealand
595,59777.55,2009,New Zealand
596,56122.805,2010,New Zealand
597,59703.297,2011,New Zealand
598,69851.99,2012,New Zealand
599,77246.93,2013,New Zealand
600,79353.43,2014,New Zealand
601,64143.84,2015,New Zealand
602,80273.23,2016,New Zealand
603,75062.805,2017,New Zealand
604,79046.59,2018,New Zealand
605,-323.4025,2001,Niger
606,317.55612,2002,Niger
607,54.24251,2003,Niger
608,-62.943245,2004,Niger
609,67.62384,2007,Niger
610,-109.8018,2012,Niger
611,43285.41,2001,Nigeria
612,32198.57,2002,Nigeria
613,13783.536,2003,Nigeria
614,14598.392,2004,Nigeria
615,13387.414,2005,Nigeria
616,26362.252,2006,Nigeria
617,24443.91,2007,Nigeria
618,27568.965,2008,Nigeria
619,25275.19,2009,Nigeria
620,32941.7,2010,Nigeria
621,53292.777,2011,Nigeria
622,35476.06,2012,Nigeria
623,43431.633,2013,Nigeria
624,68833.336,2014,Nigeria
625,40545.016,2015,Nigeria
626,72490.46,2016,Nigeria
627,170841.19,2017,Nigeria
628,119983.72,2018,Nigeria
629,22255.396,2001,Norway
630,26735.998,2002,Norway
631,14972.07,2003,Norway
632,33546.418,2004,Norway
633,25402.545,2005,Norway
634,40165.47,2006,Norway
635,32121.293,2007,Norway
636,33689.99,2008,Norway
637,23549.336,2009,Norway
638,39567.445,2010,Norway
639,33116.887,2011,Norway
640,29473.158,2012,Norway
641,33365.566,2013,Norway
642,39192.94,2014,Norway
643,36896.887,2015,Norway
644,59630.44,2016,Norway
645,58271.777,2017,Norway
646,58969.73,2018,Norway
647,251.50764,2001,Pakistan
648,725.11316,2002,Pakistan
649,136.2513,2003,Pakistan
650,1469.3525,2004,Pakistan
651,1052.7423,2005,Pakistan
652,1130.1525,2006,Pakistan
653,1416.7382,2007,Pakistan
654,918.51855,2008,Pakistan
655,925.35236,2009,Pakistan
656,691.64624,2010,Pakistan
657,207.37703,2011,Pakistan
658,447.50616,2012,Pakistan
659,-34.85527,2013,Pakistan
660,198.93053,2014,Pakistan
661,-175.45325,2015,Pakistan
662,762.44476,2017,Pakistan
663,-345.82874,2018,Pakistan
664,86217.23,2001,Peru
665,80542.58,2002,Peru
666,73488.664,2003,Peru
667,102111.21,2004,Peru
668,162305.2,2005,Peru
669,88892.35,2006,Peru
670,116041.27,2007,Peru
671,126557.836,2008,Peru
672,177817.47,2009,Peru
673,142088.62,2010,Peru
674,125612.6,2011,Peru
675,275180.78,2012,Peru
676,209693.98,2013,Peru
677,205465.94,2014,Peru
678,166875.7,2015,Peru
679,231091.72,2016,Peru
680,302534.03,2017,Peru
681,211845.47,2018,Peru
682,35296.715,2001,Philippines
683,31944.232,2002,Philippines
684,35272.895,2003,Philippines
685,48732.83,2004,Philippines
686,49535.105,2005,Philippines
687,57434.945,2006,Philippines
688,66459.63,2007,Philippines
689,39244.996,2008,Philippines
690,60919.473,2009,Philippines
691,102293.664,2010,Philippines
692,33261.195,2011,Philippines
693,59628.516,2012,Philippines
694,59137.695,2013,Philippines
695,101611.33,2014,Philippines
696,66445.39,2015,Philippines
697,129069.03,2016,Philippines
698,114245.42,2017,Philippines
699,70534.39,2018,Philippines
700,19196.639,2001,Poland
701,31121.209,2002,Poland
702,33064.723,2003,Poland
703,42359.805,2004,Poland
704,81391.07,2005,Poland
705,38166.848,2006,Poland
706,56973.87,2007,Poland
707,48126.65,2008,Poland
708,47319.777,2009,Poland
709,71850.805,2010,Poland
710,56607.715,2011,Poland
711,54986.156,2012,Poland
712,34915.324,2013,Poland
713,56260.492,2014,Poland
714,42965.145,2015,Poland
715,86126.44,2016,Poland
716,96709.59,2017,Poland
717,96539.78,2018,Poland
718,17542.912,2001,Romania
719,16248.25,2002,Romania
720,9846.203,2003,Romania
721,18797.908,2004,Romania
722,19463.01,2005,Romania
723,12972.094,2006,Romania
724,37313.555,2007,Romania
725,18034.85,2008,Romania
726,16482.016,2009,Romania
727,17655.553,2010,Romania
728,16889.637,2011,Romania
729,30516.357,2012,Romania
730,12752.549,2013,Romania
731,20007.926,2014,Romania
732,10208.723,2015,Romania
733,22951.07,2016,Romania
734,19603.92,2017,Romania
735,18583.188,2018,Romania
736,1826599.5,2001,Russian Federation
737,2700342.5,2002,Russian Federation
738,3030343.8,2003,Russian Federation
739,3520504.2,2004,Russian Federation
740,1590475.1,2005,Russian Federation
741,2233347.2,2006,Russian Federation
742,2339048.8,2007,Russian Federation
743,3047862.5,2008,Russian Federation
744,2111562.2,2009,Russian Federation
745,1859636.0,2010,Russian Federation
746,3021911.0,2011,Russian Federation
747,5390921.5,2012,Russian Federation
748,4965760.0,2013,Russian Federation
749,4489775.0,2014,Russian Federation
750,2332105.0,2015,Russian Federation
751,5051524.5,2016,Russian Federation
752,5289151.0,2017,Russian Federation
753,5560293.0,2018,Russian Federation
754,1910.435,2006,Serbia
755,2748.5532,2007,Serbia
756,3178.5215,2008,Serbia
757,1970.4807,2009,Serbia
758,2932.6216,2010,Serbia
759,2018.5906,2011,Serbia
760,3378.856,2012,Serbia
761,2772.0056,2013,Serbia
762,4619.6772,2014,Serbia
763,2353.8171,2015,Serbia
764,4882.3438,2016,Serbia
765,3869.1506,2017,Serbia
766,3796.902,2018,Serbia
767,4461.5435,2001,Slovak Republic
768,3854.819,2002,Slovak Republic
769,3510.545,2003,Slovak Republic
770,5036.968,2004,Slovak Republic
771,27069.97,2005,Slovak Republic
772,8311.534,2006,Slovak Republic
773,9473.318,2007,Slovak Republic
774,13499.335,2008,Slovak Republic
775,11105.426,2009,Slovak Republic
776,17091.523,2010,Slovak Republic
777,11323.897,2011,Slovak Republic
778,9638.46,2012,Slovak Republic
779,5270.4307,2013,Slovak Republic
780,16913.602,2014,Slovak Republic
781,5666.4575,2015,Slovak Republic
782,16421.299,2016,Slovak Republic
783,14555.487,2017,Slovak Republic
784,17732.586,2018,Slovak Republic
785,602.18085,2001,Slovenia
786,802.9505,2002,Slovenia
787,484.2017,2003,Slovenia
788,1188.6162,2004,Slovenia
789,2045.7877,2005,Slovenia
790,963.35645,2006,Slovenia
791,2061.5881,2007,Slovenia
792,2003.8036,2008,Slovenia
793,2374.2656,2009,Slovenia
794,1427.8763,2010,Slovenia
795,1365.2048,2011,Slovenia
796,795.2981,2012,Slovenia
797,570.921,2013,Slovenia
798,5502.087,2014,Slovenia
799,1020.4005,2015,Slovenia
800,5609.5347,2016,Slovenia
801,4580.6133,2017,Slovenia
802,8260.309,2018,Slovenia
803,77606.14,2001,South Africa
804,47892.184,2002,South Africa
805,92280.23,2003,South Africa
806,72445.56,2004,South Africa
807,104726.79,2005,South Africa
808,104469.22,2006,South Africa
809,47506.797,2007,South Africa
810,81561.42,2008,South Africa
811,67345.34,2009,South Africa
812,61779.418,2010,South Africa
813,69473.86,2011,South Africa
814,84416.92,2012,South Africa
815,56570.76,2013,South Africa
816,70300.3,2014,South Africa
817,70022.7,2015,South Africa
818,73703.25,2016,South Africa
819,93648.94,2017,South Africa
820,63797.14,2018,South Africa
821,32810.457,2001,Spain
822,37917.26,2002,Spain
823,23119.912,2003,Spain
824,67272.54,2004,Spain
825,49495.31,2005,Spain
826,72179.234,2006,Spain
827,60185.523,2007,Spain
828,44341.8,2008,Spain
829,67712.27,2009,Spain
830,55988.477,2010,Spain
831,39703.207,2011,Spain
832,80385.02,2012,Spain
833,63617.336,2013,Spain
834,74440.93,2014,Spain
835,65504.93,2015,Spain
836,107653.34,2016,Spain
837,98888.76,2017,Spain
838,119347.375,2018,Spain
839,203.36104,2001,Tajikistan
840,1.0163627,2002,Tajikistan
841,-133.59904,2003,Tajikistan
842,202.55658,2004,Tajikistan
843,349.16354,2005,Tajikistan
844,-152.72351,2006,Tajikistan
845,-176.52473,2007,Tajikistan
846,-99.60027,2008,Tajikistan
847,-114.423,2009,Tajikistan
848,-4.464756,2010,Tajikistan
849,-20.934916,2011,Tajikistan
850,526.45416,2012,Tajikistan
851,-315.31738,2013,Tajikistan
852,118.78822,2014,Tajikistan
853,195.68488,2017,Tajikistan
854,-64.09056,2018,Tajikistan
855,36377.34,2001,Thailand
856,60703.66,2002,Thailand
857,58835.5,2003,Thailand
858,91805.01,2004,Thailand
859,84300.79,2005,Thailand
860,99366.234,2006,Thailand
861,92910.16,2007,Thailand
862,80157.445,2008,Thailand
863,132063.98,2009,Thailand
864,134774.56,2010,Thailand
865,95164.23,2011,Thailand
866,114535.914,2012,Thailand
867,84990.81,2013,Thailand
868,137247.4,2014,Thailand
869,120854.22,2015,Thailand
870,171572.88,2016,Thailand
871,196114.53,2017,Thailand
872,134070.92,2018,Thailand
873,23108.934,2001,Turkey
874,25482.271,2002,Turkey
875,18061.26,2003,Turkey
876,28652.764,2004,Turkey
877,20754.201,2005,Turkey
878,25716.19,2006,Turkey
879,25558.21,2007,Turkey
880,28302.041,2008,Turkey
881,28134.55,2009,Turkey
882,17468.81,2010,Turkey
883,23614.543,2011,Turkey
884,28870.682,2012,Turkey
885,22171.145,2013,Turkey
886,22087.938,2014,Turkey
887,27599.533,2015,Turkey
888,25675.691,2016,Turkey
889,34098.84,2017,Turkey
890,35569.04,2018,Turkey
891,28636.291,2001,Ukraine
892,27479.926,2002,Ukraine
893,39077.04,2003,Ukraine
894,49331.57,2004,Ukraine
895,36786.47,2005,Ukraine
896,41983.375,2006,Ukraine
897,64249.613,2007,Ukraine
898,53204.824,2008,Ukraine
899,48126.535,2009,Ukraine
900,52515.984,2010,Ukraine
901,60206.805,2011,Ukraine
902,55180.273,2012,Ukraine
903,37936.086,2013,Ukraine
904,47533.742,2014,Ukraine
905,48550.75,2015,Ukraine
906,106555.19,2016,Ukraine
907,85928.93,2017,Ukraine
908,74435.03,2018,Ukraine
909,22809.373,2001,United Kingdom
910,20969.818,2002,United Kingdom
911,1597.3024,2003,United Kingdom
912,24775.361,2004,United Kingdom
913,9296.005,2005,United Kingdom
914,20825.447,2006,United Kingdom
915,31134.57,2007,United Kingdom
916,12771.739,2008,United Kingdom
917,37526.152,2009,United Kingdom
918,28320.904,2010,United Kingdom
919,22887.982,2011,United Kingdom
920,35676.875,2012,United Kingdom
921,28577.959,2013,United Kingdom
922,30233.326,2014,United Kingdom
923,24041.232,2015,United Kingdom
924,29222.887,2016,United Kingdom
925,22778.0,2017,United Kingdom
926,26128.8,2018,United Kingdom
927,1943501.4,2001,United States
928,2038205.5,2002,United States
929,1650127.2,2003,United States
930,2745828.8,2004,United States
931,2691765.8,2005,United States
932,2606024.5,2006,United States
933,2435020.5,2007,United States
934,2213810.5,2008,United States
935,1608987.5,2009,United States
936,2167504.2,2010,United States
937,1663811.1,2011,United States
938,1964145.8,2012,United States
939,1735910.6,2013,United States
940,1737114.5,2014,United States
941,2289363.0,2015,United States
942,2264360.5,2016,United States
943,2311133.5,2017,United States
944,2092404.8,2018,United States
945,43.175865,2001,Uzbekistan
946,662.9634,2002,Uzbekistan
947,-673.9977,2003,Uzbekistan
948,271.12463,2004,Uzbekistan
949,-14.605774,2005,Uzbekistan
950,43.636593,2006,Uzbekistan
951,417.2834,2007,Uzbekistan
952,-239.97377,2008,Uzbekistan
953,204.73378,2009,Uzbekistan
954,242.92784,2010,Uzbekistan
955,-329.091,2011,Uzbekistan
956,125.96931,2012,Uzbekistan
957,-78.586395,2013,Uzbekistan
958,14.1852455,2014,Uzbekistan
959,298.7091,2017,Uzbekistan
960,-190.34065,2018,Uzbekistan
961,123763.45,2001,"Venezuela, RB"
962,90345.57,2002,"Venezuela, RB"
963,87285.89,2003,"Venezuela, RB"
964,90928.1,2004,"Venezuela, RB"
965,94991.586,2005,"Venezuela, RB"
966,85746.06,2006,"Venezuela, RB"
967,113867.164,2007,"Venezuela, RB"
968,120596.97,2008,"Venezuela, RB"
969,142459.89,2009,"Venezuela, RB"
970,101361.94,2010,"Venezuela, RB"
971,74587.87,2011,"Venezuela, RB"
972,105721.17,2012,"Venezuela, RB"
973,64785.97,2013,"Venezuela, RB"
974,100874.5,2014,"Venezuela, RB"
975,47443.242,2001,Vietnam
976,49565.348,2002,Vietnam
977,42967.113,2003,Vietnam
978,74140.37,2004,Vietnam
979,101396.8,2005,Vietnam
980,79227.89,2006,Vietnam
981,80100.445,2007,Vietnam
982,108281.945,2008,Vietnam
983,137833.55,2009,Vietnam
984,173725.8,2010,Vietnam
985,131472.64,2011,Vietnam
986,180925.34,2012,Vietnam
987,132622.1,2013,Vietnam
988,217343.88,2014,Vietnam
989,218086.97,2015,Vietnam
990,353090.78,2016,Vietnam
991,287020.03,2017,Vietnam
992,225276.31,2018,Vietnam
993,11713.857,2021,Afghanistan
994,16900.697,2022,Afghanistan
995,33670.82,2023,Afghanistan
996,64293.754,2024,Afghanistan
997,9480.248,2025,Afghanistan
998,27688.277,2026,Afghanistan
999,35522.434,2027,Afghanistan
1000,68436.68,2028,Afghanistan
1001,36994.035,2029,Afghanistan
1002,31969.785,2030,Afghanistan
1003,-1167.6876,2021,Albania
1004,589.4505,2022,Albania
1005,462.62448,2023,Albania
1006,3862.273,2024,Albania
1007,5529.1606,2025,Albania
1008,10918.55,2026,Albania
1009,11424.975,2027,Albania
1010,18223.912,2028,Albania
1011,25060.057,2029,Albania
1012,14506.904,2030,Albania
1013,260632.38,2021,Argentina
1014,197007.92,2022,Argentina
1015,212808.28,2023,Argentina
1016,212841.06,2024,Argentina
1017,235720.9,2025,Argentina
1018,236660.14,2026,Argentina
1019,251609.97,2027,Argentina
1020,265117.66,2028,Argentina
1021,229718.98,2029,Argentina
1022,242433.67,2030,Argentina
1023,318314.25,2021,Australia
1024,312376.06,2022,Australia
1025,250909.38,2023,Australia
1026,278700.8,2024,Australia
1027,291814.8,2025,Australia
1028,262788.34,2026,Australia
1029,256032.25,2027,Australia
1030,294664.34,2028,Australia
1031,303474.0,2029,Australia
1032,255435.88,2030,Australia
1033,38886.113,2021,Austria
1034,36387.82,2022,Austria
1035,34945.355,2023,Austria
1036,28899.393,2024,Austria
1037,36090.203,2025,Austria
1038,42751.53,2026,Austria
1039,28222.475,2027,Austria
1040,27902.74,2028,Austria
1041,31077.285,2029,Austria
1042,31586.074,2030,Austria
1043,26339.564,2021,Bangladesh
1044,44616.86,2022,Bangladesh
1045,46258.875,2023,Bangladesh
1046,40057.086,2024,Bangladesh
1047,42565.87,2025,Bangladesh
1048,50233.527,2026,Bangladesh
1049,45087.723,2027,Bangladesh
1050,45913.992,2028,Bangladesh
1051,48901.895,2029,Bangladesh
1052,42761.152,2030,Bangladesh
1053,3367943.0,2021,Brazil
1054,3174850.8,2022,Brazil
1055,3005156.8,2023,Brazil
1056,2924221.2,2024,Brazil
1057,3299763.8,2025,Brazil
1058,3046166.0,2026,Brazil
1059,2975798.0,2027,Brazil
1060,2983018.8,2028,Brazil
1061,3322140.2,2029,Brazil
1062,3225198.2,2030,Brazil
1063,28617.918,2021,Bulgaria
1064,28273.506,2022,Bulgaria
1065,32020.0,2023,Bulgaria
1066,30636.734,2024,Bulgaria
1067,42796.066,2025,Bulgaria
1068,54628.066,2026,Bulgaria
1069,51213.93,2027,Bulgaria
1070,40402.82,2028,Bulgaria
1071,46806.5,2029,Bulgaria
1072,34571.02,2030,Bulgaria
1073,2089007.0,2021,Canada
1074,2089007.0,2021,Canada
1075,2089007.0,2021,Canada
1076,2089007.0,2021,Canada
1077,2089007.0,2021,Canada
1078,2089007.0,2021,Canada
1079,2089007.0,2021,Canada
1080,2089007.0,2021,Canada
1081,2089007.0,2021,Canada
1082,2089007.0,2021,Canada
1083,2089007.0,2021,Canada
1084,2089007.0,2021,Canada
1085,2089007.0,2021,Canada
1086,2089007.0,2021,Canada
1087,2089007.0,2021,Canada
1088,2089007.0,2021,Canada
1089,1999099.1,2022,Canada
1090,1999099.1,2022,Canada
1091,1999099.1,2022,Canada
1092,1999099.1,2022,Canada
1093,1999099.1,2022,Canada
1094,1999099.1,2022,Canada
1095,1999099.1,2022,Canada
1096,1999099.1,2022,Canada
1097,1999099.1,2022,Canada
1098,1999099.1,2022,Canada
1099,1999099.1,2022,Canada
1100,1999099.1,2022,Canada
1101,1999099.1,2022,Canada
1102,1999099.1,2022,Canada
1103,1999099.1,2022,Canada
1104,1999099.1,2022,Canada
1105,2075177.6,2023,Canada
1106,2075177.6,2023,Canada
1107,2075177.6,2023,Canada
1108,2075177.6,2023,Canada
1109,2075177.6,2023,Canada
1110,2075177.6,2023,Canada
1111,2075177.6,2023,Canada
1112,2075177.6,2023,Canada
1113,2075177.6,2023,Canada
1114,2075177.6,2023,Canada
1115,2075177.6,2023,Canada
1116,2075177.6,2023,Canada
1117,2075177.6,2023,Canada
1118,2075177.6,2023,Canada
1119,2075177.6,2023,Canada
1120,2075177.6,2023,Canada
1121,2069979.8,2024,Canada
1122,2069979.8,2024,Canada
1123,2069979.8,2024,Canada
1124,2069979.8,2024,Canada
1125,2069979.8,2024,Canada
1126,2069979.8,2024,Canada
1127,2069979.8,2024,Canada
1128,2069979.8,2024,Canada
1129,2069979.8,2024,Canada
1130,2069979.8,2024,Canada
1131,2069979.8,2024,Canada
1132,2069979.8,2024,Canada
1133,2069979.8,2024,Canada
1134,2069979.8,2024,Canada
1135,2069979.8,2024,Canada
1136,2069979.8,2024,Canada
1137,1969613.2,2025,Canada
1138,1969613.2,2025,Canada
1139,1969613.2,2025,Canada
1140,1969613.2,2025,Canada
1141,1969613.2,2025,Canada
1142,1969613.2,2025,Canada
1143,1969613.2,2025,Canada
1144,1969613.2,2025,Canada
1145,1969613.2,2025,Canada
1146,1969613.2,2025,Canada
1147,1969613.2,2025,Canada
1148,1969613.2,2025,Canada
1149,1969613.2,2025,Canada
1150,1969613.2,2025,Canada
1151,1969613.2,2025,Canada
1152,1969613.2,2025,Canada
1153,1972341.9,2026,Canada
1154,1972341.9,2026,Canada
1155,1972341.9,2026,Canada
1156,1972341.9,2026,Canada
1157,1972341.9,2026,Canada
1158,1972341.9,2026,Canada
1159,1972341.9,2026,Canada
1160,1972341.9,2026,Canada
1161,1972341.9,2026,Canada
1162,1972341.9,2026,Canada
1163,1972341.9,2026,Canada
1164,1972341.9,2026,Canada
1165,1972341.9,2026,Canada
1166,1972341.9,2026,Canada
1167,1972341.9,2026,Canada
1168,1972341.9,2026,Canada
1169,2013069.5,2027,Canada
1170,2013069.5,2027,Canada
1171,2013069.5,2027,Canada
1172,2013069.5,2027,Canada
1173,2013069.5,2027,Canada
1174,2013069.5,2027,Canada
1175,2013069.5,2027,Canada
1176,2013069.5,2027,Canada
1177,2013069.5,2027,Canada
1178,2013069.5,2027,Canada
1179,2013069.5,2027,Canada
1180,2013069.5,2027,Canada
1181,2013069.5,2027,Canada
1182,2013069.5,2027,Canada
1183,2013069.5,2027,Canada
1184,2013069.5,2027,Canada
1185,2028220.6,2028,Canada
1186,2028220.6,2028,Canada
1187,2028220.6,2028,Canada
1188,2028220.6,2028,Canada
1189,2028220.6,2028,Canada
1190,2028220.6,2028,Canada
1191,2028220.6,2028,Canada
1192,2028220.6,2028,Canada
1193,2028220.6,2028,Canada
1194,2028220.6,2028,Canada
1195,2028220.6,2028,Canada
1196,2028220.6,2028,Canada
1197,2028220.6,2028,Canada
1198,2028220.6,2028,Canada
1199,2028220.6,2028,Canada
1200,2028220.6,2028,Canada
1201,1921848.2,2029,Canada
1202,1921848.2,2029,Canada
1203,1921848.2,2029,Canada
1204,1921848.2,2029,Canada
1205,1921848.2,2029,Canada
1206,1921848.2,2029,Canada
1207,1921848.2,2029,Canada
1208,1921848.2,2029,Canada
1209,1921848.2,2029,Canada
1210,1921848.2,2029,Canada
1211,1921848.2,2029,Canada
1212,1921848.2,2029,Canada
1213,1921848.2,2029,Canada
1214,1921848.2,2029,Canada
1215,1921848.2,2029,Canada
1216,1921848.2,2029,Canada
1217,1855635.6,2030,Canada
1218,1855635.6,2030,Canada
1219,1855635.6,2030,Canada
1220,1855635.6,2030,Canada
1221,1855635.6,2030,Canada
1222,1855635.6,2030,Canada
1223,1855635.6,2030,Canada
1224,1855635.6,2030,Canada
1225,1855635.6,2030,Canada
1226,1855635.6,2030,Canada
1227,1855635.6,2030,Canada
1228,1855635.6,2030,Canada
1229,1855635.6,2030,Canada
1230,1855635.6,2030,Canada
1231,1855635.6,2030,Canada
1232,1855635.6,2030,Canada
1233,139771.3,2021,Chile
1234,140771.84,2022,Chile
1235,162821.66,2023,Chile
1236,164503.86,2024,Chile
1237,174087.08,2025,Chile
1238,188722.58,2026,Chile
1239,197403.8,2027,Chile
1240,177217.3,2028,Chile
1241,165221.81,2029,Chile
1242,162581.19,2030,Chile
1243,656391.0,2021,China
1244,721243.9,2022,China
1245,653437.56,2023,China
1246,700648.06,2024,China
1247,802616.1,2025,China
1248,901520.8,2026,China
1249,947354.7,2027,China
1250,791987.5,2028,China
1251,818969.06,2029,China
1252,781909.5,2030,China
1253,324143.25,2021,Colombia
1254,336490.2,2022,Colombia
1255,360532.66,2023,Colombia
1256,369225.06,2024,Colombia
1257,354309.1,2025,Colombia
1258,347994.97,2026,Colombia
1259,401549.28,2027,Colombia
1260,398145.2,2028,Colombia
1261,363033.12,2029,Colombia
1262,347112.0,2030,Colombia
1263,29753.268,2021,Czech Republic
1264,31566.008,2022,Czech Republic
1265,29809.324,2023,Czech Republic
1266,23474.574,2024,Czech Republic
1267,28222.02,2025,Czech Republic
1268,36747.785,2026,Czech Republic
1269,54732.652,2027,Czech Republic
1270,47873.164,2028,Czech Republic
1271,54264.53,2029,Czech Republic
1272,45192.273,2030,Czech Republic
1273,-1351.917,2021,"Egypt, Arab Rep."
1274,-5657.2104,2022,"Egypt, Arab Rep."
1275,-11945.904,2023,"Egypt, Arab Rep."
1276,-10041.321,2024,"Egypt, Arab Rep."
1277,-19577.379,2025,"Egypt, Arab Rep."
1278,-18348.8,2026,"Egypt, Arab Rep."
1279,-15596.464,2027,"Egypt, Arab Rep."
1280,-25187.148,2028,"Egypt, Arab Rep."
1281,-9544.054,2029,"Egypt, Arab Rep."
1282,-14158.476,2030,"Egypt, Arab Rep."
1283,82724.07,2021,France
1284,77116.37,2022,France
1285,76132.01,2023,France
1286,88014.18,2024,France
1287,86256.78,2025,France
1288,90410.336,2026,France
1289,93431.24,2027,France
1290,73241.44,2028,France
1291,86490.2,2029,France
1292,85580.695,2030,France
1293,4319.9517,2021,Georgia
1294,3435.5525,2022,Georgia
1295,5179.5347,2023,Georgia
1296,5100.717,2024,Georgia
1297,22515.855,2025,Georgia
1298,23509.586,2026,Georgia
1299,21705.895,2027,Georgia
1300,27765.588,2028,Georgia
1301,20832.791,2029,Georgia
1302,32849.926,2030,Georgia
1303,54800.64,2021,Germany
1304,60569.77,2022,Germany
1305,63690.375,2023,Germany
1306,61893.117,2024,Germany
1307,59789.46,2025,Germany
1308,69456.51,2026,Germany
1309,65147.01,2027,Germany
1310,63299.2,2028,Germany
1311,58834.086,2029,Germany
1312,63693.42,2030,Germany
1313,59712.027,2021,Greece
1314,58074.945,2022,Greece
1315,60441.36,2023,Greece
1316,59010.527,2024,Greece
1317,56065.992,2025,Greece
1318,55994.156,2026,Greece
1319,50508.883,2027,Greece
1320,52609.02,2028,Greece
1321,51037.676,2029,Greece
1322,50829.266,2030,Greece
1323,20654.309,2021,Hungary
1324,19541.373,2022,Hungary
1325,15150.614,2023,Hungary
1326,13315.897,2024,Hungary
1327,15163.585,2025,Hungary
1328,14793.308,2026,Hungary
1329,19429.158,2027,Hungary
1330,18355.402,2028,Hungary
1331,18287.04,2029,Hungary
1332,29328.83,2030,Hungary
1333,203005.02,2021,India
1334,207636.34,2022,India
1335,224273.9,2023,India
1336,205575.19,2024,India
1337,203356.08,2025,India
1338,237575.67,2026,India
1339,231886.34,2027,India
1340,236759.34,2028,India
1341,221080.22,2029,India
1342,230708.52,2030,India
1343,1275724.8,2021,Indonesia
1344,1309132.4,2022,Indonesia
1345,1428832.2,2023,Indonesia
1346,1432200.8,2024,Indonesia
1347,1341414.5,2025,Indonesia
1348,1296498.5,2026,Indonesia
1349,1406605.0,2027,Indonesia
1350,1391344.0,2028,Indonesia
1351,1210980.9,2029,Indonesia
1352,1030318.2,2030,Indonesia
1353,26286.877,2021,"Iran, Islamic Rep."
1354,31610.055,2022,"Iran, Islamic Rep."
1355,21948.965,2023,"Iran, Islamic Rep."
1356,23855.121,2024,"Iran, Islamic Rep."
1357,51309.223,2025,"Iran, Islamic Rep."
1358,82953.54,2026,"Iran, Islamic Rep."
1359,78842.32,2027,"Iran, Islamic Rep."
1360,44225.6,2028,"Iran, Islamic Rep."
1361,28784.146,2029,"Iran, Islamic Rep."
1362,46734.348,2030,"Iran, Islamic Rep."
1363,78117.12,2021,Italy
1364,71276.66,2022,Italy
1365,83732.27,2023,Italy
1366,87587.12,2024,Italy
1367,76197.67,2025,Italy
1368,82342.12,2026,Italy
1369,77082.46,2027,Italy
1370,163453.73,2028,Italy
1371,76914.305,2029,Italy
1372,79049.01,2030,Italy
1373,57406.68,2021,Japan
1374,57386.707,2022,Japan
1375,51832.69,2023,Japan
1376,51352.23,2024,Japan
1377,56927.227,2025,Japan
1378,54443.484,2026,Japan
1379,49881.4,2027,Japan
1380,54916.28,2028,Japan
1381,55036.934,2029,Japan
1382,54772.367,2030,Japan
1383,74458.77,2021,Kazakhstan
1384,40411.11,2022,Kazakhstan
1385,52593.547,2023,Kazakhstan
1386,48056.668,2024,Kazakhstan
1387,58664.86,2025,Kazakhstan
1388,59447.055,2026,Kazakhstan
1389,56033.543,2027,Kazakhstan
1390,27479.008,2028,Kazakhstan
1391,32092.105,2029,Kazakhstan
1392,33977.7,2030,Kazakhstan
1393,-21143.719,2021,"Korea, Rep."
1394,-17489.367,2022,"Korea, Rep."
1395,6619.2407,2023,"Korea, Rep."
1396,-4751.2056,2024,"Korea, Rep."
1397,5323.9473,2025,"Korea, Rep."
1398,9141.712,2026,"Korea, Rep."
1399,8334.79,2027,"Korea, Rep."
1400,25680.254,2028,"Korea, Rep."
1401,30916.594,2029,"Korea, Rep."
1402,13335.577,2030,"Korea, Rep."
1403,-1544.2646,2021,Kyrgyz Republic
1404,-86.057396,2022,Kyrgyz Republic
1405,-1659.1227,2023,Kyrgyz Republic
1406,-1857.0288,2024,Kyrgyz Republic
1407,-764.73254,2025,Kyrgyz Republic
1408,-2642.635,2026,Kyrgyz Republic
1409,-2573.5427,2027,Kyrgyz Republic
1410,4007.8413,2028,Kyrgyz Republic
1411,4434.5654,2029,Kyrgyz Republic
1412,-430.6439,2030,Kyrgyz Republic
1413,468260.78,2021,Malaysia
1414,442187.16,2022,Malaysia
1415,431183.62,2023,Malaysia
1416,435618.66,2024,Malaysia
1417,443980.94,2025,Malaysia
1418,429387.2,2026,Malaysia
1419,431975.53,2027,Malaysia
1420,354044.22,2028,Malaysia
1421,367740.28,2029,Malaysia
1422,377878.1,2030,Malaysia
1423,305785.06,2021,Mexico
1424,255905.2,2022,Mexico
1425,232458.44,2023,Mexico
1426,284776.56,2024,Mexico
1427,355211.72,2025,Mexico
1428,369267.38,2026,Mexico
1429,333575.53,2027,Mexico
1430,296318.56,2028,Mexico
1431,370033.0,2029,Mexico
1432,359723.5,2030,Mexico
1433,9394.62,2021,Mongolia
1434,9172.038,2022,Mongolia
1435,6847.858,2023,Mongolia
1436,6779.0894,2024,Mongolia
1437,9150.531,2025,Mongolia
1438,3694.237,2026,Mongolia
1439,7834.683,2027,Mongolia
1440,2659.503,2028,Mongolia
1441,5460.518,2029,Mongolia
1442,-8871.919,2030,Mongolia
1443,4363.022,2021,Morocco
1444,2526.4172,2022,Morocco
1445,21546.256,2023,Morocco
1446,20856.666,2024,Morocco
1447,18567.355,2025,Morocco
1448,32915.34,2026,Morocco
1449,35146.016,2027,Morocco
1450,34671.19,2028,Morocco
1451,29724.385,2029,Morocco
1452,34330.152,2030,Morocco
1453,215302.3,2021,Mozambique
1454,225250.56,2022,Mozambique
1455,219123.1,2023,Mozambique
1456,220922.06,2024,Mozambique
1457,239875.86,2025,Mozambique
1458,243609.36,2026,Mozambique
1459,264312.25,2027,Mozambique
1460,258452.52,2028,Mozambique
1461,253251.25,2029,Mozambique
1462,262199.12,2030,Mozambique
1463,201785.47,2021,Myanmar
1464,191956.23,2022,Myanmar
1465,202950.94,2023,Myanmar
1466,198396.1,2024,Myanmar
1467,178313.56,2025,Myanmar
1468,150367.52,2026,Myanmar
1469,165629.34,2027,Myanmar
1470,182783.44,2028,Myanmar
1471,220500.69,2029,Myanmar
1472,171780.58,2030,Myanmar
1473,68602.05,2021,New Zealand
1474,62120.0,2022,New Zealand
1475,69429.61,2023,New Zealand
1476,61174.406,2024,New Zealand
1477,76700.06,2025,New Zealand
1478,73129.92,2026,New Zealand
1479,66946.16,2027,New Zealand
1480,62464.668,2028,New Zealand
1481,59938.254,2029,New Zealand
1482,80161.77,2030,New Zealand
1483,31773.398,2021,Niger
1484,27211.85,2022,Niger
1485,27506.357,2023,Niger
1486,50455.676,2024,Niger
1487,59393.83,2025,Niger
1488,62559.625,2026,Niger
1489,52304.305,2027,Niger
1490,51415.17,2028,Niger
1491,62170.523,2029,Niger
1492,71297.32,2030,Niger
1493,197919.34,2021,Nigeria
1494,233054.77,2022,Nigeria
1495,230707.19,2023,Nigeria
1496,261039.83,2024,Nigeria
1497,327110.1,2025,Nigeria
1498,313053.62,2026,Nigeria
1499,347195.3,2027,Nigeria
1500,270947.56,2028,Nigeria
1501,306090.6,2029,Nigeria
1502,329632.1,2030,Nigeria
1503,56091.363,2021,Norway
1504,45452.69,2022,Norway
1505,48375.51,2023,Norway
1506,40762.133,2024,Norway
1507,42835.223,2025,Norway
1508,9020.904,2026,Norway
1509,19416.39,2027,Norway
1510,22722.0,2028,Norway
1511,52723.133,2029,Norway
1512,38635.62,2030,Norway
1513,141716.95,2021,Pakistan
1514,142850.62,2022,Pakistan
1515,155425.5,2023,Pakistan
1516,154204.61,2024,Pakistan
1517,129748.836,2025,Pakistan
1518,123643.914,2026,Pakistan
1519,119535.87,2027,Pakistan
1520,125484.95,2028,Pakistan
1521,141171.38,2029,Pakistan
1522,124839.85,2030,Pakistan
1523,216700.23,2021,Peru
1524,207026.52,2022,Peru
1525,207819.12,2023,Peru
1526,217596.83,2024,Peru
1527,224206.84,2025,Peru
1528,249314.02,2026,Peru
1529,240958.3,2027,Peru
1530,241710.17,2028,Peru
1531,235411.75,2029,Peru
1532,235399.7,2030,Peru
1533,88911.664,2021,Philippines
1534,81074.16,2022,Philippines
1535,90713.06,2023,Philippines
1536,94996.07,2024,Philippines
1537,78646.82,2025,Philippines
1538,84259.67,2026,Philippines
1539,84978.086,2027,Philippines
1540,85293.78,2028,Philippines
1541,97527.48,2029,Philippines
1542,91313.055,2030,Philippines
1543,80096.39,2021,Poland
1544,81453.74,2022,Poland
1545,81548.016,2023,Poland
1546,81802.42,2024,Poland
1547,81003.91,2025,Poland
1548,105520.195,2026,Poland
1549,71145.195,2027,Poland
1550,74600.55,2028,Poland
1551,77809.52,2029,Poland
1552,83628.086,2030,Poland
1553,24531.455,2021,Romania
1554,24681.031,2022,Romania
1555,32013.023,2023,Romania
1556,31107.996,2024,Romania
1557,47781.95,2025,Romania
1558,56147.855,2026,Romania
1559,38616.863,2027,Romania
1560,43893.562,2028,Romania
1561,45824.09,2029,Romania
1562,55024.367,2030,Romania
1563,4779808.0,2021,Russian Federation
1564,4797374.5,2022,Russian Federation
1565,4763126.0,2023,Russian Federation
1566,4814691.0,2024,Russian Federation
1567,4805315.0,2025,Russian Federation
1568,4644274.0,2026,Russian Federation
1569,4704038.5,2027,Russian Federation
1570,4681757.0,2028,Russian Federation
1571,4870972.0,2029,Russian Federation
1572,4632739.5,2030,Russian Federation
1573,53923.94,2021,Serbia
1574,53613.555,2022,Serbia
1575,52313.383,2023,Serbia
1576,54254.434,2024,Serbia
1577,36148.367,2025,Serbia
1578,41857.363,2026,Serbia
1579,42926.85,2027,Serbia
1580,48437.055,2028,Serbia
1581,114276.695,2029,Serbia
1582,59590.04,2030,Serbia
1583,32859.973,2021,Slovak Republic
1584,33986.44,2022,Slovak Republic
1585,34594.81,2023,Slovak Republic
1586,15362.375,2024,Slovak Republic
1587,28828.666,2025,Slovak Republic
1588,36515.01,2026,Slovak Republic
1589,37012.297,2027,Slovak Republic
1590,34733.41,2028,Slovak Republic
1591,57676.633,2029,Slovak Republic
1592,39648.047,2030,Slovak Republic
1593,5404.3516,2021,Slovenia
1594,7540.0864,2022,Slovenia
1595,7590.113,2023,Slovenia
1596,7632.6216,2024,Slovenia
1597,23901.982,2025,Slovenia
1598,24494.059,2026,Slovenia
1599,26126.582,2027,Slovenia
1600,26412.684,2028,Slovenia
1601,24208.756,2029,Slovenia
1602,22973.562,2030,Slovenia
1603,159034.22,2021,South Africa
1604,154381.48,2022,South Africa
1605,109853.26,2023,South Africa
1606,126177.29,2024,South Africa
1607,131061.25,2025,South Africa
1608,125718.49,2026,South Africa
1609,233887.12,2027,South Africa
1610,130094.42,2028,South Africa
1611,122601.67,2029,South Africa
1612,111439.27,2030,South Africa
1613,112810.414,2021,Spain
1614,82804.67,2022,Spain
1615,110079.08,2023,Spain
1616,123981.08,2024,Spain
1617,90350.93,2025,Spain
1618,127453.01,2026,Spain
1619,169315.98,2027,Spain
1620,179625.8,2028,Spain
1621,142945.36,2029,Spain
1622,219376.28,2030,Spain
1623,56.33503,2021,Tajikistan
1624,7200.4263,2022,Tajikistan
1625,5791.2134,2023,Tajikistan
1626,7822.3647,2024,Tajikistan
1627,13744.645,2025,Tajikistan
1628,11426.815,2026,Tajikistan
1629,9341.717,2027,Tajikistan
1630,7786.5894,2028,Tajikistan
1631,14664.908,2029,Tajikistan
1632,12340.037,2030,Tajikistan
1633,171725.81,2021,Thailand
1634,154134.88,2022,Thailand
1635,143032.48,2023,Thailand
1636,161182.98,2024,Thailand
1637,143574.19,2025,Thailand
1638,166480.5,2026,Thailand
1639,182253.5,2027,Thailand
1640,156011.42,2028,Thailand
1641,117925.85,2029,Thailand
1642,120844.34,2030,Thailand
1643,47747.32,2021,Turkey
1644,52089.797,2022,Turkey
1645,58748.64,2023,Turkey
1646,83864.61,2024,Turkey
1647,73875.95,2025,Turkey
1648,74912.836,2026,Turkey
1649,57446.03,2027,Turkey
1650,78393.79,2028,Turkey
1651,117487.49,2029,Turkey
1652,95010.55,2030,Turkey
1653,96345.664,2021,Ukraine
1654,105267.74,2022,Ukraine
1655,98963.96,2023,Ukraine
1656,100791.086,2024,Ukraine
1657,100047.93,2025,Ukraine
1658,99766.164,2026,Ukraine
1659,97137.77,2027,Ukraine
1660,101472.305,2028,Ukraine
1661,99857.38,2029,Ukraine
1662,105778.47,2030,Ukraine
1663,47555.062,2021,United Kingdom
1664,42267.695,2022,United Kingdom
1665,50425.555,2023,United Kingdom
1666,43036.508,2024,United Kingdom
1667,38739.31,2025,United Kingdom
1668,22812.393,2026,United Kingdom
1669,20636.963,2027,United Kingdom
1670,14846.216,2028,United Kingdom
1671,35964.195,2029,United Kingdom
1672,38661.992,2030,United Kingdom
1673,2095170.4,2021,United States
1674,2107453.2,2022,United States
1675,2070633.8,2023,United States
1676,2064249.0,2024,United States
1677,2051607.5,2025,United States
1678,2090775.5,2026,United States
1679,2107950.8,2027,United States
1680,2090503.1,2028,United States
1681,2109670.0,2029,United States
1682,2104346.2,2030,United States
1683,7113.266,2021,Uzbekistan
1684,5405.51,2022,Uzbekistan
1685,10075.463,2023,Uzbekistan
1686,11597.843,2024,Uzbekistan
1687,14384.753,2025,Uzbekistan
1688,12047.298,2026,Uzbekistan
1689,10597.711,2027,Uzbekistan
1690,11434.17,2028,Uzbekistan
1691,11387.576,2029,Uzbekistan
1692,11293.732,2030,Uzbekistan
1693,107458.72,2021,"Venezuela, RB"
1694,107971.195,2022,"Venezuela, RB"
1695,135342.64,2023,"Venezuela, RB"
1696,104118.3,2024,"Venezuela, RB"
1697,130039.914,2025,"Venezuela, RB"
1698,129257.42,2026,"Venezuela, RB"
1699,77653.8,2027,"Venezuela, RB"
1700,64225.074,2028,"Venezuela, RB"
1701,102996.69,2029,"Venezuela, RB"
1702,114825.61,2030,"Venezuela, RB"
1703,270686.3,2021,Vietnam
1704,267845.56,2022,Vietnam
1705,281474.7,2023,Vietnam
1706,235126.1,2024,Vietnam
1707,240089.12,2025,Vietnam
1708,314267.25,2026,Vietnam
1709,218491.42,2027,Vietnam
1710,216913.06,2028,Vietnam
1711,306335.06,2029,Vietnam
1712,304948.22,2030,Vietnam
