time,Forest Rents (% GDP),Country
2021-01-01,0.168859464,Afghanistan
2022-01-01,0.166317521,Afghanistan
2023-01-01,0.154180377,Afghanistan
2024-01-01,0.132440411,Afghanistan
2025-01-01,0.093318293,Afghanistan
2026-01-01,0.09077635,Afghanistan
2027-01-01,0.078639207,Afghanistan
2028-01-01,0.05689924,Afghanistan
2029-01-01,0.017777122,Afghanistan
2030-01-01,0.015235179,Afghanistan
2021-01-01,2.755144066,Africa Eastern and Southern
2022-01-01,2.798574303,Africa Eastern and Southern
2023-01-01,2.863702265,Africa Eastern and Southern
2024-01-01,2.950422105,Africa Eastern and Southern
2025-01-01,2.674573165,Africa Eastern and Southern
2026-01-01,2.718003402,Africa Eastern and Southern
2027-01-01,2.783131364,Africa Eastern and Southern
2028-01-01,2.869851204,Africa Eastern and Southern
2029-01-01,2.594002264,Africa Eastern and Southern
2030-01-01,2.6374325,Africa Eastern and Southern
2021-01-01,1.920570644,Africa Western and Central
2022-01-01,1.862008191,Africa Western and Central
2023-01-01,1.820963349,Africa Western and Central
2024-01-01,1.797415826,Africa Western and Central
2025-01-01,1.699859439,Africa Western and Central
2026-01-01,1.641296986,Africa Western and Central
2027-01-01,1.600252145,Africa Western and Central
2028-01-01,1.576704621,Africa Western and Central
2029-01-01,1.479148235,Africa Western and Central
2030-01-01,1.420585782,Africa Western and Central
2021-01-01,0.207037768,Albania
2022-01-01,0.219661183,Albania
2023-01-01,0.232025792,Albania
2024-01-01,0.244126933,Albania
2025-01-01,0.241745641,Albania
2026-01-01,0.254369056,Albania
2027-01-01,0.266733665,Albania
2028-01-01,0.278834806,Albania
2029-01-01,0.276453514,Albania
2030-01-01,0.289076929,Albania
2021-01-01,0.170059379,Algeria
2022-01-01,0.172596408,Algeria
2023-01-01,0.175252356,Algeria
2024-01-01,0.17802799,Algeria
2025-01-01,0.183360488,Algeria
2026-01-01,0.185897516,Algeria
2027-01-01,0.188553464,Algeria
2028-01-01,0.191329099,Algeria
2029-01-01,0.196661596,Algeria
2030-01-01,0.199198625,Algeria
2021-01-01,0,American Samoa
2022-01-01,0,American Samoa
2023-01-01,0,American Samoa
2024-01-01,0,American Samoa
2025-01-01,0,American Samoa
2026-01-01,0,American Samoa
2027-01-01,0,American Samoa
2028-01-01,0,American Samoa
2029-01-01,0,American Samoa
2030-01-01,0,American Samoa
2021-01-01,0,Andorra
2022-01-01,0,Andorra
2023-01-01,0,Andorra
2024-01-01,0,Andorra
2025-01-01,0,Andorra
2026-01-01,0,Andorra
2027-01-01,0,Andorra
2028-01-01,0,Andorra
2029-01-01,0,Andorra
2030-01-01,0,Andorra
2021-01-01,0.165830976,Angola
2022-01-01,0.101965275,Angola
2023-01-01,0.037608444,Angola
2024-01-01,-0.027207034,Angola
2025-01-01,0.01683131,Angola
2026-01-01,-0.047034391,Angola
2027-01-01,-0.111391222,Angola
2028-01-01,-0.1762067,Angola
2029-01-01,-0.132168356,Angola
2030-01-01,-0.196034057,Angola
2021-01-01,0,Antigua and Barbuda
2022-01-01,0,Antigua and Barbuda
2023-01-01,0,Antigua and Barbuda
2024-01-01,0,Antigua and Barbuda
2025-01-01,0,Antigua and Barbuda
2026-01-01,0,Antigua and Barbuda
2027-01-01,0,Antigua and Barbuda
2028-01-01,0,Antigua and Barbuda
2029-01-01,0,Antigua and Barbuda
2030-01-01,0,Antigua and Barbuda
2021-01-01,0.108438446,Arab World
2022-01-01,0.112457435,Arab World
2023-01-01,0.11683008,Arab World
2024-01-01,0.121555113,Arab World
2025-01-01,0.12187184,Arab World
2026-01-01,0.125890829,Arab World
2027-01-01,0.130263474,Arab World
2028-01-01,0.134988507,Arab World
2029-01-01,0.135305235,Arab World
2030-01-01,0.139324223,Arab World
2021-01-01,0.119515504,Argentina
2022-01-01,0.12200929,Argentina
2023-01-01,0.122774249,Argentina
2024-01-01,0.121810672,Argentina
2025-01-01,0.123058103,Argentina
2026-01-01,0.12555189,Argentina
2027-01-01,0.126316849,Argentina
2028-01-01,0.125353271,Argentina
2029-01-01,0.126600703,Argentina
2030-01-01,0.129094489,Argentina
2021-01-01,0.365996283,Armenia
2022-01-01,0.387793168,Armenia
2023-01-01,0.410315859,Armenia
2024-01-01,0.433557856,Armenia
2025-01-01,0.434859641,Armenia
2026-01-01,0.456656526,Armenia
2027-01-01,0.479179217,Armenia
2028-01-01,0.502421214,Armenia
2029-01-01,0.503722999,Armenia
2030-01-01,0.525519884,Armenia
2021-01-01,0.003769826,Aruba
2022-01-01,0.003956532,Aruba
2023-01-01,0.004119054,Aruba
2024-01-01,0.004257414,Aruba
2025-01-01,0.004481115,Aruba
2026-01-01,0.004667821,Aruba
2027-01-01,0.004830343,Aruba
2028-01-01,0.004968703,Aruba
2029-01-01,0.005192405,Aruba
2030-01-01,0.00537911,Aruba
2021-01-01,0.135065302,Australia
2022-01-01,0.129143711,Australia
2023-01-01,0.122294886,Australia
2024-01-01,0.114524891,Australia
2025-01-01,0.127702804,Australia
2026-01-01,0.121781213,Australia
2027-01-01,0.114932388,Australia
2028-01-01,0.107162393,Australia
2029-01-01,0.120340305,Australia
2030-01-01,0.114418714,Australia
2021-01-01,0.063804581,Austria
2022-01-01,0.067613372,Austria
2023-01-01,0.06972932,Austria
2024-01-01,0.070149558,Austria
2025-01-01,0.062681336,Austria
2026-01-01,0.066490127,Austria
2027-01-01,0.068606074,Austria
2028-01-01,0.069026312,Austria
2029-01-01,0.06155809,Austria
2030-01-01,0.065366881,Austria
2021-01-01,0.019446824,Azerbaijan
2022-01-01,0.019474055,Azerbaijan
2023-01-01,0.019478251,Azerbaijan
2024-01-01,0.019460661,Azerbaijan
2025-01-01,0.023559966,Azerbaijan
2026-01-01,0.023587197,Azerbaijan
2027-01-01,0.023591394,Azerbaijan
2028-01-01,0.023573803,Azerbaijan
2029-01-01,0.027673108,Azerbaijan
2030-01-01,0.02770034,Azerbaijan
2021-01-01,0.018084982,"Bahamas, The"
2022-01-01,0.018417623,"Bahamas, The"
2023-01-01,0.018741875,"Bahamas, The"
2024-01-01,0.019058077,"Bahamas, The"
2025-01-01,0.020436442,"Bahamas, The"
2026-01-01,0.020769084,"Bahamas, The"
2027-01-01,0.021093336,"Bahamas, The"
2028-01-01,0.021409538,"Bahamas, The"
2029-01-01,0.022787903,"Bahamas, The"
2030-01-01,0.023120545,"Bahamas, The"
2021-01-01,0.000711961,Bahrain
2022-01-01,0.000731743,Bahrain
2023-01-01,0.000751923,Bahrain
2024-01-01,0.000772489,Bahrain
2025-01-01,0.000751263,Bahrain
2026-01-01,0.000771045,Bahrain
2027-01-01,0.000791225,Bahrain
2028-01-01,0.000811792,Bahrain
2029-01-01,0.000790566,Bahrain
2030-01-01,0.000810347,Bahrain
2021-01-01,0.148872086,Bangladesh
2022-01-01,0.163809069,Bangladesh
2023-01-01,0.17801989,Bangladesh
2024-01-01,0.191482597,Bangladesh
2025-01-01,0.133662392,Bangladesh
2026-01-01,0.148599375,Bangladesh
2027-01-01,0.162810196,Bangladesh
2028-01-01,0.176272903,Bangladesh
2029-01-01,0.118452697,Bangladesh
2030-01-01,0.13338968,Bangladesh
2021-01-01,0.016758441,Barbados
2022-01-01,0.017194198,Barbados
2023-01-01,0.01763867,Barbados
2024-01-01,0.018092029,Barbados
2025-01-01,0.019058032,Barbados
2026-01-01,0.019493788,Barbados
2027-01-01,0.019938261,Barbados
2028-01-01,0.02039162,Barbados
2029-01-01,0.021357623,Barbados
2030-01-01,0.021793379,Barbados
2021-01-01,0.944883331,Belarus
2022-01-01,0.955753725,Belarus
2023-01-01,0.967684746,Belarus
2024-01-01,0.980694169,Belarus
2025-01-01,1.051087425,Belarus
2026-01-01,1.061957819,Belarus
2027-01-01,1.07388884,Belarus
2028-01-01,1.086898263,Belarus
2029-01-01,1.157291518,Belarus
2030-01-01,1.168161913,Belarus
2021-01-01,0.017362315,Belgium
2022-01-01,0.017700676,Belgium
2023-01-01,0.017667381,Belgium
2024-01-01,0.017262356,Belgium
2025-01-01,0.01691994,Belgium
2026-01-01,0.0172583,Belgium
2027-01-01,0.017225005,Belgium
2028-01-01,0.01681998,Belgium
2029-01-01,0.016477564,Belgium
2030-01-01,0.016815924,Belgium
2021-01-01,0.476657764,Belize
2022-01-01,0.484147674,Belize
2023-01-01,0.491672369,Belize
2024-01-01,0.49923624,Belize
2025-01-01,0.519942089,Belize
2026-01-01,0.527431998,Belize
2027-01-01,0.534956693,Belize
2028-01-01,0.542520564,Belize
2029-01-01,0.563226413,Belize
2030-01-01,0.570716322,Belize
2021-01-01,3.228014093,Benin
2022-01-01,3.312629814,Benin
2023-01-01,3.422079067,Benin
2024-01-01,3.556217966,Benin
2025-01-01,3.199151471,Benin
2026-01-01,3.283767193,Benin
2027-01-01,3.393216445,Benin
2028-01-01,3.527355344,Benin
2029-01-01,3.170288849,Benin
2030-01-01,3.254904571,Benin
2021-01-01,0,Bermuda
2022-01-01,0,Bermuda
2023-01-01,0,Bermuda
2024-01-01,0,Bermuda
2025-01-01,0,Bermuda
2026-01-01,0,Bermuda
2027-01-01,0,Bermuda
2028-01-01,0,Bermuda
2029-01-01,0,Bermuda
2030-01-01,0,Bermuda
2021-01-01,3.025127216,Bhutan
2022-01-01,3.189241905,Bhutan
2023-01-01,3.347946631,Bhutan
2024-01-01,3.501028461,Bhutan
2025-01-01,2.961237883,Bhutan
2026-01-01,3.125352572,Bhutan
2027-01-01,3.284057297,Bhutan
2028-01-01,3.437139127,Bhutan
2029-01-01,2.89734855,Bhutan
2030-01-01,3.061463239,Bhutan
2021-01-01,0.511055063,Bolivia
2022-01-01,0.525248577,Bolivia
2023-01-01,0.533166221,Bolivia
2024-01-01,0.534800591,Bolivia
2025-01-01,0.5153106,Bolivia
2026-01-01,0.529504114,Bolivia
2027-01-01,0.537421758,Bolivia
2028-01-01,0.539056127,Bolivia
2029-01-01,0.519566137,Bolivia
2030-01-01,0.53375965,Bolivia
2021-01-01,0.512099773,Bosnia and Herzegovina
2022-01-01,0.498106451,Bosnia and Herzegovina
2023-01-01,0.482042604,Bosnia and Herzegovina
2024-01-01,0.463919024,Bosnia and Herzegovina
2025-01-01,0.484489718,Bosnia and Herzegovina
2026-01-01,0.470496397,Bosnia and Herzegovina
2027-01-01,0.454432549,Bosnia and Herzegovina
2028-01-01,0.43630897,Bosnia and Herzegovina
2029-01-01,0.456879664,Bosnia and Herzegovina
2030-01-01,0.442886342,Bosnia and Herzegovina
2021-01-01,0.334786134,Botswana
2022-01-01,0.338342204,Botswana
2023-01-01,0.344475305,Botswana
2024-01-01,0.353177369,Botswana
2025-01-01,0.333035769,Botswana
2026-01-01,0.336591839,Botswana
2027-01-01,0.34272494,Botswana
2028-01-01,0.351427003,Botswana
2029-01-01,0.331285404,Botswana
2030-01-01,0.334841474,Botswana
2021-01-01,0.667026163,Brazil
2022-01-01,0.683637452,Brazil
2023-01-01,0.696773495,Brazil
2024-01-01,0.706430932,Brazil
2025-01-01,0.707819828,Brazil
2026-01-01,0.724431117,Brazil
2027-01-01,0.73756716,Brazil
2028-01-01,0.747224597,Brazil
2029-01-01,0.748613492,Brazil
2030-01-01,0.765224782,Brazil
2021-01-01,0.053546908,Brunei Darussalam
2022-01-01,0.050435534,Brunei Darussalam
2023-01-01,0.046410251,Brunei Darussalam
2024-01-01,0.041474463,Brunei Darussalam
2025-01-01,0.048599863,Brunei Darussalam
2026-01-01,0.045488488,Brunei Darussalam
2027-01-01,0.041463206,Brunei Darussalam
2028-01-01,0.036527418,Brunei Darussalam
2029-01-01,0.043652818,Brunei Darussalam
2030-01-01,0.040541443,Brunei Darussalam
2021-01-01,0.200220625,Bulgaria
2022-01-01,0.201615406,Bulgaria
2023-01-01,0.201715515,Bulgaria
2024-01-01,0.200514077,Bulgaria
2025-01-01,0.178422294,Bulgaria
2026-01-01,0.179817075,Bulgaria
2027-01-01,0.179917183,Bulgaria
2028-01-01,0.178715746,Bulgaria
2029-01-01,0.156623963,Bulgaria
2030-01-01,0.158018743,Bulgaria
2021-01-01,7.198510689,Burkina Faso
2022-01-01,7.386390678,Burkina Faso
2023-01-01,7.625163894,Burkina Faso
2024-01-01,7.914606687,Burkina Faso
2025-01-01,7.426167318,Burkina Faso
2026-01-01,7.614047308,Burkina Faso
2027-01-01,7.852820524,Burkina Faso
2028-01-01,8.142263316,Burkina Faso
2029-01-01,7.653823948,Burkina Faso
2030-01-01,7.841703937,Burkina Faso
2021-01-01,7.969369716,Burundi
2022-01-01,8.629379002,Burundi
2023-01-01,9.249600873,Burundi
2024-01-01,9.827912254,Burundi
2025-01-01,3.598416447,Burundi
2026-01-01,4.258425733,Burundi
2027-01-01,4.878647604,Burundi
2028-01-01,5.456958986,Burundi
2029-01-01,-0.772536822,Burundi
2030-01-01,-0.112527536,Burundi
2021-01-01,0.547841332,Cabo Verde
2022-01-01,0.562992007,Cabo Verde
2023-01-01,0.582336191,Cabo Verde
2024-01-01,0.605851709,Cabo Verde
2025-01-01,0.553421311,Cabo Verde
2026-01-01,0.568571986,Cabo Verde
2027-01-01,0.587916169,Cabo Verde
2028-01-01,0.611431688,Cabo Verde
2029-01-01,0.559001289,Cabo Verde
2030-01-01,0.574151964,Cabo Verde
2021-01-01,1.076556385,Cambodia
2022-01-01,1.152299114,Cambodia
2023-01-01,1.236111266,Cambodia
2024-01-01,1.327784908,Cambodia
2025-01-01,0.729231855,Cambodia
2026-01-01,0.804974584,Cambodia
2027-01-01,0.888786735,Cambodia
2028-01-01,0.980460377,Cambodia
2029-01-01,0.381907324,Cambodia
2030-01-01,0.457650053,Cambodia
2021-01-01,3.490491606,Cameroon
2022-01-01,3.579153658,Cameroon
2023-01-01,3.679682513,Cameroon
2024-01-01,3.792024404,Cameroon
2025-01-01,3.72154031,Cameroon
2026-01-01,3.810202362,Cameroon
2027-01-01,3.910731218,Cameroon
2028-01-01,4.023073109,Cameroon
2029-01-01,3.952589015,Cameroon
2030-01-01,4.041251067,Cameroon
2021-01-01,0.043620924,Canada
2022-01-01,0.03791743,Canada
2023-01-01,0.031868512,Canada
2024-01-01,0.025475618,Canada
2025-01-01,0.024170914,Canada
2026-01-01,0.018467419,Canada
2027-01-01,0.012418502,Canada
2028-01-01,0.006025608,Canada
2029-01-01,0.004720903,Canada
2030-01-01,-0.000982592,Canada
2021-01-01,0.600186695,Caribbean small states
2022-01-01,0.609511467,Caribbean small states
2023-01-01,0.618088825,Caribbean small states
2024-01-01,0.625931972,Caribbean small states
2025-01-01,0.675619511,Caribbean small states
2026-01-01,0.684944283,Caribbean small states
2027-01-01,0.693521641,Caribbean small states
2028-01-01,0.701364788,Caribbean small states
2029-01-01,0.751052327,Caribbean small states
2030-01-01,0.760377099,Caribbean small states
2021-01-01,0,Cayman Islands
2022-01-01,0,Cayman Islands
2023-01-01,0,Cayman Islands
2024-01-01,0,Cayman Islands
2025-01-01,0,Cayman Islands
2026-01-01,0,Cayman Islands
2027-01-01,0,Cayman Islands
2028-01-01,0,Cayman Islands
2029-01-01,0,Cayman Islands
2030-01-01,0,Cayman Islands
2021-01-01,11.67711257,Central African Republic
2022-01-01,11.51249725,Central African Republic
2023-01-01,11.39926077,Central African Republic
2024-01-01,11.33763833,Central African Republic
2025-01-01,11.99945129,Central African Republic
2026-01-01,11.83483597,Central African Republic
2027-01-01,11.72159949,Central African Republic
2028-01-01,11.65997705,Central African Republic
2029-01-01,12.32179,Central African Republic
2030-01-01,12.15717468,Central African Republic
2021-01-01,0.222499346,Central Europe and the Baltics
2022-01-01,0.219333582,Central Europe and the Baltics
2023-01-01,0.215806969,Central Europe and the Baltics
2024-01-01,0.211922335,Central Europe and the Baltics
2025-01-01,0.218301583,Central Europe and the Baltics
2026-01-01,0.215135818,Central Europe and the Baltics
2027-01-01,0.211609206,Central Europe and the Baltics
2028-01-01,0.207724572,Central Europe and the Baltics
2029-01-01,0.214103819,Central Europe and the Baltics
2030-01-01,0.210938054,Central Europe and the Baltics
2021-01-01,3.685138746,Chad
2022-01-01,3.505544075,Chad
2023-01-01,3.326084827,Chad
2024-01-01,3.146806141,Chad
2025-01-01,3.127018512,Chad
2026-01-01,2.94742384,Chad
2027-01-01,2.767964592,Chad
2028-01-01,2.588685907,Chad
2029-01-01,2.568898277,Chad
2030-01-01,2.389303606,Chad
2021-01-01,0,Channel Islands
2022-01-01,0,Channel Islands
2023-01-01,0,Channel Islands
2024-01-01,0,Channel Islands
2025-01-01,0,Channel Islands
2026-01-01,0,Channel Islands
2027-01-01,0,Channel Islands
2028-01-01,0,Channel Islands
2029-01-01,0,Channel Islands
2030-01-01,0,Channel Islands
2021-01-01,0.787196724,Chile
2022-01-01,0.790422114,Chile
2023-01-01,0.790259162,Chile
2024-01-01,0.786726291,Chile
2025-01-01,0.845609367,Chile
2026-01-01,0.848834757,Chile
2027-01-01,0.848671805,Chile
2028-01-01,0.845138934,Chile
2029-01-01,0.90402201,Chile
2030-01-01,0.907247399,Chile
2021-01-01,0.074374745,China
2022-01-01,0.071587049,China
2023-01-01,0.068836595,China
2024-01-01,0.066118209,China
2025-01-01,0.0463396,China
2026-01-01,0.043551903,China
2027-01-01,0.040801449,China
2028-01-01,0.038083063,China
2029-01-01,0.018304454,China
2030-01-01,0.015516758,China
2021-01-01,0.147685409,Colombia
2022-01-01,0.146749055,Colombia
2023-01-01,0.145568612,Colombia
2024-01-01,0.144146845,Colombia
2025-01-01,0.151937315,Colombia
2026-01-01,0.151000961,Colombia
2027-01-01,0.149820518,Colombia
2028-01-01,0.148398751,Colombia
2029-01-01,0.156189221,Colombia
2030-01-01,0.155252867,Colombia
2021-01-01,2.076209076,Comoros
2022-01-01,2.139095242,Comoros
2023-01-01,2.218762743,Comoros
2024-01-01,2.315161633,Comoros
2025-01-01,2.23402004,Comoros
2026-01-01,2.296906206,Comoros
2027-01-01,2.376573706,Comoros
2028-01-01,2.472972597,Comoros
2029-01-01,2.391831004,Comoros
2030-01-01,2.45471717,Comoros
2021-01-01,11.07603507,"Congo, Dem. Rep."
2022-01-01,11.07932285,"Congo, Dem. Rep."
2023-01-01,11.28747941,"Congo, Dem. Rep."
2024-01-01,11.6995925,"Congo, Dem. Rep."
2025-01-01,8.996082821,"Congo, Dem. Rep."
2026-01-01,8.999370593,"Congo, Dem. Rep."
2027-01-01,9.207527158,"Congo, Dem. Rep."
2028-01-01,9.619640245,"Congo, Dem. Rep."
2029-01-01,6.916130568,"Congo, Dem. Rep."
2030-01-01,6.91941834,"Congo, Dem. Rep."
2021-01-01,2.585120266,"Congo, Rep."
2022-01-01,2.483455138,"Congo, Rep."
2023-01-01,2.361690924,"Congo, Rep."
2024-01-01,2.21986386,"Congo, Rep."
2025-01-01,2.22281995,"Congo, Rep."
2026-01-01,2.121154823,"Congo, Rep."
2027-01-01,1.999390609,"Congo, Rep."
2028-01-01,1.857563544,"Congo, Rep."
2029-01-01,1.860519635,"Congo, Rep."
2030-01-01,1.758854508,"Congo, Rep."
2021-01-01,1.178931576,Costa Rica
2022-01-01,1.180183206,Costa Rica
2023-01-01,1.178235765,Costa Rica
2024-01-01,1.173095297,Costa Rica
2025-01-01,1.185719577,Costa Rica
2026-01-01,1.186971207,Costa Rica
2027-01-01,1.185023766,Costa Rica
2028-01-01,1.179883299,Costa Rica
2029-01-01,1.192507578,Costa Rica
2030-01-01,1.193759209,Costa Rica
2021-01-01,1.906129963,Cote d'Ivoire
2022-01-01,1.88374474,Cote d'Ivoire
2023-01-01,1.869466204,Cote d'Ivoire
2024-01-01,1.863261254,Cote d'Ivoire
2025-01-01,1.738769884,Cote d'Ivoire
2026-01-01,1.71638466,Cote d'Ivoire
2027-01-01,1.702106124,Cote d'Ivoire
2028-01-01,1.695901175,Cote d'Ivoire
2029-01-01,1.571409804,Cote d'Ivoire
2030-01-01,1.549024581,Cote d'Ivoire
2021-01-01,0.297074081,Croatia
2022-01-01,0.300590257,Croatia
2023-01-01,0.305716922,Croatia
2024-01-01,0.312454972,Croatia
2025-01-01,0.32108642,Croatia
2026-01-01,0.324602596,Croatia
2027-01-01,0.329729262,Croatia
2028-01-01,0.336467311,Croatia
2029-01-01,0.34509876,Croatia
2030-01-01,0.348614935,Croatia
2021-01-01,0.092392372,Cuba
2022-01-01,0.094368991,Cuba
2023-01-01,0.094586645,Cuba
2024-01-01,0.093045244,Cuba
2025-01-01,0.092564973,Cuba
2026-01-01,0.094541592,Cuba
2027-01-01,0.094759247,Cuba
2028-01-01,0.093217845,Cuba
2029-01-01,0.092737575,Cuba
2030-01-01,0.094714194,Cuba
2021-01-01,0,Curacao
2022-01-01,0,Curacao
2023-01-01,0,Curacao
2024-01-01,0,Curacao
2025-01-01,0,Curacao
2026-01-01,0,Curacao
2027-01-01,0,Curacao
2028-01-01,0,Curacao
2029-01-01,0,Curacao
2030-01-01,0,Curacao
2021-01-01,0.000781429,Cyprus
2022-01-01,0.000767375,Cyprus
2023-01-01,0.000760364,Cyprus
2024-01-01,0.000760376,Cyprus
2025-01-01,0.000697758,Cyprus
2026-01-01,0.000683705,Cyprus
2027-01-01,0.000676693,Cyprus
2028-01-01,0.000676705,Cyprus
2029-01-01,0.000614087,Cyprus
2030-01-01,0.000600034,Cyprus
2021-01-01,0.208926362,Czech Republic
2022-01-01,0.20565657,Czech Republic
2023-01-01,0.200986703,Czech Republic
2024-01-01,0.194923228,Czech Republic
2025-01-01,0.21198534,Czech Republic
2026-01-01,0.208715548,Czech Republic
2027-01-01,0.204045681,Czech Republic
2028-01-01,0.197982206,Czech Republic
2029-01-01,0.215044317,Czech Republic
2030-01-01,0.211774526,Czech Republic
2021-01-01,0.022321893,Denmark
2022-01-01,0.022363799,Denmark
2023-01-01,0.022360683,Denmark
2024-01-01,0.022313193,Denmark
2025-01-01,0.02441533,Denmark
2026-01-01,0.024457235,Denmark
2027-01-01,0.02445412,Denmark
2028-01-01,0.02440663,Denmark
2029-01-01,0.026508766,Denmark
2030-01-01,0.026550672,Denmark
2021-01-01,0.505142503,Djibouti
2022-01-01,0.539868131,Djibouti
2023-01-01,0.57517807,Djibouti
2024-01-01,0.611024702,Djibouti
2025-01-01,0.489373424,Djibouti
2026-01-01,0.524099052,Djibouti
2027-01-01,0.559408991,Djibouti
2028-01-01,0.595255623,Djibouti
2029-01-01,0.473604345,Djibouti
2030-01-01,0.508329973,Djibouti
2021-01-01,0.057074891,Dominica
2022-01-01,0.058285572,Dominica
2023-01-01,0.05952762,Dominica
2024-01-01,0.060801764,Dominica
2025-01-01,0.064280077,Dominica
2026-01-01,0.065490759,Dominica
2027-01-01,0.066732807,Dominica
2028-01-01,0.06800695,Dominica
2029-01-01,0.071485264,Dominica
2030-01-01,0.072695945,Dominica
2021-01-01,0.056226387,Dominican Republic
2022-01-01,0.058611449,Dominican Republic
2023-01-01,0.060901992,Dominican Republic
2024-01-01,0.06309738,Dominican Republic
2025-01-01,0.063136153,Dominican Republic
2026-01-01,0.065521215,Dominican Republic
2027-01-01,0.067811757,Dominican Republic
2028-01-01,0.070007146,Dominican Republic
2029-01-01,0.070045918,Dominican Republic
2030-01-01,0.072430981,Dominican Republic
2021-01-01,0.329234213,Early-demographic dividend
2022-01-01,0.338267472,Early-demographic dividend
2023-01-01,0.347014125,Early-demographic dividend
2024-01-01,0.355463118,Early-demographic dividend
2025-01-01,0.32802931,Early-demographic dividend
2026-01-01,0.33706257,Early-demographic dividend
2027-01-01,0.345809223,Early-demographic dividend
2028-01-01,0.354258216,Early-demographic dividend
2029-01-01,0.326824408,Early-demographic dividend
2030-01-01,0.335857668,Early-demographic dividend
2021-01-01,0.166007474,East Asia & Pacific
2022-01-01,0.168348092,East Asia & Pacific
2023-01-01,0.170262767,East Asia & Pacific
2024-01-01,0.171748672,East Asia & Pacific
2025-01-01,0.164230701,East Asia & Pacific
2026-01-01,0.166571319,East Asia & Pacific
2027-01-01,0.168485994,East Asia & Pacific
2028-01-01,0.169971899,East Asia & Pacific
2029-01-01,0.162453928,East Asia & Pacific
2030-01-01,0.164794546,East Asia & Pacific
2021-01-01,0.12260543,East Asia & Pacific (IDA & IBRD countries)
2022-01-01,0.114822645,East Asia & Pacific (IDA & IBRD countries)
2023-01-01,0.10256206,East Asia & Pacific (IDA & IBRD countries)
2024-01-01,0.085811992,East Asia & Pacific (IDA & IBRD countries)
2025-01-01,0.03624896,East Asia & Pacific (IDA & IBRD countries)
2026-01-01,0.028466176,East Asia & Pacific (IDA & IBRD countries)
2027-01-01,0.01620559,East Asia & Pacific (IDA & IBRD countries)
2028-01-01,-0.000544477,East Asia & Pacific (IDA & IBRD countries)
2029-01-01,-0.05010751,East Asia & Pacific (IDA & IBRD countries)
2030-01-01,-0.057890294,East Asia & Pacific (IDA & IBRD countries)
2021-01-01,0.122630303,East Asia & Pacific (excluding high income)
2022-01-01,0.114840027,East Asia & Pacific (excluding high income)
2023-01-01,0.102575408,East Asia & Pacific (excluding high income)
2024-01-01,0.085824774,East Asia & Pacific (excluding high income)
2025-01-01,0.036286834,East Asia & Pacific (excluding high income)
2026-01-01,0.028496558,East Asia & Pacific (excluding high income)
2027-01-01,0.016231939,East Asia & Pacific (excluding high income)
2028-01-01,-0.000518695,East Asia & Pacific (excluding high income)
2029-01-01,-0.050056635,East Asia & Pacific (excluding high income)
2030-01-01,-0.057846911,East Asia & Pacific (excluding high income)
2021-01-01,0.390865124,Ecuador
2022-01-01,0.394004539,Ecuador
2023-01-01,0.396806847,Ecuador
2024-01-01,0.39927737,Ecuador
2025-01-01,0.418324776,Ecuador
2026-01-01,0.421464191,Ecuador
2027-01-01,0.424266498,Ecuador
2028-01-01,0.426737021,Ecuador
2029-01-01,0.445784427,Ecuador
2030-01-01,0.448923842,Ecuador
2021-01-01,0.204816895,"Egypt, Arab Rep."
2022-01-01,0.206899214,"Egypt, Arab Rep."
2023-01-01,0.209364827,"Egypt, Arab Rep."
2024-01-01,0.212209821,"Egypt, Arab Rep."
2025-01-01,0.201747046,"Egypt, Arab Rep."
2026-01-01,0.203829365,"Egypt, Arab Rep."
2027-01-01,0.206294978,"Egypt, Arab Rep."
2028-01-01,0.209139972,"Egypt, Arab Rep."
2029-01-01,0.198677197,"Egypt, Arab Rep."
2030-01-01,0.200759516,"Egypt, Arab Rep."
2021-01-01,0.976974641,El Salvador
2022-01-01,0.998090465,El Salvador
2023-01-01,1.01896692,El Salvador
2024-01-01,1.039610922,El Salvador
2025-01-01,1.080413052,El Salvador
2026-01-01,1.101528876,El Salvador
2027-01-01,1.122405331,El Salvador
2028-01-01,1.143049333,El Salvador
2029-01-01,1.183851463,El Salvador
2030-01-01,1.204967287,El Salvador
2021-01-01,1.072968476,Equatorial Guinea
2022-01-01,0.846152614,Equatorial Guinea
2023-01-01,0.614195505,Equatorial Guinea
2024-01-01,0.377333702,Equatorial Guinea
2025-01-01,0.923052288,Equatorial Guinea
2026-01-01,0.696236427,Equatorial Guinea
2027-01-01,0.464279318,Equatorial Guinea
2028-01-01,0.227417514,Equatorial Guinea
2029-01-01,0.773136101,Equatorial Guinea
2030-01-01,0.546320239,Equatorial Guinea
2021-01-01,0.467776652,Eritrea
2022-01-01,0.555776821,Eritrea
2023-01-01,0.655215727,Eritrea
2024-01-01,0.765763387,Eritrea
2025-01-01,-0.204593798,Eritrea
2026-01-01,-0.116593629,Eritrea
2027-01-01,-0.017154723,Eritrea
2028-01-01,0.093392937,Eritrea
2029-01-01,-0.876964249,Eritrea
2030-01-01,-0.788964079,Eritrea
2021-01-01,0.743072732,Estonia
2022-01-01,0.652467061,Estonia
2023-01-01,0.558544481,Estonia
2024-01-01,0.46138677,Estonia
2025-01-01,0.636533849,Estonia
2026-01-01,0.545928178,Estonia
2027-01-01,0.452005598,Estonia
2028-01-01,0.354847887,Estonia
2029-01-01,0.529994967,Estonia
2030-01-01,0.439389295,Estonia
2021-01-01,3.165087862,Eswatini
2022-01-01,3.177562236,Eswatini
2023-01-01,3.195684766,Eswatini
2024-01-01,3.219485142,Eswatini
2025-01-01,3.333596887,Eswatini
2026-01-01,3.346071261,Eswatini
2027-01-01,3.364193791,Eswatini
2028-01-01,3.387994167,Eswatini
2029-01-01,3.502105912,Eswatini
2030-01-01,3.514580286,Eswatini
2021-01-01,1.916873113,Ethiopia
2022-01-01,2.25107626,Ethiopia
2023-01-01,2.444614546,Ethiopia
2024-01-01,2.495774682,Ethiopia
2025-01-01,-2.776147391,Ethiopia
2026-01-01,-2.441944243,Ethiopia
2027-01-01,-2.248405957,Ethiopia
2028-01-01,-2.197245821,Ethiopia
2029-01-01,-7.469167894,Ethiopia
2030-01-01,-7.134964747,Ethiopia
2021-01-01,0.043778891,Euro area
2022-01-01,0.044772621,Euro area
2023-01-01,0.045015609,Euro area
2024-01-01,0.044507888,Euro area
2025-01-01,0.044721701,Euro area
2026-01-01,0.045715431,Euro area
2027-01-01,0.045958419,Euro area
2028-01-01,0.045450698,Euro area
2029-01-01,0.04566451,Euro area
2030-01-01,0.04665824,Euro area
2021-01-01,0.078515193,Europe & Central Asia
2022-01-01,0.080045174,Europe & Central Asia
2023-01-01,0.080460359,Europe & Central Asia
2024-01-01,0.079761188,Europe & Central Asia
2025-01-01,0.081675817,Europe & Central Asia
2026-01-01,0.083205798,Europe & Central Asia
2027-01-01,0.083620983,Europe & Central Asia
2028-01-01,0.082921812,Europe & Central Asia
2029-01-01,0.08483644,Europe & Central Asia
2030-01-01,0.086366421,Europe & Central Asia
2021-01-01,0.182303165,Europe & Central Asia (IDA & IBRD countries)
2022-01-01,0.174766879,Europe & Central Asia (IDA & IBRD countries)
2023-01-01,0.165986351,Europe & Central Asia (IDA & IBRD countries)
2024-01-01,0.155965903,Europe & Central Asia (IDA & IBRD countries)
2025-01-01,0.16197739,Europe & Central Asia (IDA & IBRD countries)
2026-01-01,0.154441104,Europe & Central Asia (IDA & IBRD countries)
2027-01-01,0.145660576,Europe & Central Asia (IDA & IBRD countries)
2028-01-01,0.135640128,Europe & Central Asia (IDA & IBRD countries)
2029-01-01,0.141651615,Europe & Central Asia (IDA & IBRD countries)
2030-01-01,0.134115329,Europe & Central Asia (IDA & IBRD countries)
2021-01-01,0.175455276,Europe & Central Asia (excluding high income)
2022-01-01,0.164611462,Europe & Central Asia (excluding high income)
2023-01-01,0.152348782,Europe & Central Asia (excluding high income)
2024-01-01,0.138673617,Europe & Central Asia (excluding high income)
2025-01-01,0.147955253,Europe & Central Asia (excluding high income)
2026-01-01,0.137111438,Europe & Central Asia (excluding high income)
2027-01-01,0.124848759,Europe & Central Asia (excluding high income)
2028-01-01,0.111173593,Europe & Central Asia (excluding high income)
2029-01-01,0.120455229,Europe & Central Asia (excluding high income)
2030-01-01,0.109611415,Europe & Central Asia (excluding high income)
2021-01-01,0.062572972,European Union
2022-01-01,0.064007079,European Union
2023-01-01,0.064301966,European Union
2024-01-01,0.063457862,European Union
2025-01-01,0.064401683,European Union
2026-01-01,0.065835791,European Union
2027-01-01,0.066130677,European Union
2028-01-01,0.065286573,European Union
2029-01-01,0.066230395,European Union
2030-01-01,0.067664502,European Union
2021-01-01,0,Faroe Islands
2022-01-01,0,Faroe Islands
2023-01-01,0,Faroe Islands
2024-01-01,0,Faroe Islands
2025-01-01,0,Faroe Islands
2026-01-01,0,Faroe Islands
2027-01-01,0,Faroe Islands
2028-01-01,0,Faroe Islands
2029-01-01,0,Faroe Islands
2030-01-01,0,Faroe Islands
2021-01-01,1.009261334,Fiji
2022-01-01,1.007772448,Fiji
2023-01-01,1.004001345,Fiji
2024-01-01,0.997983182,Fiji
2025-01-01,1.108117517,Fiji
2026-01-01,1.106628631,Fiji
2027-01-01,1.102857529,Fiji
2028-01-01,1.096839366,Fiji
2029-01-01,1.206973701,Fiji
2030-01-01,1.205484815,Fiji
2021-01-01,0.336296484,Finland
2022-01-01,0.342619495,Finland
2023-01-01,0.344127627,Finland
2024-01-01,0.340821088,Finland
2025-01-01,0.342195905,Finland
2026-01-01,0.348518916,Finland
2027-01-01,0.350027048,Finland
2028-01-01,0.346720509,Finland
2029-01-01,0.348095326,Finland
2030-01-01,0.354418337,Finland
2021-01-01,1.798962194,Fragile and conflict affected situations
2022-01-01,1.866688109,Fragile and conflict affected situations
2023-01-01,1.939842589,Fragile and conflict affected situations
2024-01-01,2.018329892,Fragile and conflict affected situations
2025-01-01,1.783803551,Fragile and conflict affected situations
2026-01-01,1.851529466,Fragile and conflict affected situations
2027-01-01,1.924683946,Fragile and conflict affected situations
2028-01-01,2.003171248,Fragile and conflict affected situations
2029-01-01,1.768644908,Fragile and conflict affected situations
2030-01-01,1.836370822,Fragile and conflict affected situations
2021-01-01,0.032511801,France
2022-01-01,0.031999915,France
2023-01-01,0.031120412,France
2024-01-01,0.02987393,France
2025-01-01,0.031005864,France
2026-01-01,0.030493979,France
2027-01-01,0.029614476,France
2028-01-01,0.028367994,France
2029-01-01,0.029499928,France
2030-01-01,0.028988042,France
2021-01-01,1.8680494,Gabon
2022-01-01,1.677361878,Gabon
2023-01-01,1.473790117,Gabon
2024-01-01,1.257458747,Gabon
2025-01-01,1.461891393,Gabon
2026-01-01,1.271203871,Gabon
2027-01-01,1.067632109,Gabon
2028-01-01,0.85130074,Gabon
2029-01-01,1.055733385,Gabon
2030-01-01,0.865045863,Gabon
2021-01-01,4.972223354,"Gambia, The"
2022-01-01,5.195092116,"Gambia, The"
2023-01-01,5.438106955,"Gambia, The"
2024-01-01,5.701090089,"Gambia, The"
2025-01-01,5.367787121,"Gambia, The"
2026-01-01,5.590655883,"Gambia, The"
2027-01-01,5.833670723,"Gambia, The"
2028-01-01,6.096653856,"Gambia, The"
2029-01-01,5.763350888,"Gambia, The"
2030-01-01,5.98621965,"Gambia, The"
2021-01-01,0.063967978,Georgia
2022-01-01,0.062047786,Georgia
2023-01-01,0.059490511,Georgia
2024-01-01,0.056294924,Georgia
2025-01-01,0.050037796,Georgia
2026-01-01,0.048117604,Georgia
2027-01-01,0.045560329,Georgia
2028-01-01,0.042364741,Georgia
2029-01-01,0.036107614,Georgia
2030-01-01,0.034187422,Georgia
2021-01-01,0.035390923,Germany
2022-01-01,0.036765675,Germany
2023-01-01,0.037475949,Germany
2024-01-01,0.037520952,Germany
2025-01-01,0.035578668,Germany
2026-01-01,0.03695342,Germany
2027-01-01,0.037663694,Germany
2028-01-01,0.037708696,Germany
2029-01-01,0.035766412,Germany
2030-01-01,0.037141164,Germany
2021-01-01,2.539311503,Ghana
2022-01-01,2.423151373,Ghana
2023-01-01,2.36170356,Ghana
2024-01-01,2.354584412,Ghana
2025-01-01,1.075068277,Ghana
2026-01-01,0.958908146,Ghana
2027-01-01,0.897460334,Ghana
2028-01-01,0.890341186,Ghana
2029-01-01,-0.38917495,Ghana
2030-01-01,-0.50533508,Ghana
2021-01-01,0.01271556,Greece
2022-01-01,0.012702795,Greece
2023-01-01,0.012713665,Greece
2024-01-01,0.012748426,Greece
2025-01-01,0.013607338,Greece
2026-01-01,0.013594573,Greece
2027-01-01,0.013605443,Greece
2028-01-01,0.013640204,Greece
2029-01-01,0.014499116,Greece
2030-01-01,0.014486351,Greece
2021-01-01,0,Greenland
2022-01-01,0,Greenland
2023-01-01,0,Greenland
2024-01-01,0,Greenland
2025-01-01,0,Greenland
2026-01-01,0,Greenland
2027-01-01,0,Greenland
2028-01-01,0,Greenland
2029-01-01,0,Greenland
2030-01-01,0,Greenland
2021-01-01,0,Grenada
2022-01-01,0,Grenada
2023-01-01,0,Grenada
2024-01-01,0,Grenada
2025-01-01,0,Grenada
2026-01-01,0,Grenada
2027-01-01,0,Grenada
2028-01-01,0,Grenada
2029-01-01,0,Grenada
2030-01-01,0,Grenada
2021-01-01,0,Guam
2022-01-01,0,Guam
2023-01-01,0,Guam
2024-01-01,0,Guam
2025-01-01,0,Guam
2026-01-01,0,Guam
2027-01-01,0,Guam
2028-01-01,0,Guam
2029-01-01,0,Guam
2030-01-01,0,Guam
2021-01-01,1.306347584,Guatemala
2022-01-01,1.321547872,Guatemala
2023-01-01,1.33539558,Guatemala
2024-01-01,1.347908744,Guatemala
2025-01-01,1.417049863,Guatemala
2026-01-01,1.432250151,Guatemala
2027-01-01,1.446097859,Guatemala
2028-01-01,1.458611023,Guatemala
2029-01-01,1.527752142,Guatemala
2030-01-01,1.54295243,Guatemala
2021-01-01,7.587106429,Guinea
2022-01-01,7.572675881,Guinea
2023-01-01,7.647786433,Guinea
2024-01-01,7.812175943,Guinea
2025-01-01,7.042244315,Guinea
2026-01-01,7.027813767,Guinea
2027-01-01,7.102924319,Guinea
2028-01-01,7.267313829,Guinea
2029-01-01,6.497382201,Guinea
2030-01-01,6.482951653,Guinea
2021-01-01,14.53011057,Guinea-Bissau
2022-01-01,15.06644498,Guinea-Bissau
2023-01-01,15.67930367,Guinea-Bissau
2024-01-01,16.36796734,Guinea-Bissau
2025-01-01,14.63689647,Guinea-Bissau
2026-01-01,15.17323088,Guinea-Bissau
2027-01-01,15.78608957,Guinea-Bissau
2028-01-01,16.47475324,Guinea-Bissau
2029-01-01,14.74368237,Guinea-Bissau
2030-01-01,15.28001678,Guinea-Bissau
2021-01-01,3.795877902,Guyana
2022-01-01,3.40900883,Guyana
2023-01-01,3.055151197,Guyana
2024-01-01,2.734406919,Guyana
2025-01-01,2.708654378,Guyana
2026-01-01,2.321785306,Guyana
2027-01-01,1.967927673,Guyana
2028-01-01,1.647183395,Guyana
2029-01-01,1.621430854,Guyana
2030-01-01,1.234561781,Guyana
2021-01-01,0.644350217,Haiti
2022-01-01,0.666691644,Haiti
2023-01-01,0.687987711,Haiti
2024-01-01,0.70822954,Haiti
2025-01-01,0.698150615,Haiti
2026-01-01,0.720492043,Haiti
2027-01-01,0.741788109,Haiti
2028-01-01,0.762029938,Haiti
2029-01-01,0.751951014,Haiti
2030-01-01,0.774292441,Haiti
2021-01-01,4.463200897,Heavily indebted poor countries (HIPC)
2022-01-01,4.545776599,Heavily indebted poor countries (HIPC)
2023-01-01,4.683576532,Heavily indebted poor countries (HIPC)
2024-01-01,4.876333507,Heavily indebted poor countries (HIPC)
2025-01-01,4.159560053,Heavily indebted poor countries (HIPC)
2026-01-01,4.242135755,Heavily indebted poor countries (HIPC)
2027-01-01,4.379935688,Heavily indebted poor countries (HIPC)
2028-01-01,4.572692663,Heavily indebted poor countries (HIPC)
2029-01-01,3.855919209,Heavily indebted poor countries (HIPC)
2030-01-01,3.938494911,Heavily indebted poor countries (HIPC)
2021-01-01,0.050278061,High income
2022-01-01,0.050747683,High income
2023-01-01,0.050411173,High income
2024-01-01,0.049269078,High income
2025-01-01,0.050733515,High income
2026-01-01,0.051203137,High income
2027-01-01,0.050866627,High income
2028-01-01,0.049724532,High income
2029-01-01,0.051188969,High income
2030-01-01,0.051658591,High income
2021-01-01,1.534626003,Honduras
2022-01-01,1.536970807,Honduras
2023-01-01,1.53516314,Honduras
2024-01-01,1.529226309,Honduras
2025-01-01,1.59727253,Honduras
2026-01-01,1.599617335,Honduras
2027-01-01,1.597809668,Honduras
2028-01-01,1.591872837,Honduras
2029-01-01,1.659919058,Honduras
2030-01-01,1.662263862,Honduras
2021-01-01,0.001166215,"Hong Kong SAR, China"
2022-01-01,0.001246611,"Hong Kong SAR, China"
2023-01-01,0.001331741,"Hong Kong SAR, China"
2024-01-01,0.001421523,"Hong Kong SAR, China"
2025-01-01,0.001235777,"Hong Kong SAR, China"
2026-01-01,0.001316174,"Hong Kong SAR, China"
2027-01-01,0.001401304,"Hong Kong SAR, China"
2028-01-01,0.001491086,"Hong Kong SAR, China"
2029-01-01,0.00130534,"Hong Kong SAR, China"
2030-01-01,0.001385736,"Hong Kong SAR, China"
2021-01-01,0.108566949,Hungary
2022-01-01,0.106214218,Hungary
2023-01-01,0.104032302,Hungary
2024-01-01,0.102024011,Hungary
2025-01-01,0.109364738,Hungary
2026-01-01,0.107012007,Hungary
2027-01-01,0.104830091,Hungary
2028-01-01,0.1028218,Hungary
2029-01-01,0.110162527,Hungary
2030-01-01,0.107809796,Hungary
2021-01-01,0.2145016,IBRD only
2022-01-01,0.215097301,IBRD only
2023-01-01,0.210579757,IBRD only
2024-01-01,0.200945803,IBRD only
2025-01-01,0.185681817,IBRD only
2026-01-01,0.186277519,IBRD only
2027-01-01,0.181759975,IBRD only
2028-01-01,0.172126021,IBRD only
2029-01-01,0.156862035,IBRD only
2030-01-01,0.157457737,IBRD only
2021-01-01,0.331123051,IDA & IBRD total
2022-01-01,0.331866341,IDA & IBRD total
2023-01-01,0.330659652,IDA & IBRD total
2024-01-01,0.327491086,IDA & IBRD total
2025-01-01,0.288498898,IDA & IBRD total
2026-01-01,0.289242188,IDA & IBRD total
2027-01-01,0.288035499,IDA & IBRD total
2028-01-01,0.284866933,IDA & IBRD total
2029-01-01,0.245874745,IDA & IBRD total
2030-01-01,0.246618034,IDA & IBRD total
2021-01-01,0.840129385,IDA blend
2022-01-01,0.824769951,IDA blend
2023-01-01,0.815322292,IDA blend
2024-01-01,0.811759937,IDA blend
2025-01-01,0.721834899,IDA blend
2026-01-01,0.706475464,IDA blend
2027-01-01,0.697027806,IDA blend
2028-01-01,0.69346545,IDA blend
2029-01-01,0.603540412,IDA blend
2030-01-01,0.588180977,IDA blend
2021-01-01,3.231884329,IDA only
2022-01-01,3.324408079,IDA only
2023-01-01,3.455266555,IDA only
2024-01-01,3.624236907,IDA only
2025-01-01,3.034233897,IDA only
2026-01-01,3.126757647,IDA only
2027-01-01,3.257616123,IDA only
2028-01-01,3.426586474,IDA only
2029-01-01,2.836583464,IDA only
2030-01-01,2.929107215,IDA only
2021-01-01,2.062608993,IDA total
2022-01-01,2.084815062,IDA total
2023-01-01,2.132711559,IDA total
2024-01-01,2.206186775,IDA total
2025-01-01,1.898314444,IDA total
2026-01-01,1.920520513,IDA total
2027-01-01,1.96841701,IDA total
2028-01-01,2.041892226,IDA total
2029-01-01,1.734019895,IDA total
2030-01-01,1.756225963,IDA total
2021-01-01,0.000329324,Iceland
2022-01-01,0.000357339,Iceland
2023-01-01,0.000385852,Iceland
2024-01-01,0.000414851,Iceland
2025-01-01,0.000404877,Iceland
2026-01-01,0.000432892,Iceland
2027-01-01,0.000461406,Iceland
2028-01-01,0.000490405,Iceland
2029-01-01,0.000480431,Iceland
2030-01-01,0.000508446,Iceland
2021-01-01,0.189059528,India
2022-01-01,0.197402958,India
2023-01-01,0.203535918,India
2024-01-01,0.207443119,India
2025-01-01,0.163095343,India
2026-01-01,0.171438773,India
2027-01-01,0.177571733,India
2028-01-01,0.181478934,India
2029-01-01,0.137131158,India
2030-01-01,0.145474588,India
2021-01-01,0.343198539,Indonesia
2022-01-01,0.322764343,Indonesia
2023-01-01,0.298868072,Indonesia
2024-01-01,0.271513012,Indonesia
2025-01-01,0.258248271,Indonesia
2026-01-01,0.237814075,Indonesia
2027-01-01,0.213917804,Indonesia
2028-01-01,0.186562743,Indonesia
2029-01-01,0.173298003,Indonesia
2030-01-01,0.152863807,Indonesia
2021-01-01,0.004570214,"Iran, Islamic Rep."
2022-01-01,0.001421573,"Iran, Islamic Rep."
2023-01-01,-0.001714739,"Iran, Islamic Rep."
2024-01-01,-0.004836107,"Iran, Islamic Rep."
2025-01-01,0.00062274,"Iran, Islamic Rep."
2026-01-01,-0.002525902,"Iran, Islamic Rep."
2027-01-01,-0.005662214,"Iran, Islamic Rep."
2028-01-01,-0.008783581,"Iran, Islamic Rep."
2029-01-01,-0.003324734,"Iran, Islamic Rep."
2030-01-01,-0.006473376,"Iran, Islamic Rep."
2021-01-01,0.00307083,Iraq
2022-01-01,0.002853478,Iraq
2023-01-01,0.002651952,Iraq
2024-01-01,0.002466291,Iraq
2025-01-01,0.002380537,Iraq
2026-01-01,0.002163185,Iraq
2027-01-01,0.001961659,Iraq
2028-01-01,0.001775998,Iraq
2029-01-01,0.001690243,Iraq
2030-01-01,0.001472892,Iraq
2021-01-01,0.014149651,Ireland
2022-01-01,0.013835524,Ireland
2023-01-01,0.013253028,Ireland
2024-01-01,0.01240261,Ireland
2025-01-01,0.013226588,Ireland
2026-01-01,0.012912461,Ireland
2027-01-01,0.012329965,Ireland
2028-01-01,0.011479547,Ireland
2029-01-01,0.012303525,Ireland
2030-01-01,0.011989398,Ireland
2021-01-01,0,Isle of Man
2022-01-01,0,Isle of Man
2023-01-01,0,Isle of Man
2024-01-01,0,Isle of Man
2025-01-01,0,Isle of Man
2026-01-01,0,Isle of Man
2027-01-01,0,Isle of Man
2028-01-01,0,Isle of Man
2029-01-01,0,Isle of Man
2030-01-01,0,Isle of Man
2021-01-01,0.000191652,Israel
2022-01-01,0.000170123,Israel
2023-01-01,0.000148632,Israel
2024-01-01,0.000127199,Israel
2025-01-01,0.00016985,Israel
2026-01-01,0.000148321,Israel
2027-01-01,0.00012683,Israel
2028-01-01,0.000105397,Israel
2029-01-01,0.000148048,Israel
2030-01-01,0.000126519,Israel
2021-01-01,0.012945753,Italy
2022-01-01,0.013159842,Italy
2023-01-01,0.013282746,Italy
2024-01-01,0.013314604,Italy
2025-01-01,0.013899632,Italy
2026-01-01,0.014113721,Italy
2027-01-01,0.014236625,Italy
2028-01-01,0.014268483,Italy
2029-01-01,0.01485351,Italy
2030-01-01,0.0150676,Italy
2021-01-01,0.248076005,Jamaica
2022-01-01,0.251546785,Jamaica
2023-01-01,0.255367856,Jamaica
2024-01-01,0.259543793,Jamaica
2025-01-01,0.277802302,Jamaica
2026-01-01,0.281273081,Jamaica
2027-01-01,0.285094153,Jamaica
2028-01-01,0.28927009,Jamaica
2029-01-01,0.307528598,Jamaica
2030-01-01,0.310999378,Jamaica
2021-01-01,0.025924759,Japan
2022-01-01,0.02614581,Japan
2023-01-01,0.026368445,Japan
2024-01-01,0.02659366,Japan
2025-01-01,0.030093428,Japan
2026-01-01,0.030314479,Japan
2027-01-01,0.030537114,Japan
2028-01-01,0.030762329,Japan
2029-01-01,0.034262097,Japan
2030-01-01,0.034483148,Japan
2021-01-01,0.030021576,Jordan
2022-01-01,0.030913008,Jordan
2023-01-01,0.031827627,Jordan
2024-01-01,0.032764581,Jordan
2025-01-01,0.030875424,Jordan
2026-01-01,0.031766856,Jordan
2027-01-01,0.032681475,Jordan
2028-01-01,0.03361843,Jordan
2029-01-01,0.031729273,Jordan
2030-01-01,0.032620705,Jordan
2021-01-01,0.000781331,Kazakhstan
2022-01-01,-0.001849787,Kazakhstan
2023-01-01,-0.004359298,Kazakhstan
2024-01-01,-0.006745234,Kazakhstan
2025-01-01,-0.002755264,Kazakhstan
2026-01-01,-0.005386382,Kazakhstan
2027-01-01,-0.007895894,Kazakhstan
2028-01-01,-0.010281829,Kazakhstan
2029-01-01,-0.006291859,Kazakhstan
2030-01-01,-0.008922978,Kazakhstan
2021-01-01,1.495536645,Kenya
2022-01-01,1.481580149,Kenya
2023-01-01,1.499196921,Kenya
2024-01-01,1.548200531,Kenya
2025-01-01,0.972190203,Kenya
2026-01-01,0.958233707,Kenya
2027-01-01,0.975850479,Kenya
2028-01-01,1.024854089,Kenya
2029-01-01,0.448843761,Kenya
2030-01-01,0.434887265,Kenya
2021-01-01,0.075476374,Kiribati
2022-01-01,0.078143242,Kiribati
2023-01-01,0.081260123,Kiribati
2024-01-01,0.084825471,Kiribati
2025-01-01,0.082840105,Kiribati
2026-01-01,0.085506972,Kiribati
2027-01-01,0.088623854,Kiribati
2028-01-01,0.092189201,Kiribati
2029-01-01,0.090203835,Kiribati
2030-01-01,0.092870703,Kiribati
2021-01-01,0.018880309,"Korea, Rep."
2022-01-01,0.018810085,"Korea, Rep."
2023-01-01,0.018942692,"Korea, Rep."
2024-01-01,0.019278388,"Korea, Rep."
2025-01-01,0.020251216,"Korea, Rep."
2026-01-01,0.020180992,"Korea, Rep."
2027-01-01,0.020313599,"Korea, Rep."
2028-01-01,0.020649295,"Korea, Rep."
2029-01-01,0.021622123,"Korea, Rep."
2030-01-01,0.021551899,"Korea, Rep."
2021-01-01,0,Kosovo
2022-01-01,0,Kosovo
2023-01-01,0,Kosovo
2024-01-01,0,Kosovo
2025-01-01,0,Kosovo
2026-01-01,0,Kosovo
2027-01-01,0,Kosovo
2028-01-01,0,Kosovo
2029-01-01,0,Kosovo
2030-01-01,0,Kosovo
2021-01-01,0.00053144,Kuwait
2022-01-01,0.000542367,Kuwait
2023-01-01,0.000553703,Kuwait
2024-01-01,0.000565448,Kuwait
2025-01-01,0.000581396,Kuwait
2026-01-01,0.000592323,Kuwait
2027-01-01,0.000603659,Kuwait
2028-01-01,0.000615404,Kuwait
2029-01-01,0.000631352,Kuwait
2030-01-01,0.000642279,Kuwait
2021-01-01,0.010594138,Kyrgyz Republic
2022-01-01,0.009673251,Kyrgyz Republic
2023-01-01,0.008475999,Kyrgyz Republic
2024-01-01,0.007003108,Kyrgyz Republic
2025-01-01,0.008287993,Kyrgyz Republic
2026-01-01,0.007367107,Kyrgyz Republic
2027-01-01,0.006169854,Kyrgyz Republic
2028-01-01,0.004696964,Kyrgyz Republic
2029-01-01,0.005981849,Kyrgyz Republic
2030-01-01,0.005060962,Kyrgyz Republic
2021-01-01,1.53625627,Lao PDR
2022-01-01,1.602028943,Lao PDR
2023-01-01,1.663232552,Lao PDR
2024-01-01,1.719593735,Lao PDR
2025-01-01,0.88277489,Lao PDR
2026-01-01,0.948547563,Lao PDR
2027-01-01,1.009751172,Lao PDR
2028-01-01,1.066112355,Lao PDR
2029-01-01,0.22929351,Lao PDR
2030-01-01,0.295066183,Lao PDR
2021-01-01,0.192540913,Late-demographic dividend
2022-01-01,0.188176963,Late-demographic dividend
2023-01-01,0.178495137,Late-demographic dividend
2024-01-01,0.163494192,Late-demographic dividend
2025-01-01,0.149942978,Late-demographic dividend
2026-01-01,0.145579028,Late-demographic dividend
2027-01-01,0.135897202,Late-demographic dividend
2028-01-01,0.120896257,Late-demographic dividend
2029-01-01,0.107345043,Late-demographic dividend
2030-01-01,0.102981093,Late-demographic dividend
2021-01-01,0.47425334,Latin America & Caribbean
2022-01-01,0.489234859,Latin America & Caribbean
2023-01-01,0.50216015,Latin America & Caribbean
2024-01-01,0.513029496,Latin America & Caribbean
2025-01-01,0.525375471,Latin America & Caribbean
2026-01-01,0.54035699,Latin America & Caribbean
2027-01-01,0.553282281,Latin America & Caribbean
2028-01-01,0.564151627,Latin America & Caribbean
2029-01-01,0.576497602,Latin America & Caribbean
2030-01-01,0.591479121,Latin America & Caribbean
2021-01-01,0.453341398,Latin America & Caribbean (excluding high income)
2022-01-01,0.466732537,Latin America & Caribbean (excluding high income)
2023-01-01,0.477909989,Latin America & Caribbean (excluding high income)
2024-01-01,0.48687379,Latin America & Caribbean (excluding high income)
2025-01-01,0.496241936,Latin America & Caribbean (excluding high income)
2026-01-01,0.509633074,Latin America & Caribbean (excluding high income)
2027-01-01,0.520810526,Latin America & Caribbean (excluding high income)
2028-01-01,0.529774327,Latin America & Caribbean (excluding high income)
2029-01-01,0.539142473,Latin America & Caribbean (excluding high income)
2030-01-01,0.552533612,Latin America & Caribbean (excluding high income)
2021-01-01,0.488878717,Latin America & the Caribbean (IDA & IBRD countries)
2022-01-01,0.504165751,Latin America & the Caribbean (IDA & IBRD countries)
2023-01-01,0.517438257,Latin America & the Caribbean (IDA & IBRD countries)
2024-01-01,0.528696228,Latin America & the Caribbean (IDA & IBRD countries)
2025-01-01,0.540472864,Latin America & the Caribbean (IDA & IBRD countries)
2026-01-01,0.555759898,Latin America & the Caribbean (IDA & IBRD countries)
2027-01-01,0.569032404,Latin America & the Caribbean (IDA & IBRD countries)
2028-01-01,0.580290375,Latin America & the Caribbean (IDA & IBRD countries)
2029-01-01,0.592067011,Latin America & the Caribbean (IDA & IBRD countries)
2030-01-01,0.607354045,Latin America & the Caribbean (IDA & IBRD countries)
2021-01-01,0.80205447,Latvia
2022-01-01,0.730486159,Latvia
2023-01-01,0.654735623,Latvia
2024-01-01,0.574844617,Latvia
2025-01-01,0.636763015,Latvia
2026-01-01,0.565194704,Latvia
2027-01-01,0.489444169,Latvia
2028-01-01,0.409553162,Latvia
2029-01-01,0.47147156,Latvia
2030-01-01,0.399903249,Latvia
2021-01-01,2.732510471,Least developed countries: UN classification
2022-01-01,2.778329813,Least developed countries: UN classification
2023-01-01,2.861103155,Least developed countries: UN classification
2024-01-01,2.980616653,Least developed countries: UN classification
2025-01-01,2.382800153,Least developed countries: UN classification
2026-01-01,2.428619495,Least developed countries: UN classification
2027-01-01,2.511392836,Least developed countries: UN classification
2028-01-01,2.630906335,Least developed countries: UN classification
2029-01-01,2.033089835,Least developed countries: UN classification
2030-01-01,2.078909177,Least developed countries: UN classification
2021-01-01,0.001723545,Lebanon
2022-01-01,0.001725272,Lebanon
2023-01-01,0.001726507,Lebanon
2024-01-01,0.001727254,Lebanon
2025-01-01,0.001747156,Lebanon
2026-01-01,0.001748884,Lebanon
2027-01-01,0.001750118,Lebanon
2028-01-01,0.001750865,Lebanon
2029-01-01,0.001770768,Lebanon
2030-01-01,0.001772495,Lebanon
2021-01-01,4.941012186,Lesotho
2022-01-01,5.114031166,Lesotho
2023-01-01,5.331511319,Lesotho
2024-01-01,5.593239994,Lesotho
2025-01-01,5.121271293,Lesotho
2026-01-01,5.294290273,Lesotho
2027-01-01,5.511770425,Lesotho
2028-01-01,5.7734991,Lesotho
2029-01-01,5.301530399,Lesotho
2030-01-01,5.474549379,Lesotho
2021-01-01,14.04769826,Liberia
2022-01-01,14.33389729,Liberia
2023-01-01,14.55693045,Liberia
2024-01-01,14.71597996,Liberia
2025-01-01,12.34796364,Liberia
2026-01-01,12.63416267,Liberia
2027-01-01,12.85719584,Liberia
2028-01-01,13.01624534,Liberia
2029-01-01,10.64822903,Liberia
2030-01-01,10.93442806,Liberia
2021-01-01,0.118516428,Libya
2022-01-01,0.126551482,Libya
2023-01-01,0.134190436,Libya
2024-01-01,0.141429726,Libya
2025-01-01,0.137560099,Libya
2026-01-01,0.145595153,Libya
2027-01-01,0.153234107,Libya
2028-01-01,0.160473397,Libya
2029-01-01,0.156603771,Libya
2030-01-01,0.164638825,Libya
2021-01-01,0.001899433,Liechtenstein
2022-01-01,0.001685456,Liechtenstein
2023-01-01,0.001425453,Liechtenstein
2024-01-01,0.001119247,Liechtenstein
2025-01-01,0.000263877,Liechtenstein
2026-01-01,4.99E-05,Liechtenstein
2027-01-01,-0.000210104,Liechtenstein
2028-01-01,-0.00051631,Liechtenstein
2029-01-01,-0.001371679,Liechtenstein
2030-01-01,-0.001585657,Liechtenstein
2021-01-01,0.30972855,Lithuania
2022-01-01,0.293338565,Lithuania
2023-01-01,0.273676291,Lithuania
2024-01-01,0.2507544,Lithuania
2025-01-01,0.272605361,Lithuania
2026-01-01,0.256215376,Lithuania
2027-01-01,0.236553102,Lithuania
2028-01-01,0.213631211,Lithuania
2029-01-01,0.235482172,Lithuania
2030-01-01,0.219092187,Lithuania
2021-01-01,0.323033706,Low & middle income
2022-01-01,0.322429212,Low & middle income
2023-01-01,0.319781642,Low & middle income
2024-01-01,0.315078948,Low & middle income
2025-01-01,0.274223336,Low & middle income
2026-01-01,0.273618842,Low & middle income
2027-01-01,0.270971273,Low & middle income
2028-01-01,0.266268578,Low & middle income
2029-01-01,0.225412966,Low & middle income
2030-01-01,0.224808472,Low & middle income
2021-01-01,6.332585816,Low income
2022-01-01,6.504017153,Low income
2023-01-01,6.759374602,Low income
2024-01-01,7.098339851,Low income
2025-01-01,6.328877062,Low income
2026-01-01,6.500308399,Low income
2027-01-01,6.755665848,Low income
2028-01-01,7.094631098,Low income
2029-01-01,6.325168308,Low income
2030-01-01,6.496599645,Low income
2021-01-01,0.502643823,Lower middle income
2022-01-01,0.50818485,Lower middle income
2023-01-01,0.513537829,Lower middle income
2024-01-01,0.518684356,Lower middle income
2025-01-01,0.464566288,Lower middle income
2026-01-01,0.470107315,Lower middle income
2027-01-01,0.475460294,Lower middle income
2028-01-01,0.480606821,Lower middle income
2029-01-01,0.426488753,Lower middle income
2030-01-01,0.43202978,Lower middle income
2021-01-01,0.010668071,Luxembourg
2022-01-01,0.010593677,Luxembourg
2023-01-01,0.010333932,Luxembourg
2024-01-01,0.009888865,Luxembourg
2025-01-01,0.009703148,Luxembourg
2026-01-01,0.009628753,Luxembourg
2027-01-01,0.009369009,Luxembourg
2028-01-01,0.008923941,Luxembourg
2029-01-01,0.008738225,Luxembourg
2030-01-01,0.00866383,Luxembourg
2021-01-01,0.000236997,"Macao SAR, China"
2022-01-01,0.000246106,"Macao SAR, China"
2023-01-01,0.000261969,"Macao SAR, China"
2024-01-01,0.000284502,"Macao SAR, China"
2025-01-01,2.56E-05,"Macao SAR, China"
2026-01-01,3.47E-05,"Macao SAR, China"
2027-01-01,5.05E-05,"Macao SAR, China"
2028-01-01,7.31E-05,"Macao SAR, China"
2029-01-01,-0.000185892,"Macao SAR, China"
2030-01-01,-0.000176783,"Macao SAR, China"
2021-01-01,6.718469716,Madagascar
2022-01-01,7.070524795,Madagascar
2023-01-01,7.476547345,Madagascar
2024-01-01,7.936178078,Madagascar
2025-01-01,7.16721874,Madagascar
2026-01-01,7.51927382,Madagascar
2027-01-01,7.92529637,Madagascar
2028-01-01,8.384927103,Madagascar
2029-01-01,7.615967765,Madagascar
2030-01-01,7.968022845,Madagascar
2021-01-01,8.639147173,Malawi
2022-01-01,8.525967929,Malawi
2023-01-01,8.525857658,Malawi
2024-01-01,8.638888018,Malawi
2025-01-01,8.880831943,Malawi
2026-01-01,8.767652699,Malawi
2027-01-01,8.767542428,Malawi
2028-01-01,8.880572788,Malawi
2029-01-01,9.122516713,Malawi
2030-01-01,9.009337469,Malawi
2021-01-01,1.233425646,Malaysia
2022-01-01,1.125615519,Malaysia
2023-01-01,0.980359577,Malaysia
2024-01-01,0.79764851,Malaysia
2025-01-01,0.629776762,Malaysia
2026-01-01,0.521966636,Malaysia
2027-01-01,0.376710694,Malaysia
2028-01-01,0.193999626,Malaysia
2029-01-01,0.026127878,Malaysia
2030-01-01,-0.081682248,Malaysia
2021-01-01,0.004560433,Maldives
2022-01-01,0.004873524,Maldives
2023-01-01,0.005175755,Maldives
2024-01-01,0.005466691,Maldives
2025-01-01,0.00434614,Maldives
2026-01-01,0.004659231,Maldives
2027-01-01,0.004961462,Maldives
2028-01-01,0.005252397,Maldives
2029-01-01,0.004131847,Maldives
2030-01-01,0.004444938,Maldives
2021-01-01,2.684660309,Mali
2022-01-01,2.729701991,Mali
2023-01-01,2.794756139,Mali
2024-01-01,2.879718015,Mali
2025-01-01,2.607765088,Mali
2026-01-01,2.65280677,Mali
2027-01-01,2.717860918,Mali
2028-01-01,2.802822793,Mali
2029-01-01,2.530869866,Mali
2030-01-01,2.575911548,Mali
2021-01-01,0,Malta
2022-01-01,0,Malta
2023-01-01,0,Malta
2024-01-01,0,Malta
2025-01-01,0,Malta
2026-01-01,0,Malta
2027-01-01,0,Malta
2028-01-01,0,Malta
2029-01-01,0,Malta
2030-01-01,0,Malta
2021-01-01,0,Marshall Islands
2022-01-01,0,Marshall Islands
2023-01-01,0,Marshall Islands
2024-01-01,0,Marshall Islands
2025-01-01,0,Marshall Islands
2026-01-01,0,Marshall Islands
2027-01-01,0,Marshall Islands
2028-01-01,0,Marshall Islands
2029-01-01,0,Marshall Islands
2030-01-01,0,Marshall Islands
2021-01-01,1.683117214,Mauritania
2022-01-01,1.757172491,Mauritania
2023-01-01,1.842514781,Mauritania
2024-01-01,1.939047229,Mauritania
2025-01-01,1.709846965,Mauritania
2026-01-01,1.783902241,Mauritania
2027-01-01,1.869244532,Mauritania
2028-01-01,1.96577698,Mauritania
2029-01-01,1.736576716,Mauritania
2030-01-01,1.810631992,Mauritania
2021-01-01,0.000294614,Mauritius
2022-01-01,-0.000491188,Mauritius
2023-01-01,-0.00127495,Mauritius
2024-01-01,-0.002056393,Mauritius
2025-01-01,-0.001916207,Mauritius
2026-01-01,-0.002702008,Mauritius
2027-01-01,-0.003485771,Mauritius
2028-01-01,-0.004267214,Mauritius
2029-01-01,-0.004127028,Mauritius
2030-01-01,-0.004912829,Mauritius
2021-01-01,0.15978677,Mexico
2022-01-01,0.163677559,Mexico
2023-01-01,0.168058337,Mexico
2024-01-01,0.172930503,Mexico
2025-01-01,0.181351484,Mexico
2026-01-01,0.185242272,Mexico
2027-01-01,0.189623051,Mexico
2028-01-01,0.194495217,Mexico
2029-01-01,0.202916198,Mexico
2030-01-01,0.206806986,Mexico
2021-01-01,0.038701923,"Micronesia, Fed. Sts."
2022-01-01,0.041780831,"Micronesia, Fed. Sts."
2023-01-01,0.044989442,"Micronesia, Fed. Sts."
2024-01-01,0.048325631,"Micronesia, Fed. Sts."
2025-01-01,0.044617159,"Micronesia, Fed. Sts."
2026-01-01,0.047696067,"Micronesia, Fed. Sts."
2027-01-01,0.050904678,"Micronesia, Fed. Sts."
2028-01-01,0.054240867,"Micronesia, Fed. Sts."
2029-01-01,0.050532394,"Micronesia, Fed. Sts."
2030-01-01,0.053611302,"Micronesia, Fed. Sts."
2021-01-01,0.042959492,Middle East & North Africa
2022-01-01,0.043094124,Middle East & North Africa
2023-01-01,0.043204061,Middle East & North Africa
2024-01-01,0.043289462,Middle East & North Africa
2025-01-01,0.04394939,Middle East & North Africa
2026-01-01,0.044084022,Middle East & North Africa
2027-01-01,0.044193959,Middle East & North Africa
2028-01-01,0.04427936,Middle East & North Africa
2029-01-01,0.044939288,Middle East & North Africa
2030-01-01,0.04507392,Middle East & North Africa
2021-01-01,0.104646462,Middle East & North Africa (IDA & IBRD countries)
2022-01-01,0.105725263,Middle East & North Africa (IDA & IBRD countries)
2023-01-01,0.106491818,Middle East & North Africa (IDA & IBRD countries)
2024-01-01,0.106946746,Middle East & North Africa (IDA & IBRD countries)
2025-01-01,0.109882693,Middle East & North Africa (IDA & IBRD countries)
2026-01-01,0.110961495,Middle East & North Africa (IDA & IBRD countries)
2027-01-01,0.11172805,Middle East & North Africa (IDA & IBRD countries)
2028-01-01,0.112182977,Middle East & North Africa (IDA & IBRD countries)
2029-01-01,0.115118925,Middle East & North Africa (IDA & IBRD countries)
2030-01-01,0.116197726,Middle East & North Africa (IDA & IBRD countries)
2021-01-01,0.10365632,Middle East & North Africa (excluding high income)
2022-01-01,0.104781126,Middle East & North Africa (excluding high income)
2023-01-01,0.105587866,Middle East & North Africa (excluding high income)
2024-01-01,0.106077089,Middle East & North Africa (excluding high income)
2025-01-01,0.108830731,Middle East & North Africa (excluding high income)
2026-01-01,0.109955536,Middle East & North Africa (excluding high income)
2027-01-01,0.110762276,Middle East & North Africa (excluding high income)
2028-01-01,0.111251499,Middle East & North Africa (excluding high income)
2029-01-01,0.114005141,Middle East & North Africa (excluding high income)
2030-01-01,0.115129946,Middle East & North Africa (excluding high income)
2021-01-01,0.254554028,Middle income
2022-01-01,0.253939961,Middle income
2023-01-01,0.249329161,Middle income
2024-01-01,0.240714684,Middle income
2025-01-01,0.21368924,Middle income
2026-01-01,0.213075173,Middle income
2027-01-01,0.208464373,Middle income
2028-01-01,0.199849896,Middle income
2029-01-01,0.172824452,Middle income
2030-01-01,0.172210386,Middle income
2021-01-01,0.255306347,Moldova
2022-01-01,0.253480251,Moldova
2023-01-01,0.250870102,Moldova
2024-01-01,0.247484774,Moldova
2025-01-01,0.274261182,Moldova
2026-01-01,0.272435086,Moldova
2027-01-01,0.269824937,Moldova
2028-01-01,0.266439609,Moldova
2029-01-01,0.293216017,Moldova
2030-01-01,0.291389921,Moldova
2021-01-01,0,Monaco
2022-01-01,0,Monaco
2023-01-01,0,Monaco
2024-01-01,0,Monaco
2025-01-01,0,Monaco
2026-01-01,0,Monaco
2027-01-01,0,Monaco
2028-01-01,0,Monaco
2029-01-01,0,Monaco
2030-01-01,0,Monaco
2021-01-01,0.069169878,Mongolia
2022-01-01,0.055018827,Mongolia
2023-01-01,0.043259201,Mongolia
2024-01-01,0.033871922,Mongolia
2025-01-01,-0.039443518,Mongolia
2026-01-01,-0.05359457,Mongolia
2027-01-01,-0.065354195,Mongolia
2028-01-01,-0.074741474,Mongolia
2029-01-01,-0.148056914,Mongolia
2030-01-01,-0.162207966,Mongolia
2021-01-01,0.590012849,Montenegro
2022-01-01,0.631994021,Montenegro
2023-01-01,0.671444873,Montenegro
2024-01-01,0.708353648,Montenegro
2025-01-01,0.708830503,Montenegro
2026-01-01,0.750811675,Montenegro
2027-01-01,0.790262527,Montenegro
2028-01-01,0.827171302,Montenegro
2029-01-01,0.827648157,Montenegro
2030-01-01,0.869629328,Montenegro
2021-01-01,0.231045868,Morocco
2022-01-01,0.235162269,Morocco
2023-01-01,0.239527932,Morocco
2024-01-01,0.244141116,Morocco
2025-01-01,0.242741684,Morocco
2026-01-01,0.246858085,Morocco
2027-01-01,0.251223748,Morocco
2028-01-01,0.255836932,Morocco
2029-01-01,0.2544375,Morocco
2030-01-01,0.258553901,Morocco
2021-01-01,8.34899361,Mozambique
2022-01-01,8.574829589,Mozambique
2023-01-01,8.87435392,Mozambique
2024-01-01,9.247283492,Mozambique
2025-01-01,8.62721205,Mozambique
2026-01-01,8.853048029,Mozambique
2027-01-01,9.15257236,Mozambique
2028-01-01,9.525501932,Mozambique
2029-01-01,8.90543049,Mozambique
2030-01-01,9.131266469,Mozambique
2021-01-01,0.655343229,Myanmar
2022-01-01,0.44570521,Myanmar
2023-01-01,0.247330224,Myanmar
2024-01-01,0.060050372,Myanmar
2025-01-01,-0.690889744,Myanmar
2026-01-01,-0.900527762,Myanmar
2027-01-01,-1.098902748,Myanmar
2028-01-01,-1.2861826,Myanmar
2029-01-01,-2.037122716,Myanmar
2030-01-01,-2.246760734,Myanmar
2021-01-01,0.706305515,Namibia
2022-01-01,0.740393626,Namibia
2023-01-01,0.782553252,Namibia
2024-01-01,0.83274918,Namibia
2025-01-01,0.760734206,Namibia
2026-01-01,0.794822317,Namibia
2027-01-01,0.836981942,Namibia
2028-01-01,0.88717787,Namibia
2029-01-01,0.815162896,Namibia
2030-01-01,0.849251007,Namibia
2021-01-01,0,Nauru
2022-01-01,0,Nauru
2023-01-01,0,Nauru
2024-01-01,0,Nauru
2025-01-01,0,Nauru
2026-01-01,0,Nauru
2027-01-01,0,Nauru
2028-01-01,0,Nauru
2029-01-01,0,Nauru
2030-01-01,0,Nauru
2021-01-01,0.697644814,Nepal
2022-01-01,0.741201986,Nepal
2023-01-01,0.778220816,Nepal
2024-01-01,0.808630361,Nepal
2025-01-01,0.612684164,Nepal
2026-01-01,0.656241336,Nepal
2027-01-01,0.693260166,Nepal
2028-01-01,0.723669711,Nepal
2029-01-01,0.527723514,Nepal
2030-01-01,0.571280686,Nepal
2021-01-01,0.005421594,Netherlands
2022-01-01,0.005644659,Netherlands
2023-01-01,0.005880185,Netherlands
2024-01-01,0.006128138,Netherlands
2025-01-01,0.006248235,Netherlands
2026-01-01,0.0064713,Netherlands
2027-01-01,0.006706826,Netherlands
2028-01-01,0.006954779,Netherlands
2029-01-01,0.007074877,Netherlands
2030-01-01,0.007297941,Netherlands
2021-01-01,0.911482519,New Zealand
2022-01-01,0.873497608,New Zealand
2023-01-01,0.834158935,New Zealand
2024-01-01,0.793532987,New Zealand
2025-01-01,0.972969513,New Zealand
2026-01-01,0.934984601,New Zealand
2027-01-01,0.895645929,New Zealand
2028-01-01,0.855019981,New Zealand
2029-01-01,1.034456507,New Zealand
2030-01-01,0.996471595,New Zealand
2021-01-01,2.001755109,Nicaragua
2022-01-01,2.048178807,Nicaragua
2023-01-01,2.089106256,Nicaragua
2024-01-01,2.124545155,Nicaragua
2025-01-01,2.184055608,Nicaragua
2026-01-01,2.230479306,Nicaragua
2027-01-01,2.271406755,Nicaragua
2028-01-01,2.306845653,Nicaragua
2029-01-01,2.366356106,Nicaragua
2030-01-01,2.412779805,Nicaragua
2021-01-01,6.048205242,Niger
2022-01-01,6.186709658,Niger
2023-01-01,6.37769247,Niger
2024-01-01,6.620833667,Niger
2025-01-01,5.782973388,Niger
2026-01-01,5.921477804,Niger
2027-01-01,6.112460616,Niger
2028-01-01,6.355601813,Niger
2029-01-01,5.517741535,Niger
2030-01-01,5.65624595,Niger
2021-01-01,0.858777221,Nigeria
2022-01-01,0.794576289,Nigeria
2023-01-01,0.737693539,Nigeria
2024-01-01,0.688135692,Nigeria
2025-01-01,0.659579319,Nigeria
2026-01-01,0.595378387,Nigeria
2027-01-01,0.538495637,Nigeria
2028-01-01,0.488937791,Nigeria
2029-01-01,0.460381417,Nigeria
2030-01-01,0.396180485,Nigeria
2021-01-01,0.032458274,North America
2022-01-01,0.031830137,North America
2023-01-01,0.030667761,North America
2024-01-01,0.028970479,North America
2025-01-01,0.025779837,North America
2026-01-01,0.0251517,North America
2027-01-01,0.023989324,North America
2028-01-01,0.022292042,North America
2029-01-01,0.0191014,North America
2030-01-01,0.018473263,North America
2021-01-01,0.118735631,North Macedonia
2022-01-01,0.120561472,North Macedonia
2023-01-01,0.122973028,North Macedonia
2024-01-01,0.125964408,North Macedonia
2025-01-01,0.109403249,North Macedonia
2026-01-01,0.11122909,North Macedonia
2027-01-01,0.113640646,North Macedonia
2028-01-01,0.116632027,North Macedonia
2029-01-01,0.100070867,North Macedonia
2030-01-01,0.101896708,North Macedonia
2021-01-01,0,Northern Mariana Islands
2022-01-01,0,Northern Mariana Islands
2023-01-01,0,Northern Mariana Islands
2024-01-01,0,Northern Mariana Islands
2025-01-01,0,Northern Mariana Islands
2026-01-01,0,Northern Mariana Islands
2027-01-01,0,Northern Mariana Islands
2028-01-01,0,Northern Mariana Islands
2029-01-01,0,Northern Mariana Islands
2030-01-01,0,Northern Mariana Islands
2021-01-01,0.044883995,Norway
2022-01-01,0.04532997,Norway
2023-01-01,0.045320513,Norway
2024-01-01,0.044856083,Norway
2025-01-01,0.046296804,Norway
2026-01-01,0.046742779,Norway
2027-01-01,0.046733322,Norway
2028-01-01,0.046268892,Norway
2029-01-01,0.047709612,Norway
2030-01-01,0.048155588,Norway
2021-01-01,0.05584024,OECD members
2022-01-01,0.056442174,OECD members
2023-01-01,0.056212461,OECD members
2024-01-01,0.055151728,OECD members
2025-01-01,0.05688923,OECD members
2026-01-01,0.057491164,OECD members
2027-01-01,0.057261451,OECD members
2028-01-01,0.056200718,OECD members
2029-01-01,0.05793822,OECD members
2030-01-01,0.058540154,OECD members
2021-01-01,0.002256246,Oman
2022-01-01,0.002323399,Oman
2023-01-01,0.002393575,Oman
2024-01-01,0.002466752,Oman
2025-01-01,0.002466147,Oman
2026-01-01,0.0025333,Oman
2027-01-01,0.002603476,Oman
2028-01-01,0.002676653,Oman
2029-01-01,0.002676048,Oman
2030-01-01,0.002743201,Oman
2021-01-01,0.307446501,Other small states
2022-01-01,0.287681445,Other small states
2023-01-01,0.267099873,Other small states
2024-01-01,0.245711301,Other small states
2025-01-01,0.257068889,Other small states
2026-01-01,0.237303833,Other small states
2027-01-01,0.216722261,Other small states
2028-01-01,0.195333689,Other small states
2029-01-01,0.206691278,Other small states
2030-01-01,0.186926222,Other small states
2021-01-01,4.005625742,Pacific island small states
2022-01-01,4.130541171,Pacific island small states
2023-01-01,4.239122069,Pacific island small states
2024-01-01,4.331416603,Pacific island small states
2025-01-01,4.589775903,Pacific island small states
2026-01-01,4.714691331,Pacific island small states
2027-01-01,4.82327223,Pacific island small states
2028-01-01,4.915566764,Pacific island small states
2029-01-01,5.173926064,Pacific island small states
2030-01-01,5.298841492,Pacific island small states
2021-01-01,0.166288374,Pakistan
2022-01-01,0.17470485,Pakistan
2023-01-01,0.181376207,Pakistan
2024-01-01,0.186293054,Pakistan
2025-01-01,0.162071822,Pakistan
2026-01-01,0.170488297,Pakistan
2027-01-01,0.177159655,Pakistan
2028-01-01,0.182076501,Pakistan
2029-01-01,0.157855269,Pakistan
2030-01-01,0.166271745,Pakistan
2021-01-01,0,Palau
2022-01-01,0,Palau
2023-01-01,0,Palau
2024-01-01,0,Palau
2025-01-01,0,Palau
2026-01-01,0,Palau
2027-01-01,0,Palau
2028-01-01,0,Palau
2029-01-01,0,Palau
2030-01-01,0,Palau
2021-01-01,0.112099156,Panama
2022-01-01,0.111849464,Panama
2023-01-01,0.110184946,Panama
2024-01-01,0.107107681,Panama
2025-01-01,0.11141988,Panama
2026-01-01,0.111170188,Panama
2027-01-01,0.10950567,Panama
2028-01-01,0.106428406,Panama
2029-01-01,0.110740605,Panama
2030-01-01,0.110490913,Panama
2021-01-01,1.621689385,Papua New Guinea
2022-01-01,1.598825077,Papua New Guinea
2023-01-01,1.527822096,Papua New Guinea
2024-01-01,1.40858892,Papua New Guinea
2025-01-01,1.036892172,Papua New Guinea
2026-01-01,1.014027864,Papua New Guinea
2027-01-01,0.943024883,Papua New Guinea
2028-01-01,0.823791707,Papua New Guinea
2029-01-01,0.452094959,Papua New Guinea
2030-01-01,0.429230651,Papua New Guinea
2021-01-01,1.364221666,Paraguay
2022-01-01,1.371936039,Paraguay
2023-01-01,1.353614345,Paraguay
2024-01-01,1.309254466,Paraguay
2025-01-01,1.275562726,Paraguay
2026-01-01,1.283277099,Paraguay
2027-01-01,1.264955405,Paraguay
2028-01-01,1.220595527,Paraguay
2029-01-01,1.186903787,Paraguay
2030-01-01,1.19461816,Paraguay
2021-01-01,0.161495887,Peru
2022-01-01,0.163653475,Peru
2023-01-01,0.164922427,Peru
2024-01-01,0.165299908,Peru
2025-01-01,0.156431406,Peru
2026-01-01,0.158588994,Peru
2027-01-01,0.159857946,Peru
2028-01-01,0.160235427,Peru
2029-01-01,0.151366925,Peru
2030-01-01,0.153524514,Peru
2021-01-01,0.216951354,Philippines
2022-01-01,0.219932498,Philippines
2023-01-01,0.224147603,Philippines
2024-01-01,0.229583359,Philippines
2025-01-01,0.190049352,Philippines
2026-01-01,0.193030496,Philippines
2027-01-01,0.197245601,Philippines
2028-01-01,0.202681357,Philippines
2029-01-01,0.16314735,Philippines
2030-01-01,0.166128494,Philippines
2021-01-01,0.196045409,Poland
2022-01-01,0.195447328,Poland
2023-01-01,0.196179147,Poland
2024-01-01,0.198240717,Poland
2025-01-01,0.199367968,Poland
2026-01-01,0.198769887,Poland
2027-01-01,0.199501706,Poland
2028-01-01,0.201563276,Poland
2029-01-01,0.202690527,Poland
2030-01-01,0.202092446,Poland
2021-01-01,0.134112329,Portugal
2022-01-01,0.138169097,Portugal
2023-01-01,0.141752871,Portugal
2024-01-01,0.144861662,Portugal
2025-01-01,0.141592638,Portugal
2026-01-01,0.145649406,Portugal
2027-01-01,0.14923318,Portugal
2028-01-01,0.152341971,Portugal
2029-01-01,0.149072947,Portugal
2030-01-01,0.153129716,Portugal
2021-01-01,0.044938366,Post-demographic dividend
2022-01-01,0.045368767,Post-demographic dividend
2023-01-01,0.044963752,Post-demographic dividend
2024-01-01,0.043723653,Post-demographic dividend
2025-01-01,0.044467252,Post-demographic dividend
2026-01-01,0.044897653,Post-demographic dividend
2027-01-01,0.044492638,Post-demographic dividend
2028-01-01,0.043252538,Post-demographic dividend
2029-01-01,0.043996138,Post-demographic dividend
2030-01-01,0.044426539,Post-demographic dividend
2021-01-01,1.780136763,Pre-demographic dividend
2022-01-01,1.723393118,Pre-demographic dividend
2023-01-01,1.676351535,Pre-demographic dividend
2024-01-01,1.638959325,Pre-demographic dividend
2025-01-01,1.433631266,Pre-demographic dividend
2026-01-01,1.376887621,Pre-demographic dividend
2027-01-01,1.329846038,Pre-demographic dividend
2028-01-01,1.292453829,Pre-demographic dividend
2029-01-01,1.08712577,Pre-demographic dividend
2030-01-01,1.030382125,Pre-demographic dividend
2021-01-01,0,Puerto Rico
2022-01-01,0,Puerto Rico
2023-01-01,0,Puerto Rico
2024-01-01,0,Puerto Rico
2025-01-01,0,Puerto Rico
2026-01-01,0,Puerto Rico
2027-01-01,0,Puerto Rico
2028-01-01,0,Puerto Rico
2029-01-01,0,Puerto Rico
2030-01-01,0,Puerto Rico
2021-01-01,5.03E-05,Qatar
2022-01-01,4.46E-05,Qatar
2023-01-01,3.83E-05,Qatar
2024-01-01,3.17E-05,Qatar
2025-01-01,2.43E-05,Qatar
2026-01-01,1.85E-05,Qatar
2027-01-01,1.23E-05,Qatar
2028-01-01,5.64E-06,Qatar
2029-01-01,-1.71E-06,Qatar
2030-01-01,-7.48E-06,Qatar
2021-01-01,0.104973429,Romania
2022-01-01,0.097143288,Romania
2023-01-01,0.088353012,Romania
2024-01-01,0.078598392,Romania
2025-01-01,0.056311097,Romania
2026-01-01,0.048480956,Romania
2027-01-01,0.039690679,Romania
2028-01-01,0.029936059,Romania
2029-01-01,0.007648764,Romania
2030-01-01,-0.000181377,Romania
2021-01-01,0.202751419,Russian Federation
2022-01-01,0.177666733,Russian Federation
2023-01-01,0.150829831,Russian Federation
2024-01-01,0.122252927,Russian Federation
2025-01-01,0.136559044,Russian Federation
2026-01-01,0.111474358,Russian Federation
2027-01-01,0.084637456,Russian Federation
2028-01-01,0.056060552,Russian Federation
2029-01-01,0.070366669,Russian Federation
2030-01-01,0.045281983,Russian Federation
2021-01-01,4.228497672,Rwanda
2022-01-01,4.345922892,Rwanda
2023-01-01,4.521546379,Rwanda
2024-01-01,4.754995169,Rwanda
2025-01-01,3.716246645,Rwanda
2026-01-01,3.833671865,Rwanda
2027-01-01,4.009295353,Rwanda
2028-01-01,4.242744142,Rwanda
2029-01-01,3.203995619,Rwanda
2030-01-01,3.321420839,Rwanda
2021-01-01,0.361699005,Samoa
2022-01-01,0.35266656,Samoa
2023-01-01,0.344714125,Samoa
2024-01-01,0.337844484,Samoa
2025-01-01,0.338965469,Samoa
2026-01-01,0.329933024,Samoa
2027-01-01,0.32198059,Samoa
2028-01-01,0.315110949,Samoa
2029-01-01,0.316231934,Samoa
2030-01-01,0.307199489,Samoa
2021-01-01,0,San Marino
2022-01-01,0,San Marino
2023-01-01,0,San Marino
2024-01-01,0,San Marino
2025-01-01,0,San Marino
2026-01-01,0,San Marino
2027-01-01,0,San Marino
2028-01-01,0,San Marino
2029-01-01,0,San Marino
2030-01-01,0,San Marino
2021-01-01,2.661419476,Sao Tome and Principe
2022-01-01,2.750524739,Sao Tome and Principe
2023-01-01,2.844173984,Sao Tome and Principe
2024-01-01,2.942209709,Sao Tome and Principe
2025-01-01,2.524742378,Sao Tome and Principe
2026-01-01,2.613847642,Sao Tome and Principe
2027-01-01,2.707496887,Sao Tome and Principe
2028-01-01,2.805532612,Sao Tome and Principe
2029-01-01,2.388065281,Sao Tome and Principe
2030-01-01,2.477170545,Sao Tome and Principe
2021-01-01,0.001433701,Saudi Arabia
2022-01-01,0.00146694,Saudi Arabia
2023-01-01,0.001502619,Saudi Arabia
2024-01-01,0.00154073,Saudi Arabia
2025-01-01,0.001550823,Saudi Arabia
2026-01-01,0.001584062,Saudi Arabia
2027-01-01,0.001619741,Saudi Arabia
2028-01-01,0.001657852,Saudi Arabia
2029-01-01,0.001667945,Saudi Arabia
2030-01-01,0.001701184,Saudi Arabia
2021-01-01,2.074847076,Senegal
2022-01-01,2.094477094,Senegal
2023-01-01,2.124824242,Senegal
2024-01-01,2.165843074,Senegal
2025-01-01,2.049511552,Senegal
2026-01-01,2.069141571,Senegal
2027-01-01,2.099488719,Senegal
2028-01-01,2.140507551,Senegal
2029-01-01,2.024176029,Senegal
2030-01-01,2.043806047,Senegal
2021-01-01,0.496959217,Serbia
2022-01-01,0.529983458,Serbia
2023-01-01,0.561285652,Serbia
2024-01-01,0.590858875,Serbia
2025-01-01,0.599196243,Serbia
2026-01-01,0.632220485,Serbia
2027-01-01,0.663522679,Serbia
2028-01-01,0.693095902,Serbia
2029-01-01,0.70143327,Serbia
2030-01-01,0.734457511,Serbia
2021-01-01,0.129514681,Seychelles
2022-01-01,0.130215973,Seychelles
2023-01-01,0.131405187,Seychelles
2024-01-01,0.133081952,Seychelles
2025-01-01,0.132854832,Seychelles
2026-01-01,0.133556124,Seychelles
2027-01-01,0.134745338,Seychelles
2028-01-01,0.136422103,Seychelles
2029-01-01,0.136194983,Seychelles
2030-01-01,0.136896275,Seychelles
2021-01-01,7.676839613,Sierra Leone
2022-01-01,8.003478194,Sierra Leone
2023-01-01,8.419290301,Sierra Leone
2024-01-01,8.923627042,Sierra Leone
2025-01-01,7.246858493,Sierra Leone
2026-01-01,7.573497074,Sierra Leone
2027-01-01,7.989309181,Sierra Leone
2028-01-01,8.493645922,Sierra Leone
2029-01-01,6.816877373,Sierra Leone
2030-01-01,7.143515954,Sierra Leone
2021-01-01,0.000269474,Singapore
2022-01-01,0.000287176,Singapore
2023-01-01,0.000307514,Singapore
2024-01-01,0.00033045,Singapore
2025-01-01,0.000228886,Singapore
2026-01-01,0.000246588,Singapore
2027-01-01,0.000266926,Singapore
2028-01-01,0.000289863,Singapore
2029-01-01,0.000188298,Singapore
2030-01-01,0.000206001,Singapore
2021-01-01,0,Sint Maarten (Dutch part)
2022-01-01,0,Sint Maarten (Dutch part)
2023-01-01,0,Sint Maarten (Dutch part)
2024-01-01,0,Sint Maarten (Dutch part)
2025-01-01,0,Sint Maarten (Dutch part)
2026-01-01,0,Sint Maarten (Dutch part)
2027-01-01,0,Sint Maarten (Dutch part)
2028-01-01,0,Sint Maarten (Dutch part)
2029-01-01,0,Sint Maarten (Dutch part)
2030-01-01,0,Sint Maarten (Dutch part)
2021-01-01,0.274913319,Slovak Republic
2022-01-01,0.265085182,Slovak Republic
2023-01-01,0.260046902,Slovak Republic
2024-01-01,0.259806291,Slovak Republic
2025-01-01,0.280936076,Slovak Republic
2026-01-01,0.271107939,Slovak Republic
2027-01-01,0.26606966,Slovak Republic
2028-01-01,0.265829048,Slovak Republic
2029-01-01,0.286958833,Slovak Republic
2030-01-01,0.277130697,Slovak Republic
2021-01-01,0.2518365,Slovenia
2022-01-01,0.259767492,Slovenia
2023-01-01,0.266973634,Slovenia
2024-01-01,0.273455662,Slovenia
2025-01-01,0.282928723,Slovenia
2026-01-01,0.290859715,Slovenia
2027-01-01,0.298065857,Slovenia
2028-01-01,0.304547885,Slovenia
2029-01-01,0.314020945,Slovenia
2030-01-01,0.321951937,Slovenia
2021-01-01,0.435855683,Small states
2022-01-01,0.426313582,Small states
2023-01-01,0.416219719,Small states
2024-01-01,0.405583205,Small states
2025-01-01,0.425746827,Small states
2026-01-01,0.416204726,Small states
2027-01-01,0.406110864,Small states
2028-01-01,0.39547435,Small states
2029-01-01,0.415637972,Small states
2030-01-01,0.406095871,Small states
2021-01-01,21.12539611,Solomon Islands
2022-01-01,22.14386799,Solomon Islands
2023-01-01,23.07941757,Solomon Islands
2024-01-01,23.93167223,Solomon Islands
2025-01-01,23.62680996,Solomon Islands
2026-01-01,24.64528184,Solomon Islands
2027-01-01,25.58083142,Solomon Islands
2028-01-01,26.43308608,Solomon Islands
2029-01-01,26.1282238,Solomon Islands
2030-01-01,27.14669568,Solomon Islands
2021-01-01,0.547150363,South Africa
2022-01-01,0.525266853,South Africa
2023-01-01,0.49983427,South Africa
2024-01-01,0.470863417,South Africa
2025-01-01,0.478826941,South Africa
2026-01-01,0.456943431,South Africa
2027-01-01,0.431510848,South Africa
2028-01-01,0.402539995,South Africa
2029-01-01,0.410503519,South Africa
2030-01-01,0.388620009,South Africa
2021-01-01,0.188018677,South Asia
2022-01-01,0.197320666,South Asia
2023-01-01,0.204466749,South Asia
2024-01-01,0.209441319,South Asia
2025-01-01,0.165111744,South Asia
2026-01-01,0.174413733,South Asia
2027-01-01,0.181559816,South Asia
2028-01-01,0.186534385,South Asia
2029-01-01,0.14220481,South Asia
2030-01-01,0.151506799,South Asia
2021-01-01,0.188018677,South Asia (IDA & IBRD)
2022-01-01,0.197320666,South Asia (IDA & IBRD)
2023-01-01,0.204466749,South Asia (IDA & IBRD)
2024-01-01,0.209441319,South Asia (IDA & IBRD)
2025-01-01,0.165111744,South Asia (IDA & IBRD)
2026-01-01,0.174413733,South Asia (IDA & IBRD)
2027-01-01,0.181559816,South Asia (IDA & IBRD)
2028-01-01,0.186534385,South Asia (IDA & IBRD)
2029-01-01,0.14220481,South Asia (IDA & IBRD)
2030-01-01,0.151506799,South Asia (IDA & IBRD)
2021-01-01,4.736058281,South Sudan
2022-01-01,5.419427346,South Sudan
2023-01-01,6.117438593,South Sudan
2024-01-01,6.829746415,South Sudan
2025-01-01,6.401426769,South Sudan
2026-01-01,7.084795833,South Sudan
2027-01-01,7.782807081,South Sudan
2028-01-01,8.495114903,South Sudan
2029-01-01,8.066795256,South Sudan
2030-01-01,8.750164321,South Sudan
2021-01-01,0.02561624,Spain
2022-01-01,0.02577145,Spain
2023-01-01,0.025670855,Spain
2024-01-01,0.025314612,Spain
2025-01-01,0.025651971,Spain
2026-01-01,0.025807181,Spain
2027-01-01,0.025706587,Spain
2028-01-01,0.025350343,Spain
2029-01-01,0.025687702,Spain
2030-01-01,0.025842913,Spain
2021-01-01,0.061714833,Sri Lanka
2022-01-01,0.063644319,Sri Lanka
2023-01-01,0.062773248,Sri Lanka
2024-01-01,0.059094885,Sri Lanka
2025-01-01,0.036337472,Sri Lanka
2026-01-01,0.038266959,Sri Lanka
2027-01-01,0.037395888,Sri Lanka
2028-01-01,0.033717525,Sri Lanka
2029-01-01,0.010960112,Sri Lanka
2030-01-01,0.012889599,Sri Lanka
2021-01-01,0,St. Kitts and Nevis
2022-01-01,0,St. Kitts and Nevis
2023-01-01,0,St. Kitts and Nevis
2024-01-01,0,St. Kitts and Nevis
2025-01-01,0,St. Kitts and Nevis
2026-01-01,0,St. Kitts and Nevis
2027-01-01,0,St. Kitts and Nevis
2028-01-01,0,St. Kitts and Nevis
2029-01-01,0,St. Kitts and Nevis
2030-01-01,0,St. Kitts and Nevis
2021-01-01,0.020775329,St. Lucia
2022-01-01,0.021327022,St. Lucia
2023-01-01,0.021881846,St. Lucia
2024-01-01,0.022439841,St. Lucia
2025-01-01,0.023066826,St. Lucia
2026-01-01,0.023618518,St. Lucia
2027-01-01,0.024173343,St. Lucia
2028-01-01,0.024731337,St. Lucia
2029-01-01,0.025358323,St. Lucia
2030-01-01,0.025910015,St. Lucia
2021-01-01,0.037797661,St. Vincent and the Grenadines
2022-01-01,0.03872252,St. Vincent and the Grenadines
2023-01-01,0.039661347,St. Vincent and the Grenadines
2024-01-01,0.040614419,St. Vincent and the Grenadines
2025-01-01,0.042362181,St. Vincent and the Grenadines
2026-01-01,0.04328704,St. Vincent and the Grenadines
2027-01-01,0.044225867,St. Vincent and the Grenadines
2028-01-01,0.045178939,St. Vincent and the Grenadines
2029-01-01,0.046926701,St. Vincent and the Grenadines
2030-01-01,0.04785156,St. Vincent and the Grenadines
2021-01-01,2.381916098,Sub-Saharan Africa
2022-01-01,2.379073793,Sub-Saharan Africa
2023-01-01,2.397861523,Sub-Saharan Africa
2024-01-01,2.438209865,Sub-Saharan Africa
2025-01-01,2.237849026,Sub-Saharan Africa
2026-01-01,2.235006721,Sub-Saharan Africa
2027-01-01,2.25379445,Sub-Saharan Africa
2028-01-01,2.294142793,Sub-Saharan Africa
2029-01-01,2.093781953,Sub-Saharan Africa
2030-01-01,2.090939649,Sub-Saharan Africa
2021-01-01,2.381916098,Sub-Saharan Africa (IDA & IBRD countries)
2022-01-01,2.379073793,Sub-Saharan Africa (IDA & IBRD countries)
2023-01-01,2.397861523,Sub-Saharan Africa (IDA & IBRD countries)
2024-01-01,2.438209865,Sub-Saharan Africa (IDA & IBRD countries)
2025-01-01,2.237849026,Sub-Saharan Africa (IDA & IBRD countries)
2026-01-01,2.235006721,Sub-Saharan Africa (IDA & IBRD countries)
2027-01-01,2.25379445,Sub-Saharan Africa (IDA & IBRD countries)
2028-01-01,2.294142793,Sub-Saharan Africa (IDA & IBRD countries)
2029-01-01,2.093781953,Sub-Saharan Africa (IDA & IBRD countries)
2030-01-01,2.090939649,Sub-Saharan Africa (IDA & IBRD countries)
2021-01-01,2.381070667,Sub-Saharan Africa (excluding high income)
2022-01-01,2.378043552,Sub-Saharan Africa (excluding high income)
2023-01-01,2.396676792,Sub-Saharan Africa (excluding high income)
2024-01-01,2.436900783,Sub-Saharan Africa (excluding high income)
2025-01-01,2.235804229,Sub-Saharan Africa (excluding high income)
2026-01-01,2.232777114,Sub-Saharan Africa (excluding high income)
2027-01-01,2.251410354,Sub-Saharan Africa (excluding high income)
2028-01-01,2.291634345,Sub-Saharan Africa (excluding high income)
2029-01-01,2.090537791,Sub-Saharan Africa (excluding high income)
2030-01-01,2.087510676,Sub-Saharan Africa (excluding high income)
2021-01-01,2.901282292,Sudan
2022-01-01,3.055739999,Sudan
2023-01-01,3.223161882,Sudan
2024-01-01,3.403556335,Sudan
2025-01-01,3.599767766,Sudan
2026-01-01,3.754225473,Sudan
2027-01-01,3.921647356,Sudan
2028-01-01,4.102041809,Sudan
2029-01-01,4.29825324,Sudan
2030-01-01,4.452710947,Sudan
2021-01-01,2.281945941,Suriname
2022-01-01,2.313410685,Suriname
2023-01-01,2.341996401,Suriname
2024-01-01,2.367809781,Suriname
2025-01-01,2.74448939,Suriname
2026-01-01,2.775954134,Suriname
2027-01-01,2.804539851,Suriname
2028-01-01,2.83035323,Suriname
2029-01-01,3.20703284,Suriname
2030-01-01,3.238497584,Suriname
2021-01-01,0.211527905,Sweden
2022-01-01,0.20828738,Sweden
2023-01-01,0.201689653,Sweden
2024-01-01,0.191740301,Sweden
2025-01-01,0.203344991,Sweden
2026-01-01,0.200104467,Sweden
2027-01-01,0.193506739,Sweden
2028-01-01,0.183557387,Sweden
2029-01-01,0.195162077,Sweden
2030-01-01,0.191921553,Sweden
2021-01-01,0.008991876,Switzerland
2022-01-01,0.008584321,Switzerland
2023-01-01,0.007831353,Switzerland
2024-01-01,0.006733294,Switzerland
2025-01-01,0.006981551,Switzerland
2026-01-01,0.006573996,Switzerland
2027-01-01,0.005821028,Switzerland
2028-01-01,0.004722969,Switzerland
2029-01-01,0.004971225,Switzerland
2030-01-01,0.00456367,Switzerland
2021-01-01,-0.006381852,Syrian Arab Republic
2022-01-01,-0.006860287,Syrian Arab Republic
2023-01-01,-0.007408082,Syrian Arab Republic
2024-01-01,-0.008025378,Syrian Arab Republic
2025-01-01,-0.009028097,Syrian Arab Republic
2026-01-01,-0.009506532,Syrian Arab Republic
2027-01-01,-0.010054327,Syrian Arab Republic
2028-01-01,-0.010671623,Syrian Arab Republic
2029-01-01,-0.011674342,Syrian Arab Republic
2030-01-01,-0.012152777,Syrian Arab Republic
2021-01-01,0.978546515,Tajikistan
2022-01-01,1.026638458,Tajikistan
2023-01-01,1.071633523,Tajikistan
2024-01-01,1.113550569,Tajikistan
2025-01-01,1.220254611,Tajikistan
2026-01-01,1.268346554,Tajikistan
2027-01-01,1.313341619,Tajikistan
2028-01-01,1.355258665,Tajikistan
2029-01-01,1.461962707,Tajikistan
2030-01-01,1.51005465,Tajikistan
2021-01-01,2.702522057,Tanzania
2022-01-01,2.798436358,Tanzania
2023-01-01,2.914741432,Tanzania
2024-01-01,3.051183281,Tanzania
2025-01-01,2.348298549,Tanzania
2026-01-01,2.44421285,Tanzania
2027-01-01,2.560517924,Tanzania
2028-01-01,2.696959773,Tanzania
2029-01-01,1.994075041,Tanzania
2030-01-01,2.089989342,Tanzania
2021-01-01,0.426508496,Thailand
2022-01-01,0.439015154,Thailand
2023-01-01,0.451144391,Thailand
2024-01-01,0.462875695,Thailand
2025-01-01,0.407996656,Thailand
2026-01-01,0.420503314,Thailand
2027-01-01,0.432632551,Thailand
2028-01-01,0.444363854,Thailand
2029-01-01,0.389484815,Thailand
2030-01-01,0.401991474,Thailand
2021-01-01,0.113230819,Timor-Leste
2022-01-01,0.134878331,Timor-Leste
2023-01-01,0.159416455,Timor-Leste
2024-01-01,0.186791619,Timor-Leste
2025-01-01,0.035101411,Timor-Leste
2026-01-01,0.056748922,Timor-Leste
2027-01-01,0.081287047,Timor-Leste
2028-01-01,0.10866221,Timor-Leste
2029-01-01,-0.043027997,Timor-Leste
2030-01-01,-0.021380486,Timor-Leste
2021-01-01,5.27847871,Togo
2022-01-01,5.36633971,Togo
2023-01-01,5.493745656,Togo
2024-01-01,5.660421419,Togo
2025-01-01,4.907607946,Togo
2026-01-01,4.995468946,Togo
2027-01-01,5.122874893,Togo
2028-01-01,5.289550655,Togo
2029-01-01,4.536737182,Togo
2030-01-01,4.624598182,Togo
2021-01-01,0.047432304,Tonga
2022-01-01,0.048408443,Tonga
2023-01-01,0.049381036,Tonga
2024-01-01,0.050349542,Tonga
2025-01-01,0.049512917,Tonga
2026-01-01,0.050489056,Tonga
2027-01-01,0.051461649,Tonga
2028-01-01,0.052430155,Tonga
2029-01-01,0.05159353,Tonga
2030-01-01,0.052569669,Tonga
2021-01-01,0.067905684,Trinidad and Tobago
2022-01-01,0.069620659,Trinidad and Tobago
2023-01-01,0.071127937,Trinidad and Tobago
2024-01-01,0.072429564,Trinidad and Tobago
2025-01-01,0.080579985,Trinidad and Tobago
2026-01-01,0.08229496,Trinidad and Tobago
2027-01-01,0.083802238,Trinidad and Tobago
2028-01-01,0.085103865,Trinidad and Tobago
2029-01-01,0.093254286,Trinidad and Tobago
2030-01-01,0.09496926,Trinidad and Tobago
2021-01-01,0.376615796,Tunisia
2022-01-01,0.386017138,Tunisia
2023-01-01,0.396558912,Tunisia
2024-01-01,0.408246903,Tunisia
2025-01-01,0.437816202,Tunisia
2026-01-01,0.447217543,Tunisia
2027-01-01,0.457759318,Tunisia
2028-01-01,0.469447308,Tunisia
2029-01-01,0.499016607,Tunisia
2030-01-01,0.508417949,Tunisia
2021-01-01,0.077085015,Turkey
2022-01-01,0.076721693,Turkey
2023-01-01,0.075861174,Turkey
2024-01-01,0.074505109,Turkey
2025-01-01,0.079137949,Turkey
2026-01-01,0.078774627,Turkey
2027-01-01,0.077914108,Turkey
2028-01-01,0.076558043,Turkey
2029-01-01,0.081190883,Turkey
2030-01-01,0.080827562,Turkey
2021-01-01,-2.09E-05,Turkmenistan
2022-01-01,-4.53E-05,Turkmenistan
2023-01-01,-7.64E-05,Turkmenistan
2024-01-01,-0.000114322,Turkmenistan
2025-01-01,-0.000197639,Turkmenistan
2026-01-01,-0.000222033,Turkmenistan
2027-01-01,-0.000253164,Turkmenistan
2028-01-01,-0.000291048,Turkmenistan
2029-01-01,-0.000374364,Turkmenistan
2030-01-01,-0.000398758,Turkmenistan
2021-01-01,0.005084808,Turks and Caicos Islands
2022-01-01,0.005181901,Turks and Caicos Islands
2023-01-01,0.005281295,Turks and Caicos Islands
2024-01-01,0.00538309,Turks and Caicos Islands
2025-01-01,0.005792354,Turks and Caicos Islands
2026-01-01,0.005889446,Turks and Caicos Islands
2027-01-01,0.005988841,Turks and Caicos Islands
2028-01-01,0.006090636,Turks and Caicos Islands
2029-01-01,0.0064999,Turks and Caicos Islands
2030-01-01,0.006596992,Turks and Caicos Islands
2021-01-01,0,Tuvalu
2022-01-01,0,Tuvalu
2023-01-01,0,Tuvalu
2024-01-01,0,Tuvalu
2025-01-01,0,Tuvalu
2026-01-01,0,Tuvalu
2027-01-01,0,Tuvalu
2028-01-01,0,Tuvalu
2029-01-01,0,Tuvalu
2030-01-01,0,Tuvalu
2021-01-01,5.977519183,Uganda
2022-01-01,6.448108058,Uganda
2023-01-01,6.984950378,Uganda
2024-01-01,7.586846869,Uganda
2025-01-01,4.237923585,Uganda
2026-01-01,4.70851246,Uganda
2027-01-01,5.24535478,Uganda
2028-01-01,5.847251271,Uganda
2029-01-01,2.498327987,Uganda
2030-01-01,2.968916862,Uganda
2021-01-01,0.310040266,Ukraine
2022-01-01,0.317224452,Ukraine
2023-01-01,0.322959352,Ukraine
2024-01-01,0.327241285,Ukraine
2025-01-01,0.321268939,Ukraine
2026-01-01,0.328453125,Ukraine
2027-01-01,0.334188025,Ukraine
2028-01-01,0.338469958,Ukraine
2029-01-01,0.332497611,Ukraine
2030-01-01,0.339681797,Ukraine
2021-01-01,0.00016461,United Arab Emirates
2022-01-01,0.000167588,United Arab Emirates
2023-01-01,0.000170734,United Arab Emirates
2024-01-01,0.000174045,United Arab Emirates
2025-01-01,0.000172342,United Arab Emirates
2026-01-01,0.000175321,United Arab Emirates
2027-01-01,0.000178466,United Arab Emirates
2028-01-01,0.000181778,United Arab Emirates
2029-01-01,0.000180075,United Arab Emirates
2030-01-01,0.000183053,United Arab Emirates
2021-01-01,0.005587551,United Kingdom
2022-01-01,0.005404516,United Kingdom
2023-01-01,0.005224365,United Kingdom
2024-01-01,0.005047357,United Kingdom
2025-01-01,0.005697191,United Kingdom
2026-01-01,0.005514157,United Kingdom
2027-01-01,0.005334006,United Kingdom
2028-01-01,0.005156998,United Kingdom
2029-01-01,0.005806832,United Kingdom
2030-01-01,0.005623797,United Kingdom
2021-01-01,0.031114692,United States
2022-01-01,0.030811459,United States
2023-01-01,0.029953857,United States
2024-01-01,0.028541122,United States
2025-01-01,0.025358881,United States
2026-01-01,0.025055648,United States
2027-01-01,0.024198047,United States
2028-01-01,0.022785312,United States
2029-01-01,0.019603071,United States
2030-01-01,0.019299838,United States
2021-01-01,0.180401609,Upper middle income
2022-01-01,0.177926059,Upper middle income
2023-01-01,0.170282309,Upper middle income
2024-01-01,0.157468042,Upper middle income
2025-01-01,0.142058668,Upper middle income
2026-01-01,0.139583118,Upper middle income
2027-01-01,0.131939368,Upper middle income
2028-01-01,0.119125101,Upper middle income
2029-01-01,0.103715727,Upper middle income
2030-01-01,0.101240177,Upper middle income
2021-01-01,2.15255053,Uruguay
2022-01-01,2.271895998,Uruguay
2023-01-01,2.382007538,Uruguay
2024-01-01,2.48285856,Uruguay
2025-01-01,2.498922221,Uruguay
2026-01-01,2.618267689,Uruguay
2027-01-01,2.728379229,Uruguay
2028-01-01,2.829230252,Uruguay
2029-01-01,2.845293912,Uruguay
2030-01-01,2.96463938,Uruguay
2021-01-01,0.000459907,Uzbekistan
2022-01-01,0.000375876,Uzbekistan
2023-01-01,0.000267029,Uzbekistan
2024-01-01,0.000133326,Uzbekistan
2025-01-01,-0.000103497,Uzbekistan
2026-01-01,-0.000187528,Uzbekistan
2027-01-01,-0.000296375,Uzbekistan
2028-01-01,-0.000430078,Uzbekistan
2029-01-01,-0.000666901,Uzbekistan
2030-01-01,-0.000750932,Uzbekistan
2021-01-01,0.71728395,Vanuatu
2022-01-01,0.727053408,Vanuatu
2023-01-01,0.737694813,Vanuatu
2024-01-01,0.749192099,Vanuatu
2025-01-01,0.706532178,Vanuatu
2026-01-01,0.716301636,Vanuatu
2027-01-01,0.726943041,Vanuatu
2028-01-01,0.738440328,Vanuatu
2029-01-01,0.695780406,Vanuatu
2030-01-01,0.705549864,Vanuatu
2021-01-01,0.042825284,"Venezuela, RB"
2022-01-01,0.044570805,"Venezuela, RB"
2023-01-01,0.045461275,"Venezuela, RB"
2024-01-01,0.045494905,"Venezuela, RB"
2025-01-01,0.040478646,"Venezuela, RB"
2026-01-01,0.042224167,"Venezuela, RB"
2027-01-01,0.043114636,"Venezuela, RB"
2028-01-01,0.043148266,"Venezuela, RB"
2029-01-01,0.038132008,"Venezuela, RB"
2030-01-01,0.039877529,"Venezuela, RB"
2021-01-01,1.818298397,Vietnam
2022-01-01,1.884930726,Vietnam
2023-01-01,1.942851251,Vietnam
2024-01-01,1.991994607,Vietnam
2025-01-01,1.832566228,Vietnam
2026-01-01,1.899198556,Vietnam
2027-01-01,1.957119082,Vietnam
2028-01-01,2.006262437,Vietnam
2029-01-01,1.846834058,Vietnam
2030-01-01,1.913466387,Vietnam
2021-01-01,0,Virgin Islands (U.S.)
2022-01-01,0,Virgin Islands (U.S.)
2023-01-01,0,Virgin Islands (U.S.)
2024-01-01,0,Virgin Islands (U.S.)
2025-01-01,0,Virgin Islands (U.S.)
2026-01-01,0,Virgin Islands (U.S.)
2027-01-01,0,Virgin Islands (U.S.)
2028-01-01,0,Virgin Islands (U.S.)
2029-01-01,0,Virgin Islands (U.S.)
2030-01-01,0,Virgin Islands (U.S.)
2021-01-01,0,West Bank and Gaza
2022-01-01,0,West Bank and Gaza
2023-01-01,0,West Bank and Gaza
2024-01-01,0,West Bank and Gaza
2025-01-01,0,West Bank and Gaza
2026-01-01,0,West Bank and Gaza
2027-01-01,0,West Bank and Gaza
2028-01-01,0,West Bank and Gaza
2029-01-01,0,West Bank and Gaza
2030-01-01,0,West Bank and Gaza
2021-01-01,0.187491288,World
2022-01-01,0.190592709,World
2023-01-01,0.19420444,World
2024-01-01,0.198324802,World
2025-01-01,0.196325562,World
2026-01-01,0.199426983,World
2027-01-01,0.203038715,World
2028-01-01,0.207159077,World
2029-01-01,0.205159837,World
2030-01-01,0.208261257,World
2021-01-01,0.067559667,"Yemen, Rep."
2022-01-01,0.068965474,"Yemen, Rep."
2023-01-01,0.07072384,"Yemen, Rep."
2024-01-01,0.072835376,"Yemen, Rep."
2025-01-01,0.076733279,"Yemen, Rep."
2026-01-01,0.078139086,"Yemen, Rep."
2027-01-01,0.079897451,"Yemen, Rep."
2028-01-01,0.082008988,"Yemen, Rep."
2029-01-01,0.085906891,"Yemen, Rep."
2030-01-01,0.087312698,"Yemen, Rep."
2021-01-01,4.700679464,Zambia
2022-01-01,4.907427898,Zambia
2023-01-01,5.143402225,Zambia
2024-01-01,5.408111392,Zambia
2025-01-01,4.069534283,Zambia
2026-01-01,4.276282716,Zambia
2027-01-01,4.512257043,Zambia
2028-01-01,4.776966211,Zambia
2029-01-01,3.438389101,Zambia
2030-01-01,3.645137535,Zambia
2021-01-01,1.386561739,Zimbabwe
2022-01-01,1.839975127,Zimbabwe
2023-01-01,2.326840838,Zimbabwe
2024-01-01,2.846390364,Zimbabwe
2025-01-01,0.815984705,Zimbabwe
2026-01-01,1.269398093,Zimbabwe
2027-01-01,1.756263804,Zimbabwe
2028-01-01,2.27581333,Zimbabwe
2029-01-01,0.24540767,Zimbabwe
2030-01-01,0.698821058,Zimbabwe