time,GDP Growth (%),Country
2021-01-01,4.086870008,Afghanistan
2022-01-01,1.699511261,Afghanistan
2023-01-01,-0.661310866,Afghanistan
2024-01-01,-2.993375848,Afghanistan
2025-01-01,1.951676352,Afghanistan
2026-01-01,-0.435682395,Afghanistan
2027-01-01,-2.796504522,Afghanistan
2028-01-01,-5.128569504,Afghanistan
2029-01-01,-0.183517304,Afghanistan
2030-01-01,-2.570876051,Afghanistan
2021-01-01,1.917126014,Africa Eastern and Southern
2022-01-01,1.503407015,Africa Eastern and Southern
2023-01-01,1.05358209,Africa Eastern and Southern
2024-01-01,0.567942723,Africa Eastern and Southern
2025-01-01,1.073122089,Africa Eastern and Southern
2026-01-01,0.65940309,Africa Eastern and Southern
2027-01-01,0.209578166,Africa Eastern and Southern
2028-01-01,-0.276061202,Africa Eastern and Southern
2029-01-01,0.229118164,Africa Eastern and Southern
2030-01-01,-0.184600835,Africa Eastern and Southern
2021-01-01,1.924327239,Africa Western and Central
2022-01-01,1.381805846,Africa Western and Central
2023-01-01,0.768078815,Africa Western and Central
2024-01-01,0.083512337,Africa Western and Central
2025-01-01,0.646661214,Africa Western and Central
2026-01-01,0.104139821,Africa Western and Central
2027-01-01,-0.50958721,Africa Western and Central
2028-01-01,-1.194153688,Africa Western and Central
2029-01-01,-0.631004812,Africa Western and Central
2030-01-01,-1.173526205,Africa Western and Central
2021-01-01,0.65342029,Albania
2022-01-01,0.183831567,Albania
2023-01-01,-0.299130112,Albania
2024-01-01,-0.795263658,Albania
2025-01-01,-0.615932258,Albania
2026-01-01,-1.085520981,Albania
2027-01-01,-1.56848266,Albania
2028-01-01,-2.064616207,Albania
2029-01-01,-1.885284806,Albania
2030-01-01,-2.354873529,Albania
2021-01-01,0.01558023,Algeria
2022-01-01,-0.313738562,Algeria
2023-01-01,-0.678188066,Algeria
2024-01-01,-1.077664179,Algeria
2025-01-01,-1.094334764,Algeria
2026-01-01,-1.423653556,Algeria
2027-01-01,-1.78810306,Algeria
2028-01-01,-2.187579173,Algeria
2029-01-01,-2.204249758,Algeria
2030-01-01,-2.53356855,Algeria
2021-01-01,-1.912789767,American Samoa
2022-01-01,-1.374405704,American Samoa
2023-01-01,-0.871815822,American Samoa
2024-01-01,-0.405649392,American Samoa
2025-01-01,-1.96989624,American Samoa
2026-01-01,-1.431512178,American Samoa
2027-01-01,-0.928922295,American Samoa
2028-01-01,-0.462755866,American Samoa
2029-01-01,-2.027002713,American Samoa
2030-01-01,-1.488618651,American Samoa
2021-01-01,-3.478755054,Andorra
2022-01-01,-4.321824286,Andorra
2023-01-01,-5.214143103,Andorra
2024-01-01,-6.155212149,Andorra
2025-01-01,-5.401931764,Andorra
2026-01-01,-6.245000996,Andorra
2027-01-01,-7.137319812,Andorra
2028-01-01,-8.078388859,Andorra
2029-01-01,-7.325108474,Andorra
2030-01-01,-8.168177706,Andorra
2021-01-01,-3.523147598,Angola
2022-01-01,-3.789720038,Angola
2023-01-01,-4.075917951,Angola
2024-01-01,-4.382305192,Angola
2025-01-01,-6.540206571,Angola
2026-01-01,-6.806779011,Angola
2027-01-01,-7.092976924,Angola
2028-01-01,-7.399364166,Angola
2029-01-01,-9.557265544,Angola
2030-01-01,-9.823837985,Angola
2021-01-01,-2.079717129,Antigua and Barbuda
2022-01-01,-1.587586138,Antigua and Barbuda
2023-01-01,-1.147122444,Antigua and Barbuda
2024-01-01,-0.7591478,Antigua and Barbuda
2025-01-01,-3.018918294,Antigua and Barbuda
2026-01-01,-2.526787303,Antigua and Barbuda
2027-01-01,-2.086323609,Antigua and Barbuda
2028-01-01,-1.698348965,Antigua and Barbuda
2029-01-01,-3.958119459,Antigua and Barbuda
2030-01-01,-3.465988468,Antigua and Barbuda
2021-01-01,-0.418147295,Arab World
2022-01-01,0.080372438,Arab World
2023-01-01,0.569070581,Arab World
2024-01-01,1.047046989,Arab World
2025-01-01,-1.424704837,Arab World
2026-01-01,-0.926185104,Arab World
2027-01-01,-0.437486961,Arab World
2028-01-01,0.040489447,Arab World
2029-01-01,-2.431262379,Arab World
2030-01-01,-1.932742646,Arab World
2021-01-01,-3.131582265,Argentina
2022-01-01,-2.897473168,Argentina
2023-01-01,-2.68105248,Argentina
2024-01-01,-2.483023993,Argentina
2025-01-01,-4.572681264,Argentina
2026-01-01,-4.338572168,Argentina
2027-01-01,-4.12215148,Argentina
2028-01-01,-3.924122992,Argentina
2029-01-01,-6.013780264,Argentina
2030-01-01,-5.779671168,Argentina
2021-01-01,-2.02556043,Armenia
2022-01-01,-2.043977489,Armenia
2023-01-01,-2.117613518,Armenia
2024-01-01,-2.247188722,Armenia
2025-01-01,-4.685673867,Armenia
2026-01-01,-4.704090926,Armenia
2027-01-01,-4.777726955,Armenia
2028-01-01,-4.907302159,Armenia
2029-01-01,-7.345787304,Armenia
2030-01-01,-7.364204363,Armenia
2021-01-01,0.221777906,Aruba
2022-01-01,1.752628754,Aruba
2023-01-01,3.277568633,Aruba
2024-01-01,4.794902043,Aruba
2025-01-01,0.759249654,Aruba
2026-01-01,2.290100502,Aruba
2027-01-01,3.815040381,Aruba
2028-01-01,5.332373791,Aruba
2029-01-01,1.296721402,Aruba
2030-01-01,2.82757225,Aruba
2021-01-01,1.390812419,Australia
2022-01-01,1.517016887,Australia
2023-01-01,1.632004892,Australia
2024-01-01,1.735522486,Australia
2025-01-01,1.012019879,Australia
2026-01-01,1.138224347,Australia
2027-01-01,1.253212352,Australia
2028-01-01,1.356729946,Australia
2029-01-01,0.633227339,Australia
2030-01-01,0.759431807,Australia
2021-01-01,-0.223873612,Austria
2022-01-01,-0.29220536,Austria
2023-01-01,-0.389481177,Austria
2024-01-01,-0.515735303,Austria
2025-01-01,-0.72558544,Austria
2026-01-01,-0.793917189,Austria
2027-01-01,-0.891193006,Austria
2028-01-01,-1.017447131,Austria
2029-01-01,-1.227297269,Austria
2030-01-01,-1.295629017,Austria
2021-01-01,-1.261306667,Azerbaijan
2022-01-01,-3.791021434,Azerbaijan
2023-01-01,-6.418043354,Azerbaijan
2024-01-01,-9.140491234,Azerbaijan
2025-01-01,-5.592986729,Azerbaijan
2026-01-01,-8.122701496,Azerbaijan
2027-01-01,-10.74972342,Azerbaijan
2028-01-01,-13.4721713,Azerbaijan
2029-01-01,-9.924666791,Azerbaijan
2030-01-01,-12.45438156,Azerbaijan
2021-01-01,-0.735167735,"Bahamas, The"
2022-01-01,-1.754591485,"Bahamas, The"
2023-01-01,-2.853691083,"Bahamas, The"
2024-01-01,-4.031375837,"Bahamas, The"
2025-01-01,-1.552518155,"Bahamas, The"
2026-01-01,-2.571941905,"Bahamas, The"
2027-01-01,-3.671041502,"Bahamas, The"
2028-01-01,-4.848726257,"Bahamas, The"
2029-01-01,-2.369868575,"Bahamas, The"
2030-01-01,-3.389292325,"Bahamas, The"
2021-01-01,1.019019057,Bahrain
2022-01-01,0.6432866,Bahrain
2023-01-01,0.251692049,Bahrain
2024-01-01,-0.155637733,Bahrain
2025-01-01,-0.12738781,Bahrain
2026-01-01,-0.503120267,Bahrain
2027-01-01,-0.894714818,Bahrain
2028-01-01,-1.3020446,Bahrain
2029-01-01,-1.273794677,Bahrain
2030-01-01,-1.649527134,Bahrain
2021-01-01,7.120703315,Bangladesh
2022-01-01,7.065508964,Bangladesh
2023-01-01,6.963577274,Bangladesh
2024-01-01,6.81512649,Bangladesh
2025-01-01,7.447104679,Bangladesh
2026-01-01,7.391910328,Bangladesh
2027-01-01,7.289978639,Bangladesh
2028-01-01,7.141527854,Bangladesh
2029-01-01,7.773506044,Bangladesh
2030-01-01,7.718311692,Bangladesh
2021-01-01,-3.383297284,Barbados
2022-01-01,-3.788396881,Barbados
2023-01-01,-4.283849848,Barbados
2024-01-01,-4.869428492,Barbados
2025-01-01,-4.608115648,Barbados
2026-01-01,-5.013215245,Barbados
2027-01-01,-5.508668212,Barbados
2028-01-01,-6.094246856,Barbados
2029-01-01,-5.832934011,Barbados
2030-01-01,-6.238033609,Barbados
2021-01-01,-2.155616484,Belarus
2022-01-01,-2.189570716,Belarus
2023-01-01,-2.250937841,Belarus
2024-01-01,-2.340291575,Belarus
2025-01-01,-4.301812281,Belarus
2026-01-01,-4.335766513,Belarus
2027-01-01,-4.397133639,Belarus
2028-01-01,-4.486487373,Belarus
2029-01-01,-6.448008079,Belarus
2030-01-01,-6.481962311,Belarus
2021-01-01,-0.025910067,Belgium
2022-01-01,-0.219041489,Belgium
2023-01-01,-0.448162336,Belgium
2024-01-01,-0.713151207,Belgium
2025-01-01,-0.542599949,Belgium
2026-01-01,-0.735731371,Belgium
2027-01-01,-0.964852218,Belgium
2028-01-01,-1.229841089,Belgium
2029-01-01,-1.059289831,Belgium
2030-01-01,-1.252421253,Belgium
2021-01-01,-1.508746976,Belize
2022-01-01,-2.279926648,Belize
2023-01-01,-3.14516245,Belize
2024-01-01,-4.103895858,Belize
2025-01-01,-3.132834925,Belize
2026-01-01,-3.904014598,Belize
2027-01-01,-4.7692504,Belize
2028-01-01,-5.727983808,Belize
2029-01-01,-4.756922875,Belize
2030-01-01,-5.528102548,Belize
2021-01-01,5.522415157,Benin
2022-01-01,5.421260301,Benin
2023-01-01,5.313114925,Benin
2024-01-01,5.198207956,Benin
2025-01-01,5.837967399,Benin
2026-01-01,5.736812543,Benin
2027-01-01,5.628667167,Benin
2028-01-01,5.513760199,Benin
2029-01-01,6.153519642,Benin
2030-01-01,6.052364785,Benin
2021-01-01,-1.409000542,Bermuda
2022-01-01,-2.15803135,Bermuda
2023-01-01,-2.912123155,Bermuda
2024-01-01,-3.670617129,Bermuda
2025-01-01,-2.253928603,Bermuda
2026-01-01,-3.002959411,Bermuda
2027-01-01,-3.757051215,Bermuda
2028-01-01,-4.515545189,Bermuda
2029-01-01,-3.098856663,Bermuda
2030-01-01,-3.847887471,Bermuda
2021-01-01,2.276626677,Bhutan
2022-01-01,1.888710384,Bhutan
2023-01-01,1.330438915,Bhutan
2024-01-01,0.601969419,Bhutan
2025-01-01,0.585469855,Bhutan
2026-01-01,0.197553563,Bhutan
2027-01-01,-0.360717907,Bhutan
2028-01-01,-1.089187402,Bhutan
2029-01-01,-1.105686966,Bhutan
2030-01-01,-1.493603259,Bhutan
2021-01-01,3.329257802,Bolivia
2022-01-01,2.802987241,Bolivia
2023-01-01,2.261164164,Bolivia
2024-01-01,1.704333503,Bolivia
2025-01-01,2.954185352,Bolivia
2026-01-01,2.42791479,Bolivia
2027-01-01,1.886091714,Bolivia
2028-01-01,1.329261053,Bolivia
2029-01-01,2.579112901,Bolivia
2030-01-01,2.05284234,Bolivia
2021-01-01,0.111361122,Bosnia and Herzegovina
2022-01-01,-0.229518695,Bosnia and Herzegovina
2023-01-01,-0.591652342,Bosnia and Herzegovina
2024-01-01,-0.974938971,Bosnia and Herzegovina
2025-01-01,-1.003718718,Bosnia and Herzegovina
2026-01-01,-1.344598535,Bosnia and Herzegovina
2027-01-01,-1.706732182,Bosnia and Herzegovina
2028-01-01,-2.090018811,Bosnia and Herzegovina
2029-01-01,-2.118798558,Bosnia and Herzegovina
2030-01-01,-2.459678375,Bosnia and Herzegovina
2021-01-01,1.755546914,Botswana
2022-01-01,1.473534975,Botswana
2023-01-01,1.152503959,Botswana
2024-01-01,0.792608297,Botswana
2025-01-01,0.972018253,Botswana
2026-01-01,0.690006314,Botswana
2027-01-01,0.368975298,Botswana
2028-01-01,0.009079635,Botswana
2029-01-01,0.188489592,Botswana
2030-01-01,-0.093522347,Botswana
2021-01-01,-0.718634286,Brazil
2022-01-01,-1.053557597,Brazil
2023-01-01,-1.409902369,Brazil
2024-01-01,-1.787562465,Brazil
2025-01-01,-1.80137113,Brazil
2026-01-01,-2.136294441,Brazil
2027-01-01,-2.492639213,Brazil
2028-01-01,-2.870299309,Brazil
2029-01-01,-2.884107974,Brazil
2030-01-01,-3.219031285,Brazil
2021-01-01,-0.292936532,Brunei Darussalam
2022-01-01,-0.380268376,Brunei Darussalam
2023-01-01,-0.485284905,Brunei Darussalam
2024-01-01,-0.607992463,Brunei Darussalam
2025-01-01,-0.733013869,Brunei Darussalam
2026-01-01,-0.820345713,Brunei Darussalam
2027-01-01,-0.925362242,Brunei Darussalam
2028-01-01,-1.0480698,Brunei Darussalam
2029-01-01,-1.173091206,Brunei Darussalam
2030-01-01,-1.26042305,Brunei Darussalam
2021-01-01,-0.524617669,Bulgaria
2022-01-01,-0.364126327,Bulgaria
2023-01-01,-0.230135185,Bulgaria
2024-01-01,-0.123164063,Bulgaria
2025-01-01,-1.696071169,Bulgaria
2026-01-01,-1.535579828,Bulgaria
2027-01-01,-1.401588686,Bulgaria
2028-01-01,-1.294617564,Bulgaria
2029-01-01,-2.86752467,Bulgaria
2030-01-01,-2.707033328,Bulgaria
2021-01-01,5.453911352,Burkina Faso
2022-01-01,5.105825813,Burkina Faso
2023-01-01,4.735912948,Burkina Faso
2024-01-01,4.344546887,Burkina Faso
2025-01-01,5.203712883,Burkina Faso
2026-01-01,4.855627344,Burkina Faso
2027-01-01,4.485714479,Burkina Faso
2028-01-01,4.094348418,Burkina Faso
2029-01-01,4.953514415,Burkina Faso
2030-01-01,4.605428875,Burkina Faso
2021-01-01,1.283008115,Burundi
2022-01-01,1.051888166,Burundi
2023-01-01,0.819061824,Burundi
2024-01-01,0.584651115,Burundi
2025-01-01,0.743430756,Burundi
2026-01-01,0.512310807,Burundi
2027-01-01,0.279484465,Burundi
2028-01-01,0.045073756,Burundi
2029-01-01,0.203853396,Burundi
2030-01-01,-0.027266552,Burundi
2021-01-01,-2.056014708,Cabo Verde
2022-01-01,-2.070760486,Cabo Verde
2023-01-01,-2.142461792,Cabo Verde
2024-01-01,-2.271605523,Cabo Verde
2025-01-01,-3.933941127,Cabo Verde
2026-01-01,-3.948686904,Cabo Verde
2027-01-01,-4.02038821,Cabo Verde
2028-01-01,-4.149531942,Cabo Verde
2029-01-01,-5.811867545,Cabo Verde
2030-01-01,-5.826613322,Cabo Verde
2021-01-01,4.44788638,Cambodia
2022-01-01,4.092332643,Cambodia
2023-01-01,3.680977268,Cambodia
2024-01-01,3.213991099,Cambodia
2025-01-01,3.371981124,Cambodia
2026-01-01,3.016427388,Cambodia
2027-01-01,2.605072013,Cambodia
2028-01-01,2.138085843,Cambodia
2029-01-01,2.296075868,Cambodia
2030-01-01,1.940522132,Cambodia
2021-01-01,3.172459208,Cameroon
2022-01-01,3.402419798,Cameroon
2023-01-01,3.59921149,Cameroon
2024-01-01,3.762532788,Cameroon
2025-01-01,2.971024564,Cameroon
2026-01-01,3.200985153,Cameroon
2027-01-01,3.397776845,Cameroon
2028-01-01,3.561098144,Cameroon
2029-01-01,2.769589919,Cameroon
2030-01-01,2.999550509,Cameroon
2021-01-01,0.395998731,Canada
2022-01-01,0.052887518,Canada
2023-01-01,-0.328685631,Canada
2024-01-01,-0.74849349,Canada
2025-01-01,-0.381559489,Canada
2026-01-01,-0.724670702,Canada
2027-01-01,-1.106243851,Canada
2028-01-01,-1.52605171,Canada
2029-01-01,-1.159117709,Canada
2030-01-01,-1.502228923,Canada
2021-01-01,-2.219779717,Caribbean small states
2022-01-01,-2.560619199,Caribbean small states
2023-01-01,-2.959848325,Caribbean small states
2024-01-01,-3.417397,Caribbean small states
2025-01-01,-3.587987084,Caribbean small states
2026-01-01,-3.928826566,Caribbean small states
2027-01-01,-4.328055691,Caribbean small states
2028-01-01,-4.785604366,Caribbean small states
2029-01-01,-4.95619445,Caribbean small states
2030-01-01,-5.297033932,Caribbean small states
2021-01-01,3.89062713,Cayman Islands
2022-01-01,5.493045118,Cayman Islands
2023-01-01,7.08189807,Cayman Islands
2024-01-01,8.655896271,Cayman Islands
2025-01-01,6.011284794,Cayman Islands
2026-01-01,7.613702782,Cayman Islands
2027-01-01,9.202555734,Cayman Islands
2028-01-01,10.77655393,Cayman Islands
2029-01-01,8.131942457,Cayman Islands
2030-01-01,9.734360445,Cayman Islands
2021-01-01,-4.253523567,Central African Republic
2022-01-01,-2.149608956,Central African Republic
2023-01-01,-0.134315478,Central African Republic
2024-01-01,1.78965412,Central African Republic
2025-01-01,-5.10908992,Central African Republic
2026-01-01,-3.005175309,Central African Republic
2027-01-01,-0.98988183,Central African Republic
2028-01-01,0.934087767,Central African Republic
2029-01-01,-5.964656273,Central African Republic
2030-01-01,-3.860741662,Central African Republic
2021-01-01,1.221948593,Central Europe and the Baltics
2022-01-01,1.226171303,Central Europe and the Baltics
2023-01-01,1.201621004,Central Europe and the Baltics
2024-01-01,1.148137898,Central Europe and the Baltics
2025-01-01,0.59972359,Central Europe and the Baltics
2026-01-01,0.6039463,Central Europe and the Baltics
2027-01-01,0.579396002,Central Europe and the Baltics
2028-01-01,0.525912896,Central Europe and the Baltics
2029-01-01,-0.022501412,Central Europe and the Baltics
2030-01-01,-0.018278702,Central Europe and the Baltics
2021-01-01,-4.604431455,Chad
2022-01-01,-4.678027763,Chad
2023-01-01,-4.678698165,Chad
2024-01-01,-4.607568083,Chad
2025-01-01,-8.331016196,Chad
2026-01-01,-8.404612504,Chad
2027-01-01,-8.405282906,Chad
2028-01-01,-8.334152824,Chad
2029-01-01,-12.05760094,Chad
2030-01-01,-12.13119725,Chad
2021-01-01,27.19792052,Channel Islands
2022-01-01,28.10423909,Channel Islands
2023-01-01,29.0127957,Channel Islands
2024-01-01,29.9243154,Channel Islands
2025-01-01,33.21429457,Channel Islands
2026-01-01,34.12061314,Channel Islands
2027-01-01,35.02916975,Channel Islands
2028-01-01,35.94068945,Channel Islands
2029-01-01,39.23066862,Channel Islands
2030-01-01,40.13698719,Channel Islands
2021-01-01,-0.122647257,Chile
2022-01-01,-0.187484221,Chile
2023-01-01,-0.279364955,Chile
2024-01-01,-0.39852541,Chile
2025-01-01,-1.268481399,Chile
2026-01-01,-1.333318362,Chile
2027-01-01,-1.425199096,Chile
2028-01-01,-1.544359551,Chile
2029-01-01,-2.41431554,Chile
2030-01-01,-2.479152503,Chile
2021-01-01,5.490828759,China
2022-01-01,5.22233806,China
2023-01-01,4.801347999,China
2024-01-01,4.227983822,China
2025-01-01,4.234393334,China
2026-01-01,3.965902635,China
2027-01-01,3.544912574,China
2028-01-01,2.971548397,China
2029-01-01,2.977957909,China
2030-01-01,2.70946721,China
2021-01-01,1.317735781,Colombia
2022-01-01,1.031633623,Colombia
2023-01-01,0.711536003,Colombia
2024-01-01,0.357580788,Colombia
2025-01-01,0.493680314,Colombia
2026-01-01,0.207578156,Colombia
2027-01-01,-0.112519464,Colombia
2028-01-01,-0.466474679,Colombia
2029-01-01,-0.330375153,Colombia
2030-01-01,-0.616477311,Colombia
2021-01-01,3.885136134,Comoros
2022-01-01,3.799700935,Comoros
2023-01-01,3.755885787,Comoros
2024-01-01,3.753836042,Comoros
2025-01-01,4.177096463,Comoros
2026-01-01,4.091661263,Comoros
2027-01-01,4.047846116,Comoros
2028-01-01,4.045796371,Comoros
2029-01-01,4.469056791,Comoros
2030-01-01,4.383621592,Comoros
2021-01-01,5.267502107,"Congo, Dem. Rep."
2022-01-01,5.547055097,"Congo, Dem. Rep."
2023-01-01,5.779631979,"Congo, Dem. Rep."
2024-01-01,5.965000252,"Congo, Dem. Rep."
2025-01-01,5.430977909,"Congo, Dem. Rep."
2026-01-01,5.710530899,"Congo, Dem. Rep."
2027-01-01,5.943107781,"Congo, Dem. Rep."
2028-01-01,6.128476054,"Congo, Dem. Rep."
2029-01-01,5.594453711,"Congo, Dem. Rep."
2030-01-01,5.874006701,"Congo, Dem. Rep."
2021-01-01,-1.902955649,"Congo, Rep."
2022-01-01,-3.536346861,"Congo, Rep."
2023-01-01,-5.173471809,"Congo, Rep."
2024-01-01,-6.81296259,"Congo, Rep."
2025-01-01,-3.968323159,"Congo, Rep."
2026-01-01,-5.601714371,"Congo, Rep."
2027-01-01,-7.238839318,"Congo, Rep."
2028-01-01,-8.8783301,"Congo, Rep."
2029-01-01,-6.033690669,"Congo, Rep."
2030-01-01,-7.66708188,"Congo, Rep."
2021-01-01,0.955638876,Costa Rica
2022-01-01,1.049311336,Costa Rica
2023-01-01,1.097934578,Costa Rica
2024-01-01,1.101192698,Costa Rica
2025-01-01,0.112155372,Costa Rica
2026-01-01,0.205827832,Costa Rica
2027-01-01,0.254451074,Costa Rica
2028-01-01,0.257709193,Costa Rica
2029-01-01,-0.731328133,Costa Rica
2030-01-01,-0.637655673,Costa Rica
2021-01-01,9.103339772,Cote d'Ivoire
2022-01-01,9.074723464,Cote d'Ivoire
2023-01-01,9.073619611,Cote d'Ivoire
2024-01-01,9.100585955,Cote d'Ivoire
2025-01-01,10.92732347,Cote d'Ivoire
2026-01-01,10.89870716,Cote d'Ivoire
2027-01-01,10.89760331,Cote d'Ivoire
2028-01-01,10.92456965,Cote d'Ivoire
2029-01-01,12.75130717,Cote d'Ivoire
2030-01-01,12.72269086,Cote d'Ivoire
2021-01-01,-1.777043268,Croatia
2022-01-01,-1.916544229,Croatia
2023-01-01,-2.087432329,Croatia
2024-01-01,-2.289852977,Croatia
2025-01-01,-2.936297165,Croatia
2026-01-01,-3.075798125,Croatia
2027-01-01,-3.246686225,Croatia
2028-01-01,-3.449106874,Croatia
2029-01-01,-4.095551061,Croatia
2030-01-01,-4.235052022,Croatia
2021-01-01,0.787231463,Cuba
2022-01-01,0.403448316,Cuba
2023-01-01,0.006615034,Cuba
2024-01-01,-0.403129409,Cuba
2025-01-01,-0.342299663,Cuba
2026-01-01,-0.726082811,Cuba
2027-01-01,-1.122916092,Cuba
2028-01-01,-1.532660536,Cuba
2029-01-01,-1.47183079,Cuba
2030-01-01,-1.855613938,Cuba
2021-01-01,-2.553843739,Curacao
2022-01-01,-2.332318999,Curacao
2023-01-01,-2.116027925,Curacao
2024-01-01,-1.90543922,Curacao
2025-01-01,-3.229550577,Curacao
2026-01-01,-3.008025838,Curacao
2027-01-01,-2.791734763,Curacao
2028-01-01,-2.581146059,Curacao
2029-01-01,-3.905257416,Curacao
2030-01-01,-3.683732676,Curacao
2021-01-01,-0.434993511,Cyprus
2022-01-01,-0.346200277,Cyprus
2023-01-01,-0.270871347,Cyprus
2024-01-01,-0.209333219,Cyprus
2025-01-01,-1.207508157,Cyprus
2026-01-01,-1.118714923,Cyprus
2027-01-01,-1.043385993,Cyprus
2028-01-01,-0.981847865,Cyprus
2029-01-01,-1.980022803,Cyprus
2030-01-01,-1.891229569,Cyprus
2021-01-01,0.995861744,Czech Republic
2022-01-01,0.684291417,Czech Republic
2023-01-01,0.34903707,Czech Republic
2024-01-01,-0.009692526,Czech Republic
2025-01-01,0.343384453,Czech Republic
2026-01-01,0.031814126,Czech Republic
2027-01-01,-0.303440221,Czech Republic
2028-01-01,-0.662169817,Czech Republic
2029-01-01,-0.309092838,Czech Republic
2030-01-01,-0.620663166,Czech Republic
2021-01-01,1.255569192,Denmark
2022-01-01,1.30851211,Denmark
2023-01-01,1.346760792,Denmark
2024-01-01,1.370288721,Denmark
2025-01-01,1.319286695,Denmark
2026-01-01,1.372229612,Denmark
2027-01-01,1.410478294,Denmark
2028-01-01,1.434006223,Denmark
2029-01-01,1.383004197,Denmark
2030-01-01,1.435947114,Denmark
2021-01-01,5.045176551,Djibouti
2022-01-01,3.936536303,Djibouti
2023-01-01,2.793650858,Djibouti
2024-01-01,1.617246996,Djibouti
2025-01-01,2.865693743,Djibouti
2026-01-01,1.757053495,Djibouti
2027-01-01,0.61416805,Djibouti
2028-01-01,-0.562235812,Djibouti
2029-01-01,0.686210935,Djibouti
2030-01-01,-0.422429314,Djibouti
2021-01-01,-4.808135129,Dominica
2022-01-01,-4.447958289,Dominica
2023-01-01,-4.176877528,Dominica
2024-01-01,-3.995709428,Dominica
2025-01-01,-6.40567844,Dominica
2026-01-01,-6.0455016,Dominica
2027-01-01,-5.774420839,Dominica
2028-01-01,-5.593252739,Dominica
2029-01-01,-8.003221751,Dominica
2030-01-01,-7.643044911,Dominica
2021-01-01,6.053346066,Dominican Republic
2022-01-01,4.967780443,Dominican Republic
2023-01-01,3.842656536,Dominican Republic
2024-01-01,2.679343909,Dominican Republic
2025-01-01,6.04793736,Dominican Republic
2026-01-01,4.962371736,Dominican Republic
2027-01-01,3.837247829,Dominican Republic
2028-01-01,2.673935202,Dominican Republic
2029-01-01,6.042528653,Dominican Republic
2030-01-01,4.956963029,Dominican Republic
2021-01-01,2.461136489,Early-demographic dividend
2022-01-01,2.318693383,Early-demographic dividend
2023-01-01,2.152552541,Early-demographic dividend
2024-01-01,1.962758675,Early-demographic dividend
2025-01-01,1.944449974,Early-demographic dividend
2026-01-01,1.802006868,Early-demographic dividend
2027-01-01,1.635866026,Early-demographic dividend
2028-01-01,1.44607216,Early-demographic dividend
2029-01-01,1.427763458,Early-demographic dividend
2030-01-01,1.285320353,Early-demographic dividend
2021-01-01,3.930925626,East Asia & Pacific
2022-01-01,3.812288047,East Asia & Pacific
2023-01-01,3.64165993,East Asia & Pacific
2024-01-01,3.419137959,East Asia & Pacific
2025-01-01,3.565035048,East Asia & Pacific
2026-01-01,3.44639747,East Asia & Pacific
2027-01-01,3.275769352,East Asia & Pacific
2028-01-01,3.053247382,East Asia & Pacific
2029-01-01,3.199144471,East Asia & Pacific
2030-01-01,3.080506892,East Asia & Pacific
2021-01-01,5.290392634,East Asia & Pacific (IDA & IBRD countries)
2022-01-01,5.07254332,East Asia & Pacific (IDA & IBRD countries)
2023-01-01,4.723910514,East Asia & Pacific (IDA & IBRD countries)
2024-01-01,4.244608065,East Asia & Pacific (IDA & IBRD countries)
2025-01-01,4.279954066,East Asia & Pacific (IDA & IBRD countries)
2026-01-01,4.062104752,East Asia & Pacific (IDA & IBRD countries)
2027-01-01,3.713471947,East Asia & Pacific (IDA & IBRD countries)
2028-01-01,3.234169497,East Asia & Pacific (IDA & IBRD countries)
2029-01-01,3.269515498,East Asia & Pacific (IDA & IBRD countries)
2030-01-01,3.051666184,East Asia & Pacific (IDA & IBRD countries)
2021-01-01,5.290228499,East Asia & Pacific (excluding high income)
2022-01-01,5.072408089,East Asia & Pacific (excluding high income)
2023-01-01,4.723769785,East Asia & Pacific (excluding high income)
2024-01-01,4.244427473,East Asia & Pacific (excluding high income)
2025-01-01,4.279895172,East Asia & Pacific (excluding high income)
2026-01-01,4.062074761,East Asia & Pacific (excluding high income)
2027-01-01,3.713436457,East Asia & Pacific (excluding high income)
2028-01-01,3.234094145,East Asia & Pacific (excluding high income)
2029-01-01,3.269561844,East Asia & Pacific (excluding high income)
2030-01-01,3.051741433,East Asia & Pacific (excluding high income)
2021-01-01,-0.676866133,Ecuador
2022-01-01,-1.111008786,Ecuador
2023-01-01,-1.552016616,Ecuador
2024-01-01,-1.999783678,Ecuador
2025-01-01,-2.095467201,Ecuador
2026-01-01,-2.529609854,Ecuador
2027-01-01,-2.970617684,Ecuador
2028-01-01,-3.418384746,Ecuador
2029-01-01,-3.514068269,Ecuador
2030-01-01,-3.948210922,Ecuador
2021-01-01,3.982517089,"Egypt, Arab Rep."
2022-01-01,4.128828091,"Egypt, Arab Rep."
2023-01-01,4.256492872,"Egypt, Arab Rep."
2024-01-01,4.36535006,"Egypt, Arab Rep."
2025-01-01,3.95970645,"Egypt, Arab Rep."
2026-01-01,4.106017452,"Egypt, Arab Rep."
2027-01-01,4.233682233,"Egypt, Arab Rep."
2028-01-01,4.34253942,"Egypt, Arab Rep."
2029-01-01,3.93689581,"Egypt, Arab Rep."
2030-01-01,4.083206812,"Egypt, Arab Rep."
2021-01-01,0.971541349,El Salvador
2022-01-01,0.705041633,El Salvador
2023-01-01,0.401660492,El Salvador
2024-01-01,0.061662209,El Salvador
2025-01-01,0.628562617,El Salvador
2026-01-01,0.362062902,El Salvador
2027-01-01,0.058681761,El Salvador
2028-01-01,-0.281316522,El Salvador
2029-01-01,0.285583886,El Salvador
2030-01-01,0.019084171,El Salvador
2021-01-01,-19.8594814,Equatorial Guinea
2022-01-01,-21.50844807,Equatorial Guinea
2023-01-01,-22.62221838,Equatorial Guinea
2024-01-01,-23.20244754,Equatorial Guinea
2025-01-01,-29.70959708,Equatorial Guinea
2026-01-01,-31.35856376,Equatorial Guinea
2027-01-01,-32.47233406,Equatorial Guinea
2028-01-01,-33.05256322,Equatorial Guinea
2029-01-01,-39.55971277,Equatorial Guinea
2030-01-01,-41.20867944,Equatorial Guinea
2021-01-01,6.017199635,Eritrea
2022-01-01,3.621215566,Eritrea
2023-01-01,1.215512336,Eritrea
2024-01-01,-1.196906617,Eritrea
2025-01-01,6.275177786,Eritrea
2026-01-01,3.879193717,Eritrea
2027-01-01,1.473490487,Eritrea
2028-01-01,-0.938928466,Eritrea
2029-01-01,6.533155937,Eritrea
2030-01-01,4.137171868,Eritrea
2021-01-01,0.237537674,Estonia
2022-01-01,0.162867385,Estonia
2023-01-01,0.02462291,Estonia
2024-01-01,-0.177365486,Estonia
2025-01-01,-0.871684561,Estonia
2026-01-01,-0.94635485,Estonia
2027-01-01,-1.084599326,Estonia
2028-01-01,-1.286587721,Estonia
2029-01-01,-1.980906796,Estonia
2030-01-01,-2.055577085,Estonia
2021-01-01,1.466610855,Eswatini
2022-01-01,1.130599646,Eswatini
2023-01-01,0.770136253,Eswatini
2024-01-01,0.385469514,Eswatini
2025-01-01,0.841446643,Eswatini
2026-01-01,0.505435435,Eswatini
2027-01-01,0.144972042,Eswatini
2028-01-01,-0.239694698,Eswatini
2029-01-01,0.216282432,Eswatini
2030-01-01,-0.119728776,Eswatini
2021-01-01,10.18788486,Ethiopia
2022-01-01,10.06046009,Ethiopia
2023-01-01,9.971377145,Ethiopia
2024-01-01,9.920857354,Ethiopia
2025-01-01,10.55570643,Ethiopia
2026-01-01,10.42828166,Ethiopia
2027-01-01,10.33919872,Ethiopia
2028-01-01,10.28867893,Ethiopia
2029-01-01,10.923528,Ethiopia
2030-01-01,10.79610323,Ethiopia
2021-01-01,0.068621889,Euro area
2022-01-01,-0.175945806,Euro area
2023-01-01,-0.451267543,Euro area
2024-01-01,-0.757131472,Euro area
2025-01-01,-0.335790162,Euro area
2026-01-01,-0.580357857,Euro area
2027-01-01,-0.855679594,Euro area
2028-01-01,-1.161543523,Euro area
2029-01-01,-0.740202213,Euro area
2030-01-01,-0.984769907,Euro area
2021-01-01,0.25495423,Europe & Central Asia
2022-01-01,0.056440443,Europe & Central Asia
2023-01-01,-0.167377623,Europe & Central Asia
2024-01-01,-0.416381145,Europe & Central Asia
2025-01-01,-0.249664754,Europe & Central Asia
2026-01-01,-0.44817854,Europe & Central Asia
2027-01-01,-0.671996606,Europe & Central Asia
2028-01-01,-0.921000128,Europe & Central Asia
2029-01-01,-0.754283737,Europe & Central Asia
2030-01-01,-0.952797524,Europe & Central Asia
2021-01-01,0.195798865,Europe & Central Asia (IDA & IBRD countries)
2022-01-01,0.436588435,Europe & Central Asia (IDA & IBRD countries)
2023-01-01,0.641577072,Europe & Central Asia (IDA & IBRD countries)
2024-01-01,0.810186179,Europe & Central Asia (IDA & IBRD countries)
2025-01-01,-0.888018192,Europe & Central Asia (IDA & IBRD countries)
2026-01-01,-0.647228621,Europe & Central Asia (IDA & IBRD countries)
2027-01-01,-0.442239984,Europe & Central Asia (IDA & IBRD countries)
2028-01-01,-0.273630877,Europe & Central Asia (IDA & IBRD countries)
2029-01-01,-1.971835248,Europe & Central Asia (IDA & IBRD countries)
2030-01-01,-1.731045677,Europe & Central Asia (IDA & IBRD countries)
2021-01-01,-0.20078615,Europe & Central Asia (excluding high income)
2022-01-01,0.085123909,Europe & Central Asia (excluding high income)
2023-01-01,0.338419194,Europe & Central Asia (excluding high income)
2024-01-01,0.55841904,Europe & Central Asia (excluding high income)
2025-01-01,-1.427709379,Europe & Central Asia (excluding high income)
2026-01-01,-1.141799319,Europe & Central Asia (excluding high income)
2027-01-01,-0.888504035,Europe & Central Asia (excluding high income)
2028-01-01,-0.668504189,Europe & Central Asia (excluding high income)
2029-01-01,-2.654632607,Europe & Central Asia (excluding high income)
2030-01-01,-2.368722548,Europe & Central Asia (excluding high income)
2021-01-01,0.281915489,European Union
2022-01-01,0.062886096,European Union
2023-01-01,-0.183672131,European Union
2024-01-01,-0.45757648,European Union
2025-01-01,-0.103326923,European Union
2026-01-01,-0.322356316,European Union
2027-01-01,-0.568914543,European Union
2028-01-01,-0.842818892,European Union
2029-01-01,-0.488569335,European Union
2030-01-01,-0.707598728,European Union
2021-01-01,1.179884203,Fiji
2022-01-01,-0.182777749,Fiji
2023-01-01,-1.617652159,Fiji
2024-01-01,-3.123220523,Fiji
2025-01-01,0.425479825,Fiji
2026-01-01,-0.937182127,Fiji
2027-01-01,-2.372056537,Fiji
2028-01-01,-3.877624901,Fiji
2029-01-01,-0.328924553,Fiji
2030-01-01,-1.691586505,Fiji
2021-01-01,-1.122075332,Finland
2022-01-01,-0.828955213,Finland
2023-01-01,-0.567887221,Finland
2024-01-01,-0.339384997,Finland
2025-01-01,-1.766142272,Finland
2026-01-01,-1.473022154,Finland
2027-01-01,-1.211954161,Finland
2028-01-01,-0.983451937,Finland
2029-01-01,-2.410209213,Finland
2030-01-01,-2.117089094,Finland
2021-01-01,1.213550865,Fragile and conflict affected situations
2022-01-01,0.7655262,Fragile and conflict affected situations
2023-01-01,0.344132654,Fragile and conflict affected situations
2024-01-01,-0.050478172,Fragile and conflict affected situations
2025-01-01,0.005100947,Fragile and conflict affected situations
2026-01-01,-0.442923718,Fragile and conflict affected situations
2027-01-01,-0.864317264,Fragile and conflict affected situations
2028-01-01,-1.25892809,Fragile and conflict affected situations
2029-01-01,-1.20334897,Fragile and conflict affected situations
2030-01-01,-1.651373636,Fragile and conflict affected situations
2021-01-01,-0.064034694,France
2022-01-01,-0.440611856,France
2023-01-01,-0.85891245,France
2024-01-01,-1.31858271,France
2025-01-01,-0.571480889,France
2026-01-01,-0.948058051,France
2027-01-01,-1.366358645,France
2028-01-01,-1.826028905,France
2029-01-01,-1.078927084,France
2030-01-01,-1.455504246,France
2021-01-01,3.465420651,Gabon
2022-01-01,3.309360968,Gabon
2023-01-01,3.132344834,Gabon
2024-01-01,2.934672591,Gabon
2025-01-01,3.754517623,Gabon
2026-01-01,3.59845794,Gabon
2027-01-01,3.421441806,Gabon
2028-01-01,3.223769563,Gabon
2029-01-01,4.043614595,Gabon
2030-01-01,3.887554912,Gabon
2021-01-01,2.868508683,"Gambia, The"
2022-01-01,3.091110075,"Gambia, The"
2023-01-01,3.325924957,"Gambia, The"
2024-01-01,3.572698513,"Gambia, The"
2025-01-01,2.971354713,"Gambia, The"
2026-01-01,3.193956105,"Gambia, The"
2027-01-01,3.428770986,"Gambia, The"
2028-01-01,3.675544543,"Gambia, The"
2029-01-01,3.074200743,"Gambia, The"
2030-01-01,3.296802135,"Gambia, The"
2021-01-01,1.119693428,Georgia
2022-01-01,0.908277074,Georgia
2023-01-01,0.607901863,Georgia
2024-01-01,0.218494803,Georgia
2025-01-01,-0.309891717,Georgia
2026-01-01,-0.521308071,Georgia
2027-01-01,-0.821683282,Georgia
2028-01-01,-1.211090342,Georgia
2029-01-01,-1.739476861,Georgia
2030-01-01,-1.950893216,Georgia
2021-01-01,0.606147573,Germany
2022-01-01,0.60354258,Germany
2023-01-01,0.579103668,Germany
2024-01-01,0.532819003,Germany
2025-01-01,0.468018752,Germany
2026-01-01,0.465413759,Germany
2027-01-01,0.440974846,Germany
2028-01-01,0.394690182,Germany
2029-01-01,0.329889931,Germany
2030-01-01,0.327284938,Germany
2021-01-01,5.502493253,Ghana
2022-01-01,5.460784108,Ghana
2023-01-01,5.406065693,Ghana
2024-01-01,5.338352286,Ghana
2025-01-01,5.342442871,Ghana
2026-01-01,5.300733726,Ghana
2027-01-01,5.24601531,Ghana
2028-01-01,5.178301904,Ghana
2029-01-01,5.182392489,Ghana
2030-01-01,5.140683343,Ghana
2021-01-01,-3.466840186,Greece
2022-01-01,-4.162375017,Greece
2023-01-01,-4.882908087,Greece
2024-01-01,-5.627994382,Greece
2025-01-01,-4.888632093,Greece
2026-01-01,-5.584166924,Greece
2027-01-01,-6.304699994,Greece
2028-01-01,-7.049786289,Greece
2029-01-01,-6.310424,Greece
2030-01-01,-7.005958831,Greece
2021-01-01,-0.249087655,Greenland
2022-01-01,0.469810181,Greenland
2023-01-01,1.199092413,Greenland
2024-01-01,1.937718852,Greenland
2025-01-01,-0.763123572,Greenland
2026-01-01,-0.044225736,Greenland
2027-01-01,0.685056495,Greenland
2028-01-01,1.423682935,Greenland
2029-01-01,-1.277159489,Greenland
2030-01-01,-0.558261654,Greenland
2021-01-01,1.881587001,Grenada
2022-01-01,1.021232524,Grenada
2023-01-01,0.119243498,Grenada
2024-01-01,-0.823424064,Grenada
2025-01-01,1.429711124,Grenada
2026-01-01,0.569356648,Grenada
2027-01-01,-0.332632378,Grenada
2028-01-01,-1.27529994,Grenada
2029-01-01,0.977835248,Grenada
2030-01-01,0.117480771,Grenada
2021-01-01,-0.144529715,Guam
2022-01-01,0.107063353,Guam
2023-01-01,0.388175552,Guam
2024-01-01,0.698359315,Guam
2025-01-01,-0.489484797,Guam
2026-01-01,-0.237891728,Guam
2027-01-01,0.043220471,Guam
2028-01-01,0.353404233,Guam
2029-01-01,-0.834439879,Guam
2030-01-01,-0.58284681,Guam
2021-01-01,2.65206295,Guatemala
2022-01-01,2.596400349,Guatemala
2023-01-01,2.483365724,Guatemala
2024-01-01,2.313023492,Guatemala
2025-01-01,2.414829421,Guatemala
2026-01-01,2.359166821,Guatemala
2027-01-01,2.246132196,Guatemala
2028-01-01,2.075789964,Guatemala
2029-01-01,2.177595893,Guatemala
2030-01-01,2.121933292,Guatemala
2021-01-01,6.805949082,Guinea
2022-01-01,7.440495253,Guinea
2023-01-01,8.095644764,Guinea
2024-01-01,8.770910502,Guinea
2025-01-01,7.822598518,Guinea
2026-01-01,8.45714469,Guinea
2027-01-01,9.112294201,Guinea
2028-01-01,9.787559939,Guinea
2029-01-01,8.839247955,Guinea
2030-01-01,9.473794127,Guinea
2021-01-01,4.417740621,Guinea-Bissau
2022-01-01,4.063082491,Guinea-Bissau
2023-01-01,3.700175335,Guinea-Bissau
2024-01-01,3.329555156,Guinea-Bissau
2025-01-01,4.745743213,Guinea-Bissau
2026-01-01,4.391085084,Guinea-Bissau
2027-01-01,4.028177928,Guinea-Bissau
2028-01-01,3.657557748,Guinea-Bissau
2029-01-01,5.073745806,Guinea-Bissau
2030-01-01,4.719087677,Guinea-Bissau
2021-01-01,8.838190641,Guyana
2022-01-01,11.33245491,Guyana
2023-01-01,14.01554233,Guyana
2024-01-01,16.88498105,Guyana
2025-01-01,11.40568519,Guyana
2026-01-01,13.89994945,Guyana
2027-01-01,16.58303688,Guyana
2028-01-01,19.45247559,Guyana
2029-01-01,13.97317973,Guyana
2030-01-01,16.467444,Guyana
2021-01-01,1.851102296,Haiti
2022-01-01,1.195177939,Haiti
2023-01-01,0.53299165,Haiti
2024-01-01,-0.134739133,Haiti
2025-01-01,1.570166221,Haiti
2026-01-01,0.914241864,Haiti
2027-01-01,0.252055576,Haiti
2028-01-01,-0.415675208,Haiti
2029-01-01,1.289230146,Haiti
2030-01-01,0.633305789,Haiti
2021-01-01,4.732313515,Heavily indebted poor countries (HIPC)
2022-01-01,4.512066161,Heavily indebted poor countries (HIPC)
2023-01-01,4.277261485,Heavily indebted poor countries (HIPC)
2024-01-01,4.028130941,Heavily indebted poor countries (HIPC)
2025-01-01,4.552623146,Heavily indebted poor countries (HIPC)
2026-01-01,4.332375793,Heavily indebted poor countries (HIPC)
2027-01-01,4.097571116,Heavily indebted poor countries (HIPC)
2028-01-01,3.848440573,Heavily indebted poor countries (HIPC)
2029-01-01,4.372932778,Heavily indebted poor countries (HIPC)
2030-01-01,4.152685425,Heavily indebted poor countries (HIPC)
2021-01-01,0.661437047,High income
2022-01-01,0.492946126,High income
2023-01-01,0.304072598,High income
2024-01-01,0.094929535,High income
2025-01-01,0.277352086,High income
2026-01-01,0.108861165,High income
2027-01-01,-0.080012363,High income
2028-01-01,-0.289155426,High income
2029-01-01,-0.106732875,High income
2030-01-01,-0.275223796,High income
2021-01-01,0.723451959,Honduras
2022-01-01,0.492432539,Honduras
2023-01-01,0.227592581,Honduras
2024-01-01,-0.0710432,Honduras
2025-01-01,-0.253957578,Honduras
2026-01-01,-0.484976998,Honduras
2027-01-01,-0.749816956,Honduras
2028-01-01,-1.048452737,Honduras
2029-01-01,-1.231367115,Honduras
2030-01-01,-1.462386535,Honduras
2021-01-01,0.146043131,"Hong Kong SAR, China"
2022-01-01,-0.172440489,"Hong Kong SAR, China"
2023-01-01,-0.517410536,"Hong Kong SAR, China"
2024-01-01,-0.888772038,"Hong Kong SAR, China"
2025-01-01,-0.926163696,"Hong Kong SAR, China"
2026-01-01,-1.244647316,"Hong Kong SAR, China"
2027-01-01,-1.589617363,"Hong Kong SAR, China"
2028-01-01,-1.960978865,"Hong Kong SAR, China"
2029-01-01,-1.998370523,"Hong Kong SAR, China"
2030-01-01,-2.316854143,"Hong Kong SAR, China"
2021-01-01,1.775018278,Hungary
2022-01-01,1.338960003,Hungary
2023-01-01,0.878543773,Hungary
2024-01-01,0.394220644,Hungary
2025-01-01,1.414653666,Hungary
2026-01-01,0.978595391,Hungary
2027-01-01,0.518179161,Hungary
2028-01-01,0.033856031,Hungary
2029-01-01,1.054289053,Hungary
2030-01-01,0.618230778,Hungary
2021-01-01,3.234732493,IBRD only
2022-01-01,3.146189907,IBRD only
2023-01-01,3.000300526,IBRD only
2024-01-01,2.797010248,IBRD only
2025-01-01,2.473073339,IBRD only
2026-01-01,2.384530753,IBRD only
2027-01-01,2.238641372,IBRD only
2028-01-01,2.035351094,IBRD only
2029-01-01,1.711414185,IBRD only
2030-01-01,1.622871599,IBRD only
2021-01-01,3.319103524,IDA & IBRD total
2022-01-01,3.20280053,IDA & IBRD total
2023-01-01,3.030011074,IDA & IBRD total
2024-01-01,2.800721166,IDA & IBRD total
2025-01-01,2.581249425,IDA & IBRD total
2026-01-01,2.464946432,IDA & IBRD total
2027-01-01,2.292156976,IDA & IBRD total
2028-01-01,2.062867067,IDA & IBRD total
2029-01-01,1.843395327,IDA & IBRD total
2030-01-01,1.727092334,IDA & IBRD total
2021-01-01,2.724284154,IDA blend
2022-01-01,2.17448907,IDA blend
2023-01-01,1.567248583,IDA blend
2024-01-01,0.903025423,IDA blend
2025-01-01,1.801509492,IDA blend
2026-01-01,1.251714409,IDA blend
2027-01-01,0.644473921,IDA blend
2028-01-01,-0.019749239,IDA blend
2029-01-01,0.87873483,IDA blend
2030-01-01,0.328939747,IDA blend
2021-01-01,4.949129271,IDA only
2022-01-01,4.485265875,IDA only
2023-01-01,4.005942844,IDA only
2024-01-01,3.511665818,IDA only
2025-01-01,4.689616926,IDA only
2026-01-01,4.22575353,IDA only
2027-01-01,3.7464305,IDA only
2028-01-01,3.252153473,IDA only
2029-01-01,4.430104582,IDA only
2030-01-01,3.966241186,IDA only
2021-01-01,3.8444025,IDA total
2022-01-01,3.339680017,IDA total
2023-01-01,2.797256519,IDA total
2024-01-01,2.217616032,IDA total
2025-01-01,3.255604177,IDA total
2026-01-01,2.750881694,IDA total
2027-01-01,2.208458196,IDA total
2028-01-01,1.628817709,IDA total
2029-01-01,2.666805854,IDA total
2030-01-01,2.162083371,IDA total
2021-01-01,0.486111996,Iceland
2022-01-01,0.643704304,Iceland
2023-01-01,0.792060158,Iceland
2024-01-01,0.930807235,Iceland
2025-01-01,-0.140994176,Iceland
2026-01-01,0.016598132,Iceland
2027-01-01,0.164953986,Iceland
2028-01-01,0.303701063,Iceland
2029-01-01,-0.768100349,Iceland
2030-01-01,-0.61050804,Iceland
2021-01-01,5.445151685,India
2022-01-01,4.427737261,India
2023-01-01,3.383105548,India
2024-01-01,2.312324759,India
2025-01-01,4.780793909,India
2026-01-01,3.763379485,India
2027-01-01,2.718747772,India
2028-01-01,1.647966983,India
2029-01-01,4.116436133,India
2030-01-01,3.099021709,India
2021-01-01,4.337895834,Indonesia
2022-01-01,4.109383693,Indonesia
2023-01-01,3.852475329,Indonesia
2024-01-01,3.567386593,Indonesia
2025-01-01,4.023033153,Indonesia
2026-01-01,3.794521012,Indonesia
2027-01-01,3.537612647,Indonesia
2028-01-01,3.252523911,Indonesia
2029-01-01,3.708170471,Indonesia
2030-01-01,3.47965833,Indonesia
2021-01-01,-2.010440865,"Iran, Islamic Rep."
2022-01-01,-1.884613978,"Iran, Islamic Rep."
2023-01-01,-1.773389666,"Iran, Islamic Rep."
2024-01-01,-1.67733672,"Iran, Islamic Rep."
2025-01-01,-3.441597456,"Iran, Islamic Rep."
2026-01-01,-3.315770569,"Iran, Islamic Rep."
2027-01-01,-3.204546256,"Iran, Islamic Rep."
2028-01-01,-3.108493311,"Iran, Islamic Rep."
2029-01-01,-4.872754047,"Iran, Islamic Rep."
2030-01-01,-4.74692716,"Iran, Islamic Rep."
2021-01-01,-3.517460737,Iraq
2022-01-01,-0.314692562,Iraq
2023-01-01,3.160010063,Iraq
2024-01-01,6.902212241,Iraq
2025-01-01,-4.257882035,Iraq
2026-01-01,-1.055113861,Iraq
2027-01-01,2.419588765,Iraq
2028-01-01,6.161790942,Iraq
2029-01-01,-4.998303333,Iraq
2030-01-01,-1.795535159,Iraq
2021-01-01,8.07942531,Ireland
2022-01-01,8.052878563,Ireland
2023-01-01,7.87664966,Ireland
2024-01-01,7.55125906,Ireland
2025-01-01,9.106598741,Ireland
2026-01-01,9.080051994,Ireland
2027-01-01,8.903823091,Ireland
2028-01-01,8.578432491,Ireland
2029-01-01,10.13377217,Ireland
2030-01-01,10.10722543,Ireland
2021-01-01,1.64267134,Isle of Man
2022-01-01,1.942884349,Isle of Man
2023-01-01,2.256104362,Isle of Man
2024-01-01,2.581706868,Isle of Man
2025-01-01,0.826155987,Isle of Man
2026-01-01,1.126368995,Isle of Man
2027-01-01,1.439589008,Isle of Man
2028-01-01,1.765191514,Isle of Man
2029-01-01,0.009640633,Isle of Man
2030-01-01,0.309853641,Isle of Man
2021-01-01,3.20477216,Israel
2022-01-01,3.100028933,Israel
2023-01-01,2.975137137,Israel
2024-01-01,2.830255121,Israel
2025-01-01,3.225054558,Israel
2026-01-01,3.120311331,Israel
2027-01-01,2.995419535,Israel
2028-01-01,2.850537519,Israel
2029-01-01,3.245336957,Israel
2030-01-01,3.14059373,Israel
2021-01-01,-1.231762463,Italy
2022-01-01,-1.650073392,Italy
2023-01-01,-2.11936242,Italy
2024-01-01,-2.639228935,Italy
2025-01-01,-1.790781288,Italy
2026-01-01,-2.209092217,Italy
2027-01-01,-2.678381245,Italy
2028-01-01,-3.19824776,Italy
2029-01-01,-2.349800112,Italy
2030-01-01,-2.768111041,Italy
2021-01-01,-1.385931707,Jamaica
2022-01-01,-1.764828312,Jamaica
2023-01-01,-2.211534462,Jamaica
2024-01-01,-2.725740034,Jamaica
2025-01-01,-2.145803617,Jamaica
2026-01-01,-2.524700223,Jamaica
2027-01-01,-2.971406372,Jamaica
2028-01-01,-3.485611944,Jamaica
2029-01-01,-2.905675528,Jamaica
2030-01-01,-3.284572133,Jamaica
2021-01-01,-0.31882916,Japan
2022-01-01,-0.503738327,Japan
2023-01-01,-0.707126945,Japan
2024-01-01,-0.928852533,Japan
2025-01-01,-0.66457402,Japan
2026-01-01,-0.849483186,Japan
2027-01-01,-1.052871804,Japan
2028-01-01,-1.274597393,Japan
2029-01-01,-1.010318879,Japan
2030-01-01,-1.195228046,Japan
2021-01-01,0.120519865,Jordan
2022-01-01,-0.18749262,Jordan
2023-01-01,-0.496844768,Jordan
2024-01-01,-0.807614036,Jordan
2025-01-01,-1.37385032,Jordan
2026-01-01,-1.681862805,Jordan
2027-01-01,-1.991214954,Jordan
2028-01-01,-2.301984221,Jordan
2029-01-01,-2.868220506,Jordan
2030-01-01,-3.176232991,Jordan
2021-01-01,1.313822211,Kazakhstan
2022-01-01,0.242631395,Kazakhstan
2023-01-01,-0.950677531,Kazakhstan
2024-01-01,-2.265294544,Kazakhstan
2025-01-01,-0.792891505,Kazakhstan
2026-01-01,-1.864082321,Kazakhstan
2027-01-01,-3.057391248,Kazakhstan
2028-01-01,-4.372008261,Kazakhstan
2029-01-01,-2.899605221,Kazakhstan
2030-01-01,-3.970796037,Kazakhstan
2021-01-01,6.200972318,Kenya
2022-01-01,5.753461557,Kenya
2023-01-01,5.260381367,Kenya
2024-01-01,4.722413842,Kenya
2025-01-01,6.475217796,Kenya
2026-01-01,6.027707035,Kenya
2027-01-01,5.534626845,Kenya
2028-01-01,4.996659319,Kenya
2029-01-01,6.749463273,Kenya
2030-01-01,6.301952512,Kenya
2021-01-01,3.534765511,Kiribati
2022-01-01,3.78061534,Kiribati
2023-01-01,4.013893822,Kiribati
2024-01-01,4.234498631,Kiribati
2025-01-01,4.151865812,Kiribati
2026-01-01,4.397715642,Kiribati
2027-01-01,4.630994123,Kiribati
2028-01-01,4.851598933,Kiribati
2029-01-01,4.768966114,Kiribati
2030-01-01,5.014815943,Kiribati
2021-01-01,1.635522821,"Korea, Rep."
2022-01-01,1.325735443,"Korea, Rep."
2023-01-01,0.936679829,"Korea, Rep."
2024-01-01,0.468579316,"Korea, Rep."
2025-01-01,0.792293842,"Korea, Rep."
2026-01-01,0.482506464,"Korea, Rep."
2027-01-01,0.093450851,"Korea, Rep."
2028-01-01,-0.374649662,"Korea, Rep."
2029-01-01,-0.050935136,"Korea, Rep."
2030-01-01,-0.360722514,"Korea, Rep."
2021-01-01,2.217372967,Kosovo
2022-01-01,0.320368698,Kosovo
2023-01-01,-1.508386634,Kosovo
2024-01-01,-3.267213726,Kosovo
2025-01-01,0.497496978,Kosovo
2026-01-01,-1.399507291,Kosovo
2027-01-01,-3.228262623,Kosovo
2028-01-01,-4.987089715,Kosovo
2029-01-01,-1.222379011,Kosovo
2030-01-01,-3.11938328,Kosovo
2021-01-01,-5.845913469,Kuwait
2022-01-01,-3.868115333,Kuwait
2023-01-01,-1.952630495,Kuwait
2024-01-01,-0.102441157,Kuwait
2025-01-01,-7.963541962,Kuwait
2026-01-01,-5.985743826,Kuwait
2027-01-01,-4.070258988,Kuwait
2028-01-01,-2.22006965,Kuwait
2029-01-01,-10.08117046,Kuwait
2030-01-01,-8.103372319,Kuwait
2021-01-01,2.330708832,Kyrgyz Republic
2022-01-01,1.979310047,Kyrgyz Republic
2023-01-01,1.615868902,Kyrgyz Republic
2024-01-01,1.240623454,Kyrgyz Republic
2025-01-01,1.677479083,Kyrgyz Republic
2026-01-01,1.326080298,Kyrgyz Republic
2027-01-01,0.962639153,Kyrgyz Republic
2028-01-01,0.587393705,Kyrgyz Republic
2029-01-01,1.024249334,Kyrgyz Republic
2030-01-01,0.672850549,Kyrgyz Republic
2021-01-01,6.523747573,Lao PDR
2022-01-01,6.17531245,Lao PDR
2023-01-01,5.789414267,Lao PDR
2024-01-01,5.366436909,Lao PDR
2025-01-01,6.240247755,Lao PDR
2026-01-01,5.891812632,Lao PDR
2027-01-01,5.505914449,Lao PDR
2028-01-01,5.082937091,Lao PDR
2029-01-01,5.956747938,Lao PDR
2030-01-01,5.608312815,Lao PDR
2021-01-01,3.512498332,Late-demographic dividend
2022-01-01,3.489396734,Late-demographic dividend
2023-01-01,3.3664521,Late-demographic dividend
2024-01-01,3.143543697,Late-demographic dividend
2025-01-01,2.62416189,Late-demographic dividend
2026-01-01,2.601060292,Late-demographic dividend
2027-01-01,2.478115658,Late-demographic dividend
2028-01-01,2.255207255,Late-demographic dividend
2029-01-01,1.735825448,Late-demographic dividend
2030-01-01,1.71272385,Late-demographic dividend
2021-01-01,-0.453062049,Latin America & Caribbean
2022-01-01,-0.591750536,Latin America & Caribbean
2023-01-01,-0.753243383,Latin America & Caribbean
2024-01-01,-0.937620384,Latin America & Caribbean
2025-01-01,-1.362422189,Latin America & Caribbean
2026-01-01,-1.501110676,Latin America & Caribbean
2027-01-01,-1.662603523,Latin America & Caribbean
2028-01-01,-1.846980524,Latin America & Caribbean
2029-01-01,-2.271782328,Latin America & Caribbean
2030-01-01,-2.410470815,Latin America & Caribbean
2021-01-01,-0.34786458,Latin America & Caribbean (excluding high income)
2022-01-01,-0.495070579,Latin America & Caribbean (excluding high income)
2023-01-01,-0.665577116,Latin America & Caribbean (excluding high income)
2024-01-01,-0.85944623,Latin America & Caribbean (excluding high income)
2025-01-01,-1.234940588,Latin America & Caribbean (excluding high income)
2026-01-01,-1.382146587,Latin America & Caribbean (excluding high income)
2027-01-01,-1.552653124,Latin America & Caribbean (excluding high income)
2028-01-01,-1.746522239,Latin America & Caribbean (excluding high income)
2029-01-01,-2.122016596,Latin America & Caribbean (excluding high income)
2030-01-01,-2.269222595,Latin America & Caribbean (excluding high income)
2021-01-01,-0.362481155,Latin America & the Caribbean (IDA & IBRD countries)
2022-01-01,-0.495029776,Latin America & the Caribbean (IDA & IBRD countries)
2023-01-01,-0.650814536,Latin America & the Caribbean (IDA & IBRD countries)
2024-01-01,-0.829917924,Latin America & the Caribbean (IDA & IBRD countries)
2025-01-01,-1.257965128,Latin America & the Caribbean (IDA & IBRD countries)
2026-01-01,-1.390513749,Latin America & the Caribbean (IDA & IBRD countries)
2027-01-01,-1.546298509,Latin America & the Caribbean (IDA & IBRD countries)
2028-01-01,-1.725401897,Latin America & the Caribbean (IDA & IBRD countries)
2029-01-01,-2.153449101,Latin America & the Caribbean (IDA & IBRD countries)
2030-01-01,-2.285997722,Latin America & the Caribbean (IDA & IBRD countries)
2021-01-01,-2.236590493,Latvia
2022-01-01,-1.991025038,Latvia
2023-01-01,-1.7935258,Latvia
2024-01-01,-1.644866266,Latvia
2025-01-01,-3.983079726,Latvia
2026-01-01,-3.737514271,Latvia
2027-01-01,-3.540015033,Latvia
2028-01-01,-3.391355499,Latvia
2029-01-01,-5.729568959,Latvia
2030-01-01,-5.484003505,Latvia
2021-01-01,3.91733425,Least developed countries: UN classification
2022-01-01,3.411645243,Least developed countries: UN classification
2023-01-01,2.884170212,Least developed countries: UN classification
2024-01-01,2.335348863,Least developed countries: UN classification
2025-01-01,3.242966795,Least developed countries: UN classification
2026-01-01,2.737277788,Least developed countries: UN classification
2027-01-01,2.209802757,Least developed countries: UN classification
2028-01-01,1.660981408,Least developed countries: UN classification
2029-01-01,2.56859934,Least developed countries: UN classification
2030-01-01,2.062910333,Least developed countries: UN classification
2021-01-01,-3.628265063,Lebanon
2022-01-01,-5.06770631,Lebanon
2023-01-01,-6.511606662,Lebanon
2024-01-01,-7.959005791,Lebanon
2025-01-01,-6.247415566,Lebanon
2026-01-01,-7.686856814,Lebanon
2027-01-01,-9.130757165,Lebanon
2028-01-01,-10.57815629,Lebanon
2029-01-01,-8.866566069,Lebanon
2030-01-01,-10.30600732,Lebanon
2021-01-01,-2.939652969,Lesotho
2022-01-01,-2.696329285,Lesotho
2023-01-01,-2.491942478,Lesotho
2024-01-01,-2.327197047,Lesotho
2025-01-01,-4.433515742,Lesotho
2026-01-01,-4.190192058,Lesotho
2027-01-01,-3.985805251,Lesotho
2028-01-01,-3.82105982,Lesotho
2029-01-01,-5.927378515,Lesotho
2030-01-01,-5.684054831,Lesotho
2021-01-01,5.532822815,Liberia
2022-01-01,4.074859233,Liberia
2023-01-01,2.699035086,Liberia
2024-01-01,1.407165276,Liberia
2025-01-01,5.954202149,Liberia
2026-01-01,4.496238567,Liberia
2027-01-01,3.120414419,Liberia
2028-01-01,1.82854461,Liberia
2029-01-01,6.375581482,Liberia
2030-01-01,4.9176179,Liberia
2021-01-01,-7.202962261,Libya
2022-01-01,-4.342166885,Libya
2023-01-01,-1.029611465,Libya
2024-01-01,2.730098496,Libya
2025-01-01,-9.205717975,Libya
2026-01-01,-6.344922599,Libya
2027-01-01,-3.032367179,Libya
2028-01-01,0.727342782,Libya
2029-01-01,-11.20847369,Libya
2030-01-01,-8.347678313,Libya
2021-01-01,7.728325676,Liechtenstein
2022-01-01,8.192745354,Liechtenstein
2023-01-01,8.650219178,Liechtenstein
2024-01-01,9.100646256,Liechtenstein
2025-01-01,9.221312608,Liechtenstein
2026-01-01,9.685732286,Liechtenstein
2027-01-01,10.14320611,Liechtenstein
2028-01-01,10.59363319,Liechtenstein
2029-01-01,10.71429954,Liechtenstein
2030-01-01,11.17871922,Liechtenstein
2021-01-01,-1.134217441,Lithuania
2022-01-01,-0.381937358,Lithuania
2023-01-01,0.309782041,Lithuania
2024-01-01,0.939684413,Lithuania
2025-01-01,-2.491428786,Lithuania
2026-01-01,-1.739148703,Lithuania
2027-01-01,-1.047429304,Lithuania
2028-01-01,-0.417526932,Lithuania
2029-01-01,-3.848640131,Lithuania
2030-01-01,-3.096360048,Lithuania
2021-01-01,3.351665189,Low & middle income
2022-01-01,3.227815259,Low & middle income
2023-01-01,3.051565544,Low & middle income
2024-01-01,2.822904109,Low & middle income
2025-01-01,2.606600633,Low & middle income
2026-01-01,2.482750703,Low & middle income
2027-01-01,2.306500988,Low & middle income
2028-01-01,2.077839553,Low & middle income
2029-01-01,1.861536077,Low & middle income
2030-01-01,1.737686147,Low & middle income
2021-01-01,3.938646087,Low income
2022-01-01,3.18838851,Low income
2023-01-01,2.437316727,Low income
2024-01-01,1.68617109,Low income
2025-01-01,3.355356272,Low income
2026-01-01,2.605098695,Low income
2027-01-01,1.854026913,Low income
2028-01-01,1.102881275,Low income
2029-01-01,2.772066458,Low income
2030-01-01,2.02180888,Low income
2021-01-01,3.628077672,Lower middle income
2022-01-01,3.154544848,Lower middle income
2023-01-01,2.646885685,Lower middle income
2024-01-01,2.105518611,Lower middle income
2025-01-01,2.973919641,Lower middle income
2026-01-01,2.500386817,Lower middle income
2027-01-01,1.992727654,Lower middle income
2028-01-01,1.45136058,Lower middle income
2029-01-01,2.31976161,Lower middle income
2030-01-01,1.846228786,Lower middle income
2021-01-01,2.052553315,Luxembourg
2022-01-01,1.970132149,Luxembourg
2023-01-01,1.83408297,Luxembourg
2024-01-01,1.644495965,Luxembourg
2025-01-01,1.803108131,Luxembourg
2026-01-01,1.720686965,Luxembourg
2027-01-01,1.584637786,Luxembourg
2028-01-01,1.395050781,Luxembourg
2029-01-01,1.553662947,Luxembourg
2030-01-01,1.471241781,Luxembourg
2021-01-01,-7.966061421,"Macao SAR, China"
2022-01-01,-11.38785039,"Macao SAR, China"
2023-01-01,-14.98548974,"Macao SAR, China"
2024-01-01,-18.75640185,"Macao SAR, China"
2025-01-01,-13.90313953,"Macao SAR, China"
2026-01-01,-17.3249285,"Macao SAR, China"
2027-01-01,-20.92256785,"Macao SAR, China"
2028-01-01,-24.69347995,"Macao SAR, China"
2029-01-01,-19.84021763,"Macao SAR, China"
2030-01-01,-23.2620066,"Macao SAR, China"
2021-01-01,0.805907925,Madagascar
2022-01-01,1.398852893,Madagascar
2023-01-01,1.994042666,Madagascar
2024-01-01,2.590654064,Madagascar
2025-01-01,0.49747425,Madagascar
2026-01-01,1.090419218,Madagascar
2027-01-01,1.685608991,Madagascar
2028-01-01,2.282220389,Madagascar
2029-01-01,0.189040575,Madagascar
2030-01-01,0.781985543,Madagascar
2021-01-01,4.300360617,Malawi
2022-01-01,4.585451655,Malawi
2023-01-01,4.834582032,Malawi
2024-01-01,5.047486322,Malawi
2025-01-01,4.428803342,Malawi
2026-01-01,4.713894381,Malawi
2027-01-01,4.963024757,Malawi
2028-01-01,5.175929047,Malawi
2029-01-01,4.557246068,Malawi
2030-01-01,4.842337106,Malawi
2021-01-01,2.786011866,Malaysia
2022-01-01,2.837935595,Malaysia
2023-01-01,2.855228079,Malaysia
2024-01-01,2.837715976,Malaysia
2025-01-01,2.283184475,Malaysia
2026-01-01,2.335108205,Malaysia
2027-01-01,2.352400688,Malaysia
2028-01-01,2.334888585,Malaysia
2029-01-01,1.780357084,Malaysia
2030-01-01,1.832280814,Malaysia
2021-01-01,-1.256796585,Maldives
2022-01-01,-1.262292508,Maldives
2023-01-01,-1.456454036,Maldives
2024-01-01,-1.83958639,Maldives
2025-01-01,-3.052615997,Maldives
2026-01-01,-3.05811192,Maldives
2027-01-01,-3.252273447,Maldives
2028-01-01,-3.635405802,Maldives
2029-01-01,-4.848435408,Maldives
2030-01-01,-4.853931331,Maldives
2021-01-01,4.671458829,Mali
2022-01-01,3.276474068,Mali
2023-01-01,1.837374791,Mali
2024-01-01,0.355675475,Mali
2025-01-01,3.921607546,Mali
2026-01-01,2.526622784,Mali
2027-01-01,1.087523508,Mali
2028-01-01,-0.394175809,Mali
2029-01-01,3.171756262,Mali
2030-01-01,1.776771501,Mali
2021-01-01,6.032363589,Malta
2022-01-01,5.529487889,Malta
2023-01-01,4.985378248,Malta
2024-01-01,4.400883154,Malta
2025-01-01,6.648874856,Malta
2026-01-01,6.145999155,Malta
2027-01-01,5.601889514,Malta
2028-01-01,5.01739442,Malta
2029-01-01,7.265386122,Malta
2030-01-01,6.762510421,Malta
2021-01-01,5.158223174,Marshall Islands
2022-01-01,3.540072221,Marshall Islands
2023-01-01,1.909590777,Marshall Islands
2024-01-01,0.26886093,Marshall Islands
2025-01-01,5.485039,Marshall Islands
2026-01-01,3.866888047,Marshall Islands
2027-01-01,2.236406602,Marshall Islands
2028-01-01,0.595676755,Marshall Islands
2029-01-01,5.811854826,Marshall Islands
2030-01-01,4.193703873,Marshall Islands
2021-01-01,3.458727058,Mauritania
2022-01-01,2.966959295,Mauritania
2023-01-01,2.388972358,Mauritania
2024-01-01,1.725366776,Mauritania
2025-01-01,3.110048169,Mauritania
2026-01-01,2.618280406,Mauritania
2027-01-01,2.040293469,Mauritania
2028-01-01,1.376687887,Mauritania
2029-01-01,2.76136928,Mauritania
2030-01-01,2.269601517,Mauritania
2021-01-01,0.876525408,Mauritius
2022-01-01,0.218001684,Mauritius
2023-01-01,-0.507030275,Mauritius
2024-01-01,-1.298005332,Mauritius
2025-01-01,-0.15402726,Mauritius
2026-01-01,-0.812550983,Mauritius
2027-01-01,-1.537582943,Mauritius
2028-01-01,-2.328557999,Mauritius
2029-01-01,-1.184579927,Mauritius
2030-01-01,-1.84310365,Mauritius
2021-01-01,-0.084217353,Mexico
2022-01-01,0.047071009,Mexico
2023-01-01,0.146685601,Mexico
2024-01-01,0.214370404,Mexico
2025-01-01,-0.531322363,Mexico
2026-01-01,-0.400034001,Mexico
2027-01-01,-0.30041941,Mexico
2028-01-01,-0.232734607,Mexico
2029-01-01,-0.978427373,Mexico
2030-01-01,-0.847139011,Mexico
2021-01-01,1.636248221,"Micronesia, Fed. Sts."
2022-01-01,1.170726255,"Micronesia, Fed. Sts."
2023-01-01,0.695033421,"Micronesia, Fed. Sts."
2024-01-01,0.209804185,"Micronesia, Fed. Sts."
2025-01-01,1.824703481,"Micronesia, Fed. Sts."
2026-01-01,1.359181514,"Micronesia, Fed. Sts."
2027-01-01,0.88348868,"Micronesia, Fed. Sts."
2028-01-01,0.398259444,"Micronesia, Fed. Sts."
2029-01-01,2.01315874,"Micronesia, Fed. Sts."
2030-01-01,1.547636773,"Micronesia, Fed. Sts."
2021-01-01,-0.328983882,Middle East & North Africa
2022-01-01,0.066243667,Middle East & North Africa
2023-01-01,0.444615816,Middle East & North Africa
2024-01-01,0.805381365,Middle East & North Africa
2025-01-01,-1.287899077,Middle East & North Africa
2026-01-01,-0.892671528,Middle East & North Africa
2027-01-01,-0.514299379,Middle East & North Africa
2028-01-01,-0.15353383,Middle East & North Africa
2029-01-01,-2.246814272,Middle East & North Africa
2030-01-01,-1.851586723,Middle East & North Africa
2021-01-01,-0.097623203,Middle East & North Africa (IDA & IBRD countries)
2022-01-01,-0.042694732,Middle East & North Africa (IDA & IBRD countries)
2023-01-01,0.028819041,Middle East & North Africa (IDA & IBRD countries)
2024-01-01,0.116547931,Middle East & North Africa (IDA & IBRD countries)
2025-01-01,-1.039828413,Middle East & North Africa (IDA & IBRD countries)
2026-01-01,-0.984899941,Middle East & North Africa (IDA & IBRD countries)
2027-01-01,-0.913386169,Middle East & North Africa (IDA & IBRD countries)
2028-01-01,-0.825657279,Middle East & North Africa (IDA & IBRD countries)
2029-01-01,-1.982033622,Middle East & North Africa (IDA & IBRD countries)
2030-01-01,-1.927105151,Middle East & North Africa (IDA & IBRD countries)
2021-01-01,-0.093297367,Middle East & North Africa (excluding high income)
2022-01-01,-0.026243509,Middle East & North Africa (excluding high income)
2023-01-01,0.058536533,Middle East & North Africa (excluding high income)
2024-01-01,0.160657375,Middle East & North Africa (excluding high income)
2025-01-01,-1.032488855,Middle East & North Africa (excluding high income)
2026-01-01,-0.965434997,Middle East & North Africa (excluding high income)
2027-01-01,-0.880654955,Middle East & North Africa (excluding high income)
2028-01-01,-0.778534113,Middle East & North Africa (excluding high income)
2029-01-01,-1.971680342,Middle East & North Africa (excluding high income)
2030-01-01,-1.904626485,Middle East & North Africa (excluding high income)
2021-01-01,3.32778689,Middle income
2022-01-01,3.214823861,Middle income
2023-01-01,3.044838603,Middle income
2024-01-01,2.817807079,Middle income
2025-01-01,2.568229765,Middle income
2026-01-01,2.455266736,Middle income
2027-01-01,2.285281478,Middle income
2028-01-01,2.058249954,Middle income
2029-01-01,1.80867264,Middle income
2030-01-01,1.695709611,Middle income
2021-01-01,1.448901598,Moldova
2022-01-01,0.708864776,Moldova
2023-01-01,-0.051640477,Moldova
2024-01-01,-0.832064242,Moldova
2025-01-01,0.209756088,Moldova
2026-01-01,-0.530280734,Moldova
2027-01-01,-1.290785987,Moldova
2028-01-01,-2.071209752,Moldova
2029-01-01,-1.029389422,Moldova
2030-01-01,-1.769426244,Moldova
2021-01-01,3.38430012,Monaco
2022-01-01,4.597636093,Monaco
2023-01-01,5.74059514,Monaco
2024-01-01,6.811949915,Monaco
2025-01-01,3.928035001,Monaco
2026-01-01,5.141370973,Monaco
2027-01-01,6.28433002,Monaco
2028-01-01,7.355684795,Monaco
2029-01-01,4.471769881,Monaco
2030-01-01,5.685105853,Monaco
2021-01-01,3.29994988,Mongolia
2022-01-01,3.612612649,Mongolia
2023-01-01,3.862294595,Mongolia
2024-01-01,4.04840332,Mongolia
2025-01-01,2.359384989,Mongolia
2026-01-01,2.672047759,Mongolia
2027-01-01,2.921729705,Mongolia
2028-01-01,3.107838429,Mongolia
2029-01-01,1.418820099,Mongolia
2030-01-01,1.731482868,Mongolia
2021-01-01,0.368906053,Montenegro
2022-01-01,-0.223483144,Montenegro
2023-01-01,-0.88512502,Montenegro
2024-01-01,-1.615500951,Montenegro
2025-01-01,-0.569792228,Montenegro
2026-01-01,-1.162181426,Montenegro
2027-01-01,-1.823823302,Montenegro
2028-01-01,-2.554199233,Montenegro
2029-01-01,-1.50849051,Montenegro
2030-01-01,-2.100879708,Montenegro
2021-01-01,1.72071801,Morocco
2022-01-01,0.821683589,Morocco
2023-01-01,-0.10482482,Morocco
2024-01-01,-1.058019154,Morocco
2025-01-01,0.61230566,Morocco
2026-01-01,-0.286728761,Morocco
2027-01-01,-1.21323717,Morocco
2028-01-01,-2.166431503,Morocco
2029-01-01,-0.496106689,Morocco
2030-01-01,-1.39514111,Morocco
2021-01-01,2.812182437,Mozambique
2022-01-01,2.139119042,Mozambique
2023-01-01,1.390282202,Mozambique
2024-01-01,0.566111927,Mozambique
2025-01-01,1.251766963,Mozambique
2026-01-01,0.578703568,Mozambique
2027-01-01,-0.170133272,Mozambique
2028-01-01,-0.994303547,Mozambique
2029-01-01,-0.308648511,Mozambique
2030-01-01,-0.981711906,Mozambique
2021-01-01,2.334450673,Myanmar
2022-01-01,0.803183548,Myanmar
2023-01-01,-0.78568716,Myanmar
2024-01-01,-2.431074275,Myanmar
2025-01-01,-0.452088078,Myanmar
2026-01-01,-1.983355202,Myanmar
2027-01-01,-3.57222591,Myanmar
2028-01-01,-5.217613025,Myanmar
2029-01-01,-3.238626828,Myanmar
2030-01-01,-4.769893952,Myanmar
2021-01-01,-1.677661148,Namibia
2022-01-01,-1.549013909,Namibia
2023-01-01,-1.482692683,Namibia
2024-01-01,-1.479257414,Namibia
2025-01-01,-3.264985668,Namibia
2026-01-01,-3.136338429,Namibia
2027-01-01,-3.070017203,Namibia
2028-01-01,-3.066581934,Namibia
2029-01-01,-4.852310189,Namibia
2030-01-01,-4.723662949,Namibia
2021-01-01,10.36523266,Nauru
2022-01-01,9.674175434,Nauru
2023-01-01,9.021814441,Nauru
2024-01-01,8.409186236,Nauru
2025-01-01,11.12637262,Nauru
2026-01-01,10.43531539,Nauru
2027-01-01,9.782954393,Nauru
2028-01-01,9.170326188,Nauru
2029-01-01,11.88751257,Nauru
2030-01-01,11.19645534,Nauru
2021-01-01,6.106907476,Nepal
2022-01-01,5.417932659,Nepal
2023-01-01,4.713633694,Nepal
2024-01-01,3.994961728,Nepal
2025-01-01,6.421957516,Nepal
2026-01-01,5.732982699,Nepal
2027-01-01,5.028683735,Nepal
2028-01-01,4.310011768,Nepal
2029-01-01,6.737007557,Nepal
2030-01-01,6.04803274,Nepal
2021-01-01,0.657182641,Netherlands
2022-01-01,0.560992436,Netherlands
2023-01-01,0.454083268,Netherlands
2024-01-01,0.336519218,Netherlands
2025-01-01,0.440537625,Netherlands
2026-01-01,0.344347419,Netherlands
2027-01-01,0.237438251,Netherlands
2028-01-01,0.119874202,Netherlands
2029-01-01,0.223892608,Netherlands
2030-01-01,0.127702403,Netherlands
2021-01-01,2.352726003,New Zealand
2022-01-01,2.167659959,New Zealand
2023-01-01,1.962901796,New Zealand
2024-01-01,1.738634496,New Zealand
2025-01-01,2.13521418,New Zealand
2026-01-01,1.950148137,New Zealand
2027-01-01,1.745389973,New Zealand
2028-01-01,1.521122674,New Zealand
2029-01-01,1.917702358,New Zealand
2030-01-01,1.732636314,New Zealand
2021-01-01,0.133442109,Nicaragua
2022-01-01,0.470949225,Nicaragua
2023-01-01,0.810551656,Nicaragua
2024-01-01,1.151611342,Nicaragua
2025-01-01,-0.604935959,Nicaragua
2026-01-01,-0.267428844,Nicaragua
2027-01-01,0.072173587,Nicaragua
2028-01-01,0.413233273,Nicaragua
2029-01-01,-1.343314028,Nicaragua
2030-01-01,-1.005806913,Nicaragua
2021-01-01,6.328017255,Niger
2022-01-01,5.959999645,Niger
2023-01-01,5.593214283,Niger
2024-01-01,5.228173824,Niger
2025-01-01,6.520710446,Niger
2026-01-01,6.152692836,Niger
2027-01-01,5.785907475,Niger
2028-01-01,5.420867015,Niger
2029-01-01,6.713403638,Niger
2030-01-01,6.345386028,Niger
2021-01-01,0.566072502,Nigeria
2022-01-01,-0.226115876,Nigeria
2023-01-01,-1.161004702,Nigeria
2024-01-01,-2.238058909,Nigeria
2025-01-01,-1.460448337,Nigeria
2026-01-01,-2.252636714,Nigeria
2027-01-01,-3.187525541,Nigeria
2028-01-01,-4.264579748,Nigeria
2029-01-01,-3.486969175,Nigeria
2030-01-01,-4.279157553,Nigeria
2021-01-01,1.125948834,North America
2022-01-01,0.978716647,North America
2023-01-01,0.816727717,North America
2024-01-01,0.640091346,North America
2025-01-01,0.836994639,North America
2026-01-01,0.689762451,North America
2027-01-01,0.527773522,North America
2028-01-01,0.351137151,North America
2029-01-01,0.548040443,North America
2030-01-01,0.400808256,North America
2021-01-01,1.049586717,North Macedonia
2022-01-01,1.266756997,North Macedonia
2023-01-01,1.457712172,North Macedonia
2024-01-01,1.622113884,North Macedonia
2025-01-01,0.701220845,North Macedonia
2026-01-01,0.918391126,North Macedonia
2027-01-01,1.109346301,North Macedonia
2028-01-01,1.273748012,North Macedonia
2029-01-01,0.352854974,North Macedonia
2030-01-01,0.570025254,North Macedonia
2021-01-01,3.389644244,Northern Mariana Islands
2022-01-01,5.932544182,Northern Mariana Islands
2023-01-01,8.55321911,Northern Mariana Islands
2024-01-01,11.2494513,Northern Mariana Islands
2025-01-01,6.580909128,Northern Mariana Islands
2026-01-01,9.123809066,Northern Mariana Islands
2027-01-01,11.74448399,Northern Mariana Islands
2028-01-01,14.44071618,Northern Mariana Islands
2029-01-01,9.772174012,Northern Mariana Islands
2030-01-01,12.31507395,Northern Mariana Islands
2021-01-01,0.439972867,Norway
2022-01-01,0.512871879,Norway
2023-01-01,0.581156709,Norway
2024-01-01,0.644651946,Norway
2025-01-01,0.135898823,Norway
2026-01-01,0.208797834,Norway
2027-01-01,0.277082665,Norway
2028-01-01,0.340577902,Norway
2029-01-01,-0.168175222,Norway
2030-01-01,-0.09527621,Norway
2021-01-01,0.751089666,OECD members
2022-01-01,0.572396079,OECD members
2023-01-01,0.373652472,OECD members
2024-01-01,0.154994417,OECD members
2025-01-01,0.401468837,OECD members
2026-01-01,0.222775249,OECD members
2027-01-01,0.024031643,OECD members
2028-01-01,-0.194626413,OECD members
2029-01-01,0.051848008,OECD members
2030-01-01,-0.12684558,OECD members
2021-01-01,2.404422841,Oman
2022-01-01,2.89577117,Oman
2023-01-01,3.436747471,Oman
2024-01-01,4.026699693,Oman
2025-01-01,2.4218035,Oman
2026-01-01,2.913151829,Oman
2027-01-01,3.45412813,Oman
2028-01-01,4.044080352,Oman
2029-01-01,2.439184159,Oman
2030-01-01,2.930532488,Oman
2021-01-01,-0.310790187,Other small states
2022-01-01,-0.228330567,Other small states
2023-01-01,-0.216008303,Other small states
2024-01-01,-0.274327514,Other small states
2025-01-01,-1.924692526,Other small states
2026-01-01,-1.842232906,Other small states
2027-01-01,-1.829910642,Other small states
2028-01-01,-1.888229853,Other small states
2029-01-01,-3.538594866,Other small states
2030-01-01,-3.456135245,Other small states
2021-01-01,1.188000313,Pacific island small states
2022-01-01,0.417986921,Pacific island small states
2023-01-01,-0.404566664,Pacific island small states
2024-01-01,-1.278828612,Pacific island small states
2025-01-01,0.634205274,Pacific island small states
2026-01-01,-0.135808118,Pacific island small states
2027-01-01,-0.958361702,Pacific island small states
2028-01-01,-1.832623651,Pacific island small states
2029-01-01,0.080410236,Pacific island small states
2030-01-01,-0.689603157,Pacific island small states
2021-01-01,3.532264466,Pakistan
2022-01-01,3.257962593,Pakistan
2023-01-01,2.986605105,Pakistan
2024-01-01,2.718426794,Pakistan
2025-01-01,3.21833183,Pakistan
2026-01-01,2.944029957,Pakistan
2027-01-01,2.672672469,Pakistan
2028-01-01,2.404494158,Pakistan
2029-01-01,2.904399195,Pakistan
2030-01-01,2.630097321,Pakistan
2021-01-01,-0.21099294,Palau
2022-01-01,-0.148591824,Palau
2023-01-01,-0.101516977,Palau
2024-01-01,-0.069949256,Palau
2025-01-01,-0.619419724,Palau
2026-01-01,-0.557018608,Palau
2027-01-01,-0.509943761,Palau
2028-01-01,-0.47837604,Palau
2029-01-01,-1.027846508,Palau
2030-01-01,-0.965445392,Palau
2021-01-01,1.017483003,Panama
2022-01-01,0.847074707,Panama
2023-01-01,0.623906931,Panama
2024-01-01,0.347826075,Panama
2025-01-01,-0.368164577,Panama
2026-01-01,-0.538572873,Panama
2027-01-01,-0.761740649,Panama
2028-01-01,-1.037821505,Panama
2029-01-01,-1.753812157,Panama
2030-01-01,-1.924220453,Panama
2021-01-01,6.092158858,Papua New Guinea
2022-01-01,5.347264651,Papua New Guinea
2023-01-01,4.546774495,Papua New Guinea
2024-01-01,3.691749326,Papua New Guinea
2025-01-01,6.376719023,Papua New Guinea
2026-01-01,5.631824816,Papua New Guinea
2027-01-01,4.83133466,Papua New Guinea
2028-01-01,3.976309491,Papua New Guinea
2029-01-01,6.661279188,Papua New Guinea
2030-01-01,5.916384981,Papua New Guinea
2021-01-01,3.732263949,Paraguay
2022-01-01,3.548828542,Paraguay
2023-01-01,3.331853459,Paraguay
2024-01-01,3.081606399,Paraguay
2025-01-01,3.735382979,Paraguay
2026-01-01,3.551947572,Paraguay
2027-01-01,3.334972489,Paraguay
2028-01-01,3.084725429,Paraguay
2029-01-01,3.738502009,Paraguay
2030-01-01,3.555066601,Paraguay
2021-01-01,0.61480252,Peru
2022-01-01,0.391849046,Peru
2023-01-01,0.127462538,Peru
2024-01-01,-0.178423478,Peru
2025-01-01,-0.663933385,Peru
2026-01-01,-0.886886858,Peru
2027-01-01,-1.151273366,Peru
2028-01-01,-1.457159382,Peru
2029-01-01,-1.942669289,Peru
2030-01-01,-2.165622763,Peru
2021-01-01,4.614590283,Philippines
2022-01-01,4.159722223,Philippines
2023-01-01,3.676253953,Philippines
2024-01-01,3.164684987,Philippines
2025-01-01,4.323696593,Philippines
2026-01-01,3.868828533,Philippines
2027-01-01,3.385360262,Philippines
2028-01-01,2.873791297,Philippines
2029-01-01,4.032802903,Philippines
2030-01-01,3.577934843,Philippines
2021-01-01,2.929961468,Poland
2022-01-01,2.889786722,Poland
2023-01-01,2.8026759,Poland
2024-01-01,2.668668678,Poland
2025-01-01,2.71685127,Poland
2026-01-01,2.676676524,Poland
2027-01-01,2.589565702,Poland
2028-01-01,2.45555848,Poland
2029-01-01,2.503741071,Poland
2030-01-01,2.463566325,Poland
2021-01-01,0.828758646,Portugal
2022-01-01,0.208261316,Portugal
2023-01-01,-0.441907799,Portugal
2024-01-01,-1.121004427,Portugal
2025-01-01,0.67442676,Portugal
2026-01-01,0.05392943,Portugal
2027-01-01,-0.596239685,Portugal
2028-01-01,-1.275336313,Portugal
2029-01-01,0.520094874,Portugal
2030-01-01,-0.100402456,Portugal
2021-01-01,0.587442513,Post-demographic dividend
2022-01-01,0.387530472,Post-demographic dividend
2023-01-01,0.165943586,Post-demographic dividend
2024-01-01,-0.077166227,Post-demographic dividend
2025-01-01,0.20010685,Post-demographic dividend
2026-01-01,0.000194809,Post-demographic dividend
2027-01-01,-0.221392078,Post-demographic dividend
2028-01-01,-0.464501891,Post-demographic dividend
2029-01-01,-0.187228814,Post-demographic dividend
2030-01-01,-0.387140855,Post-demographic dividend
2021-01-01,1.636952202,Pre-demographic dividend
2022-01-01,1.44832898,Pre-demographic dividend
2023-01-01,1.277481784,Pre-demographic dividend
2024-01-01,1.12430082,Pre-demographic dividend
2025-01-01,0.570627974,Pre-demographic dividend
2026-01-01,0.382004752,Pre-demographic dividend
2027-01-01,0.211157555,Pre-demographic dividend
2028-01-01,0.057976592,Pre-demographic dividend
2029-01-01,-0.495696255,Pre-demographic dividend
2030-01-01,-0.684319477,Pre-demographic dividend
2021-01-01,-4.316088661,Puerto Rico
2022-01-01,-4.077443624,Puerto Rico
2023-01-01,-3.820384201,Puerto Rico
2024-01-01,-3.545591941,Puerto Rico
2025-01-01,-5.523654567,Puerto Rico
2026-01-01,-5.285009529,Puerto Rico
2027-01-01,-5.027950106,Puerto Rico
2028-01-01,-4.753157846,Puerto Rico
2029-01-01,-6.731220472,Puerto Rico
2030-01-01,-6.492575434,Puerto Rico
2021-01-01,-1.668172765,Qatar
2022-01-01,-1.140127153,Qatar
2023-01-01,-0.71587121,Qatar
2024-01-01,-0.396861005,Qatar
2025-01-01,-4.797458975,Qatar
2026-01-01,-4.269413363,Qatar
2027-01-01,-3.845157421,Qatar
2028-01-01,-3.526147216,Qatar
2029-01-01,-7.926745185,Qatar
2030-01-01,-7.398699574,Qatar
2021-01-01,0.272249579,Romania
2022-01-01,0.711529176,Romania
2023-01-01,1.149347219,Romania
2024-01-01,1.584887849,Romania
2025-01-01,-0.660508565,Romania
2026-01-01,-0.221228968,Romania
2027-01-01,0.216589075,Romania
2028-01-01,0.652129705,Romania
2029-01-01,-1.593266709,Romania
2030-01-01,-1.153987112,Romania
2021-01-01,-2.582568161,Russian Federation
2022-01-01,-2.186238238,Russian Federation
2023-01-01,-1.822723791,Russian Federation
2024-01-01,-1.492986167,Russian Federation
2025-01-01,-4.29228072,Russian Federation
2026-01-01,-3.895950797,Russian Federation
2027-01-01,-3.532436349,Russian Federation
2028-01-01,-3.202698726,Russian Federation
2029-01-01,-6.001993278,Russian Federation
2030-01-01,-5.605663355,Russian Federation
2021-01-01,4.896976613,Rwanda
2022-01-01,4.618781605,Rwanda
2023-01-01,4.275582953,Rwanda
2024-01-01,3.867522335,Rwanda
2025-01-01,3.976256312,Rwanda
2026-01-01,3.698061304,Rwanda
2027-01-01,3.354862651,Rwanda
2028-01-01,2.946802034,Rwanda
2029-01-01,3.05553601,Rwanda
2030-01-01,2.777341002,Rwanda
2021-01-01,-1.654287856,Samoa
2022-01-01,-1.281469298,Samoa
2023-01-01,-0.928279016,Samoa
2024-01-01,-0.595473215,Samoa
2025-01-01,-2.716681741,Samoa
2026-01-01,-2.343863183,Samoa
2027-01-01,-1.990672901,Samoa
2028-01-01,-1.6578671,Samoa
2029-01-01,-3.779075626,Samoa
2030-01-01,-3.406257068,Samoa
2021-01-01,-2.657227391,San Marino
2022-01-01,-2.431641321,San Marino
2023-01-01,-2.218758896,San Marino
2024-01-01,-2.019086078,San Marino
2025-01-01,-3.465630786,San Marino
2026-01-01,-3.240044717,San Marino
2027-01-01,-3.027162292,San Marino
2028-01-01,-2.827489473,San Marino
2029-01-01,-4.274034182,San Marino
2030-01-01,-4.048448112,San Marino
2021-01-01,3.485549032,Sao Tome and Principe
2022-01-01,3.227135476,Sao Tome and Principe
2023-01-01,2.959667632,Sao Tome and Principe
2024-01-01,2.683307498,Sao Tome and Principe
2025-01-01,2.932225717,Sao Tome and Principe
2026-01-01,2.673812162,Sao Tome and Principe
2027-01-01,2.406344318,Sao Tome and Principe
2028-01-01,2.129984183,Sao Tome and Principe
2029-01-01,2.378902402,Sao Tome and Principe
2030-01-01,2.120488847,Sao Tome and Principe
2021-01-01,-1.546874482,Saudi Arabia
2022-01-01,-0.413842169,Saudi Arabia
2023-01-01,0.684483057,Saudi Arabia
2024-01-01,1.746468302,Saudi Arabia
2025-01-01,-2.510373319,Saudi Arabia
2026-01-01,-1.377341007,Saudi Arabia
2027-01-01,-0.279015781,Saudi Arabia
2028-01-01,0.782969464,Saudi Arabia
2029-01-01,-3.473872157,Saudi Arabia
2030-01-01,-2.340839845,Saudi Arabia
2021-01-01,5.308564844,Senegal
2022-01-01,5.254735564,Senegal
2023-01-01,5.204624556,Senegal
2024-01-01,5.158418678,Senegal
2025-01-01,5.727097754,Senegal
2026-01-01,5.673268474,Senegal
2027-01-01,5.623157466,Senegal
2028-01-01,5.576951588,Senegal
2029-01-01,6.145630664,Senegal
2030-01-01,6.091801384,Senegal
2021-01-01,-0.750504265,Serbia
2022-01-01,-0.564109535,Serbia
2023-01-01,-0.388827977,Serbia
2024-01-01,-0.22525266,Serbia
2025-01-01,-1.99580492,Serbia
2026-01-01,-1.809410189,Serbia
2027-01-01,-1.634128631,Serbia
2028-01-01,-1.470553315,Serbia
2029-01-01,-3.241105575,Serbia
2030-01-01,-3.054710844,Serbia
2021-01-01,5.329235321,Seychelles
2022-01-01,3.730155266,Seychelles
2023-01-01,2.097513047,Seychelles
2024-01-01,0.433345284,Seychelles
2025-01-01,5.496663409,Seychelles
2026-01-01,3.897583355,Seychelles
2027-01-01,2.264941135,Seychelles
2028-01-01,0.600773372,Seychelles
2029-01-01,5.664091497,Seychelles
2030-01-01,4.065011443,Seychelles
2021-01-01,1.509780466,Sierra Leone
2022-01-01,1.086989418,Sierra Leone
2023-01-01,0.665807959,Sierra Leone
2024-01-01,0.246291669,Sierra Leone
2025-01-01,-0.026231649,Sierra Leone
2026-01-01,-0.449022697,Sierra Leone
2027-01-01,-0.870204157,Sierra Leone
2028-01-01,-1.289720446,Sierra Leone
2029-01-01,-1.562243764,Sierra Leone
2030-01-01,-1.985034812,Sierra Leone
2021-01-01,1.969556501,Singapore
2022-01-01,1.732974994,Singapore
2023-01-01,1.418145971,Singapore
2024-01-01,1.025161948,Singapore
2025-01-01,1.000107607,Singapore
2026-01-01,0.763526099,Singapore
2027-01-01,0.448697076,Singapore
2028-01-01,0.055713053,Singapore
2029-01-01,0.030658713,Singapore
2030-01-01,-0.205922795,Singapore
2021-01-01,-9.243991008,Sint Maarten (Dutch part)
2022-01-01,-9.584088768,Sint Maarten (Dutch part)
2023-01-01,-9.932403143,Sint Maarten (Dutch part)
2024-01-01,-10.28992423,Sint Maarten (Dutch part)
2025-01-01,-13.88962049,Sint Maarten (Dutch part)
2026-01-01,-14.22971825,Sint Maarten (Dutch part)
2027-01-01,-14.57803263,Sint Maarten (Dutch part)
2028-01-01,-14.93555372,Sint Maarten (Dutch part)
2029-01-01,-18.53524997,Sint Maarten (Dutch part)
2030-01-01,-18.87534773,Sint Maarten (Dutch part)
2021-01-01,-0.472737439,Slovak Republic
2022-01-01,-0.250333922,Slovak Republic
2023-01-01,-0.102335121,Slovak Republic
2024-01-01,-0.029297235,Slovak Republic
2025-01-01,-1.709357141,Slovak Republic
2026-01-01,-1.486953624,Slovak Republic
2027-01-01,-1.338954823,Slovak Republic
2028-01-01,-1.265916937,Slovak Republic
2029-01-01,-2.945976843,Slovak Republic
2030-01-01,-2.723573326,Slovak Republic
2021-01-01,0.164497747,Slovenia
2022-01-01,0.215220661,Slovenia
2023-01-01,0.236740796,Slovenia
2024-01-01,0.228845227,Slovenia
2025-01-01,-0.45081379,Slovenia
2026-01-01,-0.400090877,Slovenia
2027-01-01,-0.378570742,Slovenia
2028-01-01,-0.386466311,Slovenia
2029-01-01,-1.066125328,Slovenia
2030-01-01,-1.015402414,Slovenia
2021-01-01,-0.489954641,Small states
2022-01-01,-0.4954125,Small states
2023-01-01,-0.569615412,Small states
2024-01-01,-0.712921304,Small states
2025-01-01,-1.96806355,Small states
2026-01-01,-1.97352141,Small states
2027-01-01,-2.047724321,Small states
2028-01-01,-2.191030213,Small states
2029-01-01,-3.446172459,Small states
2030-01-01,-3.451630319,Small states
2021-01-01,2.595169079,Solomon Islands
2022-01-01,3.010525328,Solomon Islands
2023-01-01,3.415371657,Solomon Islands
2024-01-01,3.809219388,Solomon Islands
2025-01-01,2.609649544,Solomon Islands
2026-01-01,3.025005794,Solomon Islands
2027-01-01,3.429852123,Solomon Islands
2028-01-01,3.823699853,Solomon Islands
2029-01-01,2.62413001,Solomon Islands
2030-01-01,3.039486259,Solomon Islands
2021-01-01,0.431469703,Somalia
2022-01-01,-0.087865749,Somalia
2023-01-01,-0.616962897,Somalia
2024-01-01,-1.155713757,Somalia
2025-01-01,-1.329092729,Somalia
2026-01-01,-1.848428182,Somalia
2027-01-01,-2.377525329,Somalia
2028-01-01,-2.916276189,Somalia
2029-01-01,-3.089655161,Somalia
2030-01-01,-3.608990614,Somalia
2021-01-01,-1.037648458,South Africa
2022-01-01,-1.459518596,South Africa
2023-01-01,-1.915981557,South Africa
2024-01-01,-2.406866078,South Africa
2025-01-01,-2.301014006,South Africa
2026-01-01,-2.722884143,South Africa
2027-01-01,-3.179347104,South Africa
2028-01-01,-3.670231625,South Africa
2029-01-01,-3.564379553,South Africa
2030-01-01,-3.98624969,South Africa
2021-01-01,5.251277516,South Asia
2022-01-01,4.430783748,South Asia
2023-01-01,3.585373751,South Asia
2024-01-01,2.715911653,South Asia
2025-01-01,4.712784197,South Asia
2026-01-01,3.892290429,South Asia
2027-01-01,3.046880432,South Asia
2028-01-01,2.177418334,South Asia
2029-01-01,4.174290878,South Asia
2030-01-01,3.35379711,South Asia
2021-01-01,5.251277516,South Asia (IDA & IBRD)
2022-01-01,4.430783748,South Asia (IDA & IBRD)
2023-01-01,3.585373751,South Asia (IDA & IBRD)
2024-01-01,2.715911653,South Asia (IDA & IBRD)
2025-01-01,4.712784197,South Asia (IDA & IBRD)
2026-01-01,3.892290429,South Asia (IDA & IBRD)
2027-01-01,3.046880432,South Asia (IDA & IBRD)
2028-01-01,2.177418334,South Asia (IDA & IBRD)
2029-01-01,4.174290878,South Asia (IDA & IBRD)
2030-01-01,3.35379711,South Asia (IDA & IBRD)
2021-01-01,25.31593838,South Sudan
2022-01-01,10.53261062,South Sudan
2023-01-01,-4.540088681,South Sudan
2024-01-01,-19.88252156,South Sudan
2025-01-01,29.60822602,South Sudan
2026-01-01,14.82489827,South Sudan
2027-01-01,-0.247801037,South Sudan
2028-01-01,-15.59023392,South Sudan
2029-01-01,33.90051366,South Sudan
2030-01-01,19.11718591,South Sudan
2021-01-01,-0.761183075,Spain
2022-01-01,-1.41088736,Spain
2023-01-01,-2.114337213,Spain
2024-01-01,-2.870966246,Spain
2025-01-01,-1.707802298,Spain
2026-01-01,-2.357506583,Spain
2027-01-01,-3.060956436,Spain
2028-01-01,-3.817585469,Spain
2029-01-01,-2.654421521,Spain
2030-01-01,-3.304125806,Spain
2021-01-01,2.13874997,Sri Lanka
2022-01-01,2.559573736,Sri Lanka
2023-01-01,2.939012722,Sri Lanka
2024-01-01,3.276411432,Sri Lanka
2025-01-01,1.499543159,Sri Lanka
2026-01-01,1.920366925,Sri Lanka
2027-01-01,2.299805911,Sri Lanka
2028-01-01,2.637204621,Sri Lanka
2029-01-01,0.860336348,Sri Lanka
2030-01-01,1.281160115,Sri Lanka
2021-01-01,0.618570419,St. Kitts and Nevis
2022-01-01,-0.468431373,St. Kitts and Nevis
2023-01-01,-1.558889943,St. Kitts and Nevis
2024-01-01,-2.651726185,St. Kitts and Nevis
2025-01-01,-0.201095634,St. Kitts and Nevis
2026-01-01,-1.288097426,St. Kitts and Nevis
2027-01-01,-2.378555996,St. Kitts and Nevis
2028-01-01,-3.471392238,St. Kitts and Nevis
2029-01-01,-1.020761687,St. Kitts and Nevis
2030-01-01,-2.107763479,St. Kitts and Nevis
2021-01-01,-3.473135341,St. Lucia
2022-01-01,-3.26570207,St. Lucia
2023-01-01,-3.159182721,St. Lucia
2024-01-01,-3.154107642,St. Lucia
2025-01-01,-4.793784925,St. Lucia
2026-01-01,-4.586351654,St. Lucia
2027-01-01,-4.479832305,St. Lucia
2028-01-01,-4.474757226,St. Lucia
2029-01-01,-6.114434509,St. Lucia
2030-01-01,-5.907001238,St. Lucia
2021-01-01,-1.704964777,St. Vincent and the Grenadines
2022-01-01,-1.626763484,St. Vincent and the Grenadines
2023-01-01,-1.579257662,St. Vincent and the Grenadines
2024-01-01,-1.562858675,St. Vincent and the Grenadines
2025-01-01,-2.870082186,St. Vincent and the Grenadines
2026-01-01,-2.791880893,St. Vincent and the Grenadines
2027-01-01,-2.744375072,St. Vincent and the Grenadines
2028-01-01,-2.727976084,St. Vincent and the Grenadines
2029-01-01,-4.035199595,St. Vincent and the Grenadines
2030-01-01,-3.956998302,St. Vincent and the Grenadines
2021-01-01,1.91845269,Sub-Saharan Africa
2022-01-01,1.445775838,Sub-Saharan Africa
2023-01-01,0.929409579,Sub-Saharan Africa
2024-01-01,0.369671396,Sub-Saharan Africa
2025-01-01,0.888556375,Sub-Saharan Africa
2026-01-01,0.415879523,Sub-Saharan Africa
2027-01-01,-0.100486736,Sub-Saharan Africa
2028-01-01,-0.660224919,Sub-Saharan Africa
2029-01-01,-0.141339939,Sub-Saharan Africa
2030-01-01,-0.614016792,Sub-Saharan Africa
2021-01-01,1.91845269,Sub-Saharan Africa (IDA & IBRD countries)
2022-01-01,1.445775838,Sub-Saharan Africa (IDA & IBRD countries)
2023-01-01,0.929409579,Sub-Saharan Africa (IDA & IBRD countries)
2024-01-01,0.369671396,Sub-Saharan Africa (IDA & IBRD countries)
2025-01-01,0.888556375,Sub-Saharan Africa (IDA & IBRD countries)
2026-01-01,0.415879523,Sub-Saharan Africa (IDA & IBRD countries)
2027-01-01,-0.100486736,Sub-Saharan Africa (IDA & IBRD countries)
2028-01-01,-0.660224919,Sub-Saharan Africa (IDA & IBRD countries)
2029-01-01,-0.141339939,Sub-Saharan Africa (IDA & IBRD countries)
2030-01-01,-0.614016792,Sub-Saharan Africa (IDA & IBRD countries)
2021-01-01,1.948181685,Sub-Saharan Africa (excluding high income)
2022-01-01,1.479257879,Sub-Saharan Africa (excluding high income)
2023-01-01,0.965632856,Sub-Saharan Africa (excluding high income)
2024-01-01,0.407622876,Sub-Saharan Africa (excluding high income)
2025-01-01,0.925016893,Sub-Saharan Africa (excluding high income)
2026-01-01,0.456093088,Sub-Saharan Africa (excluding high income)
2027-01-01,-0.057531936,Sub-Saharan Africa (excluding high income)
2028-01-01,-0.615541916,Sub-Saharan Africa (excluding high income)
2029-01-01,-0.098147899,Sub-Saharan Africa (excluding high income)
2030-01-01,-0.567071704,Sub-Saharan Africa (excluding high income)
2021-01-01,2.114570605,Sudan
2022-01-01,1.133395153,Sudan
2023-01-01,0.11626463,Sudan
2024-01-01,-0.936001448,Sudan
2025-01-01,0.733371203,Sudan
2026-01-01,-0.247804248,Sudan
2027-01-01,-1.264934772,Sudan
2028-01-01,-2.31720085,Sudan
2029-01-01,-0.647828199,Sudan
2030-01-01,-1.62900365,Sudan
2021-01-01,-1.946533814,Suriname
2022-01-01,-3.177308044,Suriname
2023-01-01,-4.473852992,Suriname
2024-01-01,-5.835216352,Suriname
2025-01-01,-3.999319982,Suriname
2026-01-01,-5.230094213,Suriname
2027-01-01,-6.526639161,Suriname
2028-01-01,-7.888002521,Suriname
2029-01-01,-6.052106151,Suriname
2030-01-01,-7.282880382,Suriname
2021-01-01,1.086879415,Sweden
2022-01-01,1.011584657,Sweden
2023-01-01,0.902013015,Sweden
2024-01-01,0.758196588,Sweden
2025-01-01,0.752850612,Sweden
2026-01-01,0.677555854,Sweden
2027-01-01,0.567984212,Sweden
2028-01-01,0.424167785,Sweden
2029-01-01,0.418821809,Sweden
2030-01-01,0.343527051,Sweden
2021-01-01,1.154772459,Switzerland
2022-01-01,1.127929557,Switzerland
2023-01-01,1.089425162,Switzerland
2024-01-01,1.039248309,Switzerland
2025-01-01,0.962151592,Switzerland
2026-01-01,0.93530869,Switzerland
2027-01-01,0.896804295,Switzerland
2028-01-01,0.846627442,Switzerland
2029-01-01,0.769530725,Switzerland
2030-01-01,0.742687823,Switzerland
2021-01-01,9.473973767,Syrian Arab Republic
2022-01-01,9.379016444,Syrian Arab Republic
2023-01-01,9.298445106,Syrian Arab Republic
2024-01-01,9.232645217,Syrian Arab Republic
2025-01-01,10.41260423,Syrian Arab Republic
2026-01-01,10.31764691,Syrian Arab Republic
2027-01-01,10.23707557,Syrian Arab Republic
2028-01-01,10.17127568,Syrian Arab Republic
2029-01-01,11.3512347,Syrian Arab Republic
2030-01-01,11.25627738,Syrian Arab Republic
2021-01-01,4.755415629,Tajikistan
2022-01-01,5.002696696,Tajikistan
2023-01-01,5.171259489,Tajikistan
2024-01-01,5.26065025,Tajikistan
2025-01-01,3.9386753,Tajikistan
2026-01-01,4.185956367,Tajikistan
2027-01-01,4.35451916,Tajikistan
2028-01-01,4.443909921,Tajikistan
2029-01-01,3.12193497,Tajikistan
2030-01-01,3.369216037,Tajikistan
2021-01-01,5.572746963,Tanzania
2022-01-01,5.3023054,Tanzania
2023-01-01,4.971023964,Tanzania
2024-01-01,4.579189761,Tanzania
2025-01-01,5.206009462,Tanzania
2026-01-01,4.935567899,Tanzania
2027-01-01,4.604286463,Tanzania
2028-01-01,4.21245226,Tanzania
2029-01-01,4.839271961,Tanzania
2030-01-01,4.568830398,Tanzania
2021-01-01,0.464283507,Thailand
2022-01-01,0.318826198,Thailand
2023-01-01,0.145590765,Thailand
2024-01-01,-0.055539156,Thailand
2025-01-01,-0.615452595,Thailand
2026-01-01,-0.760909904,Thailand
2027-01-01,-0.934145337,Thailand
2028-01-01,-1.135275258,Thailand
2029-01-01,-1.695188697,Thailand
2030-01-01,-1.840646006,Thailand
2021-01-01,3.179486975,Timor-Leste
2022-01-01,2.952205072,Timor-Leste
2023-01-01,2.724568565,Timor-Leste
2024-01-01,2.496742237,Timor-Leste
2025-01-01,2.83685482,Timor-Leste
2026-01-01,2.609572918,Timor-Leste
2027-01-01,2.381936411,Timor-Leste
2028-01-01,2.154110083,Timor-Leste
2029-01-01,2.494222666,Timor-Leste
2030-01-01,2.266940763,Timor-Leste
2021-01-01,5.951647687,Togo
2022-01-01,6.252291043,Togo
2023-01-01,6.53219223,Togo
2024-01-01,6.791274076,Togo
2025-01-01,6.817007281,Togo
2026-01-01,7.117650637,Togo
2027-01-01,7.397551824,Togo
2028-01-01,7.65663367,Togo
2029-01-01,7.682366875,Togo
2030-01-01,7.983010231,Togo
2021-01-01,0.864408654,Tonga
2022-01-01,1.553210876,Tonga
2023-01-01,2.236406754,Tonga
2024-01-01,2.913184604,Tonga
2025-01-01,0.928850509,Tonga
2026-01-01,1.617652731,Tonga
2027-01-01,2.30084861,Tonga
2028-01-01,2.97762646,Tonga
2029-01-01,0.993292364,Tonga
2030-01-01,1.682094586,Tonga
2021-01-01,-6.260023867,Trinidad and Tobago
2022-01-01,-6.587295846,Trinidad and Tobago
2023-01-01,-7.041906293,Trinidad and Tobago
2024-01-01,-7.624237024,Trinidad and Tobago
2025-01-01,-9.339989287,Trinidad and Tobago
2026-01-01,-9.667261266,Trinidad and Tobago
2027-01-01,-10.12187171,Trinidad and Tobago
2028-01-01,-10.70420244,Trinidad and Tobago
2029-01-01,-12.41995471,Trinidad and Tobago
2030-01-01,-12.74722669,Trinidad and Tobago
2021-01-01,-0.423033467,Tunisia
2022-01-01,-0.956918784,Tunisia
2023-01-01,-1.504928376,Tunisia
2024-01-01,-2.066771699,Tunisia
2025-01-01,-1.662160913,Tunisia
2026-01-01,-2.19604623,Tunisia
2027-01-01,-2.744055823,Tunisia
2028-01-01,-3.305899145,Tunisia
2029-01-01,-2.90128836,Tunisia
2030-01-01,-3.435173677,Tunisia
2021-01-01,3.754412096,Turkey
2022-01-01,4.135043008,Turkey
2023-01-01,4.482144188,Turkey
2024-01-01,4.795254409,Turkey
2025-01-01,3.624598887,Turkey
2026-01-01,4.005229798,Turkey
2027-01-01,4.352330979,Turkey
2028-01-01,4.6654412,Turkey
2029-01-01,3.494785678,Turkey
2030-01-01,3.875416589,Turkey
2021-01-01,8.675104613,Turkmenistan
2022-01-01,9.146334769,Turkmenistan
2023-01-01,9.636125253,Turkmenistan
2024-01-01,10.14399278,Turkmenistan
2025-01-01,9.049840077,Turkmenistan
2026-01-01,9.521070233,Turkmenistan
2027-01-01,10.01086072,Turkmenistan
2028-01-01,10.51872825,Turkmenistan
2029-01-01,9.424575542,Turkmenistan
2030-01-01,9.895805698,Turkmenistan
2021-01-01,-4.598249177,Turks and Caicos Islands
2022-01-01,-8.028959132,Turks and Caicos Islands
2023-01-01,-11.55980356,Turks and Caicos Islands
2024-01-01,-15.18857641,Turks and Caicos Islands
2025-01-01,-11.46509382,Turks and Caicos Islands
2026-01-01,-14.89580377,Turks and Caicos Islands
2027-01-01,-18.42664821,Turks and Caicos Islands
2028-01-01,-22.05542106,Turks and Caicos Islands
2029-01-01,-18.33193846,Turks and Caicos Islands
2030-01-01,-21.76264842,Turks and Caicos Islands
2021-01-01,4.146835392,Tuvalu
2022-01-01,5.01347465,Tuvalu
2023-01-01,5.851508516,Tuvalu
2024-01-01,6.660195124,Tuvalu
2025-01-01,5.069059648,Tuvalu
2026-01-01,5.935698906,Tuvalu
2027-01-01,6.773732772,Tuvalu
2028-01-01,7.58241938,Tuvalu
2029-01-01,5.991283904,Tuvalu
2030-01-01,6.857923162,Tuvalu
2021-01-01,3.786196277,Uganda
2022-01-01,4.003316375,Uganda
2023-01-01,4.076652803,Uganda
2024-01-01,4.005883703,Uganda
2025-01-01,3.018648504,Uganda
2026-01-01,3.235768602,Uganda
2027-01-01,3.309105029,Uganda
2028-01-01,3.23833593,Uganda
2029-01-01,2.251100731,Uganda
2030-01-01,2.468220829,Uganda
2021-01-01,-6.408893918,Ukraine
2022-01-01,-5.499874656,Ukraine
2023-01-01,-4.618615517,Ukraine
2024-01-01,-3.766913836,Ukraine
2025-01-01,-8.795469462,Ukraine
2026-01-01,-7.8864502,Ukraine
2027-01-01,-7.005191062,Ukraine
2028-01-01,-6.153489381,Ukraine
2029-01-01,-11.18204501,Ukraine
2030-01-01,-10.27302574,Ukraine
2021-01-01,0.066995832,United Arab Emirates
2022-01-01,1.169979507,United Arab Emirates
2023-01-01,2.244768539,United Arab Emirates
2024-01-01,3.289831971,United Arab Emirates
2025-01-01,-0.666216959,United Arab Emirates
2026-01-01,0.436766715,United Arab Emirates
2027-01-01,1.511555747,United Arab Emirates
2028-01-01,2.556619179,United Arab Emirates
2029-01-01,-1.399429751,United Arab Emirates
2030-01-01,-0.296446077,United Arab Emirates
2021-01-01,-0.260992279,United Kingdom
2022-01-01,-0.818554647,United Kingdom
2023-01-01,-1.43128852,United Kingdom
2024-01-01,-2.098681204,United Kingdom
2025-01-01,-1.022890771,United Kingdom
2026-01-01,-1.58045314,United Kingdom
2027-01-01,-2.193187013,United Kingdom
2028-01-01,-2.860579696,United Kingdom
2029-01-01,-1.784789264,United Kingdom
2030-01-01,-2.342351633,United Kingdom
2021-01-01,1.175147193,United States
2022-01-01,1.045399762,United States
2023-01-01,0.900968337,United States
2024-01-01,0.741951416,United States
2025-01-01,0.920813322,United States
2026-01-01,0.79106589,United States
2027-01-01,0.646634466,United States
2028-01-01,0.487617545,United States
2029-01-01,0.666479451,United States
2030-01-01,0.536732019,United States
2021-01-01,3.226888418,Upper middle income
2022-01-01,3.225681746,Upper middle income
2023-01-01,3.169976758,Upper middle income
2024-01-01,3.059600046,Upper middle income
2025-01-01,2.432573684,Upper middle income
2026-01-01,2.431367012,Upper middle income
2027-01-01,2.375662024,Upper middle income
2028-01-01,2.265285311,Upper middle income
2029-01-01,1.63825895,Upper middle income
2030-01-01,1.637052277,Upper middle income
2021-01-01,1.629831749,Uruguay
2022-01-01,1.581092621,Uruguay
2023-01-01,1.533450335,Uruguay
2024-01-01,1.486882455,Uruguay
2025-01-01,1.367564388,Uruguay
2026-01-01,1.31882526,Uruguay
2027-01-01,1.271182974,Uruguay
2028-01-01,1.224615094,Uruguay
2029-01-01,1.105297027,Uruguay
2030-01-01,1.056557899,Uruguay
2021-01-01,5.615610942,Uzbekistan
2022-01-01,5.719643606,Uzbekistan
2023-01-01,5.802616264,Uzbekistan
2024-01-01,5.864353666,Uzbekistan
2025-01-01,5.378683659,Uzbekistan
2026-01-01,5.482716323,Uzbekistan
2027-01-01,5.565688981,Uzbekistan
2028-01-01,5.627426383,Uzbekistan
2029-01-01,5.141756375,Uzbekistan
2030-01-01,5.24578904,Uzbekistan
2021-01-01,2.080574775,Vanuatu
2022-01-01,1.818615657,Vanuatu
2023-01-01,1.54794971,Vanuatu
2024-01-01,1.268862702,Vanuatu
2025-01-01,1.940126302,Vanuatu
2026-01-01,1.678167183,Vanuatu
2027-01-01,1.407501237,Vanuatu
2028-01-01,1.128414228,Vanuatu
2029-01-01,1.799677828,Vanuatu
2030-01-01,1.537718709,Vanuatu
2021-01-01,-2.190146496,"Venezuela, RB"
2022-01-01,-0.268332795,"Venezuela, RB"
2023-01-01,1.709153451,"Venezuela, RB"
2024-01-01,3.739698726,"Venezuela, RB"
2025-01-01,-2.868913122,"Venezuela, RB"
2026-01-01,-0.947099421,"Venezuela, RB"
2027-01-01,1.030386826,"Venezuela, RB"
2028-01-01,3.0609321,"Venezuela, RB"
2029-01-01,-3.547679747,"Venezuela, RB"
2030-01-01,-1.625866047,"Venezuela, RB"
2021-01-01,5.845699517,Vietnam
2022-01-01,5.731284161,Vietnam
2023-01-01,5.525923681,Vietnam
2024-01-01,5.229792144,Vietnam
2025-01-01,5.612309007,Vietnam
2026-01-01,5.497893652,Vietnam
2027-01-01,5.292533172,Vietnam
2028-01-01,4.996401634,Vietnam
2029-01-01,5.378918498,Vietnam
2030-01-01,5.264503142,Vietnam
2021-01-01,-3.429220022,Virgin Islands (U.S.)
2022-01-01,-4.109521474,Virgin Islands (U.S.)
2023-01-01,-4.827370092,Virgin Islands (U.S.)
2024-01-01,-5.582226581,Virgin Islands (U.S.)
2025-01-01,-4.539998374,Virgin Islands (U.S.)
2026-01-01,-5.220299826,Virgin Islands (U.S.)
2027-01-01,-5.938148444,Virgin Islands (U.S.)
2028-01-01,-6.693004933,Virgin Islands (U.S.)
2029-01-01,-5.650776726,Virgin Islands (U.S.)
2030-01-01,-6.331078178,Virgin Islands (U.S.)
2021-01-01,-2.384126043,West Bank and Gaza
2022-01-01,-0.673916489,West Bank and Gaza
2023-01-01,1.068993905,West Bank and Gaza
2024-01-01,2.842116209,West Bank and Gaza
2025-01-01,-3.568479108,West Bank and Gaza
2026-01-01,-1.858269553,West Bank and Gaza
2027-01-01,-0.115359159,West Bank and Gaza
2028-01-01,1.657763144,West Bank and Gaza
2029-01-01,-4.752832172,West Bank and Gaza
2030-01-01,-3.042622618,West Bank and Gaza
2021-01-01,1.780703492,World
2022-01-01,1.625694637,World
2023-01-01,1.457444417,World
2024-01-01,1.276039644,World
2025-01-01,1.392747275,World
2026-01-01,1.237738419,World
2027-01-01,1.0694882,World
2028-01-01,0.888083426,World
2029-01-01,1.004791057,World
2030-01-01,0.849782202,World
2021-01-01,-6.995534728,"Yemen, Rep."
2022-01-01,-9.663302543,"Yemen, Rep."
2023-01-01,-12.24929083,"Yemen, Rep."
2024-01-01,-14.75130783,"Yemen, Rep."
2025-01-01,-10.21622482,"Yemen, Rep."
2026-01-01,-12.88399263,"Yemen, Rep."
2027-01-01,-15.46998092,"Yemen, Rep."
2028-01-01,-17.97199791,"Yemen, Rep."
2029-01-01,-13.4369149,"Yemen, Rep."
2030-01-01,-16.10468272,"Yemen, Rep."
2021-01-01,2.547906,Zambia
2022-01-01,2.011534091,Zambia
2023-01-01,1.457537825,Zambia
2024-01-01,0.886210346,Zambia
2025-01-01,1.287030527,Zambia
2026-01-01,0.750658618,Zambia
2027-01-01,0.196662353,Zambia
2028-01-01,-0.374665126,Zambia
2029-01-01,0.026155055,Zambia
2030-01-01,-0.510216854,Zambia
2021-01-01,9.452229165,Zimbabwe
2022-01-01,7.252100176,Zimbabwe
2023-01-01,5.053593701,Zimbabwe
2024-01-01,2.860006623,Zimbabwe
2025-01-01,11.4903557,Zimbabwe
2026-01-01,9.290226714,Zimbabwe
2027-01-01,7.091720238,Zimbabwe
2028-01-01,4.898133161,Zimbabwe
2029-01-01,13.52848224,Zimbabwe
2030-01-01,11.32835325,Zimbabwe