time,GDP (US$),Country
2021-01-01,24665016842,Afghanistan
2022-01-01,24665016842,Afghanistan
2023-01-01,24665016842,Afghanistan
2024-01-01,24665016842,Afghanistan
2025-01-01,24665016842,Afghanistan
2026-01-01,24665016842,Afghanistan
2027-01-01,24665016842,Afghanistan
2028-01-01,24665016842,Afghanistan
2029-01-01,24665016842,Afghanistan
2030-01-01,24665016842,Afghanistan
2021-01-01,24665016842,Africa Eastern and Southern
2022-01-01,24665016842,Africa Eastern and Southern
2023-01-01,24665016842,Africa Eastern and Southern
2024-01-01,1.25E+12,Africa Eastern and Southern
2025-01-01,1.32E+12,Africa Eastern and Southern
2026-01-01,1.36E+12,Africa Eastern and Southern
2027-01-01,1.39E+12,Africa Eastern and Southern
2028-01-01,1.42E+12,Africa Eastern and Southern
2029-01-01,1.49E+12,Africa Eastern and Southern
2030-01-01,1.52E+12,Africa Eastern and Southern
2021-01-01,9.35E+11,Africa Western and Central
2022-01-01,9.75E+11,Africa Western and Central
2023-01-01,1.01E+12,Africa Western and Central
2024-01-01,1.05E+12,Africa Western and Central
2025-01-01,1.08E+12,Africa Western and Central
2026-01-01,1.12E+12,Africa Western and Central
2027-01-01,1.16E+12,Africa Western and Central
2028-01-01,1.19E+12,Africa Western and Central
2029-01-01,1.23E+12,Africa Western and Central
2030-01-01,1.27E+12,Africa Western and Central
2021-01-01,16250031968,Albania
2022-01-01,16862332925,Albania
2023-01-01,17462196946,Albania
2024-01-01,18049529028,Albania
2025-01-01,18330448650,Albania
2026-01-01,18942749607,Albania
2027-01-01,19542613627,Albania
2028-01-01,20129945710,Albania
2029-01-01,20410865331,Albania
2030-01-01,21023166288,Albania
2021-01-01,2.13E+11,Algeria
2022-01-01,2.19E+11,Algeria
2023-01-01,2.25E+11,Algeria
2024-01-01,2.31E+11,Algeria
2025-01-01,2.38E+11,Algeria
2026-01-01,2.44E+11,Algeria
2027-01-01,2.50E+11,Algeria
2028-01-01,2.56E+11,Algeria
2029-01-01,2.63E+11,Algeria
2030-01-01,2.70E+11,Algeria
2021-01-01,699749931.3,American Samoa
2022-01-01,701679529.4,American Samoa
2023-01-01,711787396.4,American Samoa
2024-01-01,730073471.7,American Samoa
2025-01-01,740433133.9,American Samoa
2026-01-01,742362732,American Samoa
2027-01-01,752470598.9,American Samoa
2028-01-01,770756674.3,American Samoa
2029-01-01,781116336.4,American Samoa
2030-01-01,783045934.6,American Samoa
2021-01-01,3382642196,Andorra
2022-01-01,3525310366,Andorra
2023-01-01,3668479913,Andorra
2024-01-01,3812025316,Andorra
2025-01-01,3542881720,Andorra
2026-01-01,3685549890,Andorra
2027-01-01,3828719437,Andorra
2028-01-01,3972264840,Andorra
2029-01-01,3703121244,Andorra
2030-01-01,3845789414,Andorra
2021-01-01,1.41E+11,Angola
2022-01-01,1.43E+11,Angola
2023-01-01,1.45E+11,Angola
2024-01-01,1.47E+11,Angola
2025-01-01,1.63E+11,Angola
2026-01-01,1.65E+11,Angola
2027-01-01,1.67E+11,Angola
2028-01-01,1.68E+11,Angola
2029-01-01,1.85E+11,Angola
2030-01-01,1.87E+11,Angola
2021-01-01,1583811228,Antigua and Barbuda
2022-01-01,1636089611,Antigua and Barbuda
2023-01-01,1680898203,Antigua and Barbuda
2024-01-01,1718226126,Antigua and Barbuda
2025-01-01,1729928680,Antigua and Barbuda
2026-01-01,1782207062,Antigua and Barbuda
2027-01-01,1827015655,Antigua and Barbuda
2028-01-01,1864343578,Antigua and Barbuda
2029-01-01,1876046132,Antigua and Barbuda
2030-01-01,1928324514,Antigua and Barbuda
2021-01-01,3.19E+12,Arab World
2022-01-01,3.30E+12,Arab World
2023-01-01,3.41E+12,Arab World
2024-01-01,3.51E+12,Arab World
2025-01-01,3.65E+12,Arab World
2026-01-01,3.76E+12,Arab World
2027-01-01,3.87E+12,Arab World
2028-01-01,3.98E+12,Arab World
2029-01-01,4.12E+12,Arab World
2030-01-01,4.23E+12,Arab World
2021-01-01,6.69E+11,Argentina
2022-01-01,6.72E+11,Argentina
2023-01-01,6.77E+11,Argentina
2024-01-01,6.83E+11,Argentina
2025-01-01,7.64E+11,Argentina
2026-01-01,7.67E+11,Argentina
2027-01-01,7.72E+11,Argentina
2028-01-01,7.79E+11,Argentina
2029-01-01,8.60E+11,Argentina
2030-01-01,8.63E+11,Argentina
2021-01-01,14470303265,Armenia
2022-01-01,15216561956,Armenia
2023-01-01,15945840765,Armenia
2024-01-01,16657937663,Armenia
2025-01-01,16730680836,Armenia
2026-01-01,17476939527,Armenia
2027-01-01,18206218335,Armenia
2028-01-01,18918315234,Armenia
2029-01-01,18991058406,Armenia
2030-01-01,19737317097,Armenia
2021-01-01,3302939415,Aruba
2022-01-01,3373450628,Aruba
2023-01-01,3457874181,Aruba
2024-01-01,3556184774,Aruba
2025-01-01,3569808322,Aruba
2026-01-01,3640319535,Aruba
2027-01-01,3724743088,Aruba
2028-01-01,3823053682,Aruba
2029-01-01,3836677229,Aruba
2030-01-01,3907188442,Aruba
2021-01-01,1.70E+12,Australia
2022-01-01,1.75E+12,Australia
2023-01-01,1.81E+12,Australia
2024-01-01,1.86E+12,Australia
2025-01-01,1.93E+12,Australia
2026-01-01,1.99E+12,Australia
2027-01-01,2.05E+12,Australia
2028-01-01,2.10E+12,Australia
2029-01-01,2.17E+12,Australia
2030-01-01,2.23E+12,Australia
2021-01-01,4.82E+11,Austria
2022-01-01,4.96E+11,Austria
2023-01-01,5.10E+11,Austria
2024-01-01,5.24E+11,Austria
2025-01-01,5.25E+11,Austria
2026-01-01,5.40E+11,Austria
2027-01-01,5.53E+11,Austria
2028-01-01,5.67E+11,Austria
2029-01-01,5.68E+11,Austria
2030-01-01,5.83E+11,Austria
2021-01-01,68915176190,Azerbaijan
2022-01-01,70887583113,Azerbaijan
2023-01-01,72758603390,Azerbaijan
2024-01-01,74529201275,Azerbaijan
2025-01-01,79566720330,Azerbaijan
2026-01-01,81539127253,Azerbaijan
2027-01-01,83410147530,Azerbaijan
2028-01-01,85180745415,Azerbaijan
2029-01-01,90218264470,Azerbaijan
2030-01-01,92190671393,Azerbaijan
2021-01-01,12887620089,"Bahamas, The"
2022-01-01,13241639320,"Bahamas, The"
2023-01-01,13410071454,"Bahamas, The"
2024-01-01,13392959808,"Bahamas, The"
2025-01-01,13751935225,"Bahamas, The"
2026-01-01,14105954456,"Bahamas, The"
2027-01-01,14274386589,"Bahamas, The"
2028-01-01,14257274944,"Bahamas, The"
2029-01-01,14616250361,"Bahamas, The"
2030-01-01,14970269592,"Bahamas, The"
2021-01-01,42730861073,Bahrain
2022-01-01,44238897631,Bahrain
2023-01-01,45904808287,Bahrain
2024-01-01,47728520005,Bahrain
2025-01-01,49020976811,Bahrain
2026-01-01,50529013369,Bahrain
2027-01-01,52194924025,Bahrain
2028-01-01,54018635743,Bahrain
2029-01-01,55311092549,Bahrain
2030-01-01,56819129107,Bahrain
2021-01-01,2.94E+11,Bangladesh
2022-01-01,3.08E+11,Bangladesh
2023-01-01,3.23E+11,Bangladesh
2024-01-01,3.37E+11,Bangladesh
2025-01-01,3.51E+11,Bangladesh
2026-01-01,3.65E+11,Bangladesh
2027-01-01,3.79E+11,Bangladesh
2028-01-01,3.93E+11,Bangladesh
2029-01-01,4.07E+11,Bangladesh
2030-01-01,4.22E+11,Bangladesh
2021-01-01,5351053008,Barbados
2022-01-01,5462117296,Barbados
2023-01-01,5540924087,Barbados
2024-01-01,5587488736,Barbados
2025-01-01,5727028487,Barbados
2026-01-01,5838092776,Barbados
2027-01-01,5916899566,Barbados
2028-01-01,5963464216,Barbados
2029-01-01,6103003967,Barbados
2030-01-01,6214068255,Barbados
2021-01-01,77710623764,Belarus
2022-01-01,79815311576,Belarus
2023-01-01,81812296000,Belarus
2024-01-01,83702408866,Belarus
2025-01-01,88383507235,Belarus
2026-01-01,90488195046,Belarus
2027-01-01,92485179470,Belarus
2028-01-01,94375292336,Belarus
2029-01-01,99056390705,Belarus
2030-01-01,1.01E+11,Belarus
2021-01-01,5.80E+11,Belgium
2022-01-01,5.97E+11,Belgium
2023-01-01,6.13E+11,Belgium
2024-01-01,6.29E+11,Belgium
2025-01-01,6.31E+11,Belgium
2026-01-01,6.48E+11,Belgium
2027-01-01,6.64E+11,Belgium
2028-01-01,6.80E+11,Belgium
2029-01-01,6.82E+11,Belgium
2030-01-01,6.99E+11,Belgium
2021-01-01,2037995544,Belize
2022-01-01,2111527080,Belize
2023-01-01,2163106121,Belize
2024-01-01,2192737118,Belize
2025-01-01,2267951463,Belize
2026-01-01,2341482999,Belize
2027-01-01,2393062040,Belize
2028-01-01,2422693037,Belize
2029-01-01,2497907382,Belize
2030-01-01,2571438917,Belize
2021-01-01,15988319548,Benin
2022-01-01,16520665549,Benin
2023-01-01,17118422404,Benin
2024-01-01,17781585328,Benin
2025-01-01,18303926239,Benin
2026-01-01,18836272241,Benin
2027-01-01,19434029096,Benin
2028-01-01,20097192020,Benin
2029-01-01,20619532930,Benin
2030-01-01,21151878932,Benin
2021-01-01,7926461515,Bermuda
2022-01-01,8189031364,Bermuda
2023-01-01,8444343159,Bermuda
2024-01-01,8692305132,Bermuda
2025-01-01,8642671577,Bermuda
2026-01-01,8905241426,Bermuda
2027-01-01,9160553222,Bermuda
2028-01-01,9408515194,Bermuda
2029-01-01,9358881639,Bermuda
2030-01-01,9621451488,Bermuda
2021-01-01,2757994022,Bhutan
2022-01-01,2891804501,Bhutan
2023-01-01,3001235773,Bhutan
2024-01-01,3086292601,Bhutan
2025-01-01,3230407568,Bhutan
2026-01-01,3364218046,Bhutan
2027-01-01,3473649318,Bhutan
2028-01-01,3558706147,Bhutan
2029-01-01,3702821113,Bhutan
2030-01-01,3836631592,Bhutan
2021-01-01,45148070536,Bolivia
2022-01-01,46678584327,Bolivia
2023-01-01,48011689582,Bolivia
2024-01-01,49148231410,Bolivia
2025-01-01,53268281252,Bolivia
2026-01-01,54798795043,Bolivia
2027-01-01,56131900298,Bolivia
2028-01-01,57268442126,Bolivia
2029-01-01,61388491968,Bolivia
2030-01-01,62919005759,Bolivia
2021-01-01,22023982966,Bosnia and Herzegovina
2022-01-01,22875473800,Bosnia and Herzegovina
2023-01-01,23719464056,Bosnia and Herzegovina
2024-01-01,24555722418,Bosnia and Herzegovina
2025-01-01,24637565777,Bosnia and Herzegovina
2026-01-01,25489056612,Bosnia and Herzegovina
2027-01-01,26333046867,Bosnia and Herzegovina
2028-01-01,27169305229,Bosnia and Herzegovina
2029-01-01,27251148588,Bosnia and Herzegovina
2030-01-01,28102639423,Bosnia and Herzegovina
2021-01-01,19648793644,Botswana
2022-01-01,20381593934,Botswana
2023-01-01,20911383780,Botswana
2024-01-01,21238310116,Botswana
2025-01-01,22271135814,Botswana
2026-01-01,23003936104,Botswana
2027-01-01,23533725950,Botswana
2028-01-01,23860652286,Botswana
2029-01-01,24893477984,Botswana
2030-01-01,25626278274,Botswana
2021-01-01,2.58E+12,Brazil
2022-01-01,2.61E+12,Brazil
2023-01-01,2.63E+12,Brazil
2024-01-01,2.65E+12,Brazil
2025-01-01,2.91E+12,Brazil
2026-01-01,2.94E+12,Brazil
2027-01-01,2.97E+12,Brazil
2028-01-01,2.99E+12,Brazil
2029-01-01,3.25E+12,Brazil
2030-01-01,3.28E+12,Brazil
2021-01-01,16142385473,Brunei Darussalam
2022-01-01,16737055972,Brunei Darussalam
2023-01-01,17296477845,Brunei Darussalam
2024-01-01,17820446012,Brunei Darussalam
2025-01-01,17703911191,Brunei Darussalam
2026-01-01,18298581690,Brunei Darussalam
2027-01-01,18858003563,Brunei Darussalam
2028-01-01,19381971730,Brunei Darussalam
2029-01-01,19265436909,Brunei Darussalam
2030-01-01,19860107408,Brunei Darussalam
2021-01-01,73744971656,Bulgaria
2022-01-01,76892337327,Bulgaria
2023-01-01,80060708768,Bulgaria
2024-01-01,83249440286,Bulgaria
2025-01-01,84329508534,Bulgaria
2026-01-01,87476874206,Bulgaria
2027-01-01,90645245647,Bulgaria
2028-01-01,93833977165,Bulgaria
2029-01-01,94914045413,Bulgaria
2030-01-01,98061411085,Bulgaria
2021-01-01,17928530891,Burkina Faso
2022-01-01,18584918936,Burkina Faso
2023-01-01,19304124919,Burkina Faso
2024-01-01,20086172333,Burkina Faso
2025-01-01,20810667421,Burkina Faso
2026-01-01,21467055467,Burkina Faso
2027-01-01,22186261450,Burkina Faso
2028-01-01,22968308864,Burkina Faso
2029-01-01,23692803952,Burkina Faso
2030-01-01,24349191998,Burkina Faso
2021-01-01,3675336542,Burundi
2022-01-01,3783781831,Burundi
2023-01-01,3896816312,Burundi
2024-01-01,4014484105,Burundi
2025-01-01,4275389754,Burundi
2026-01-01,4383835042,Burundi
2027-01-01,4496869523,Burundi
2028-01-01,4614537317,Burundi
2029-01-01,4875442965,Burundi
2030-01-01,4983888254,Burundi
2021-01-01,2169990954,Cabo Verde
2022-01-01,2241705546,Cabo Verde
2023-01-01,2309986284,Cabo Verde
2024-01-01,2374830056,Cabo Verde
2025-01-01,2434397774,Cabo Verde
2026-01-01,2506112366,Cabo Verde
2027-01-01,2574393104,Cabo Verde
2028-01-01,2639236876,Cabo Verde
2029-01-01,2698804594,Cabo Verde
2030-01-01,2770519186,Cabo Verde
2021-01-01,28186943706,Cambodia
2022-01-01,29843669980,Cambodia
2023-01-01,31307915821,Cambodia
2024-01-01,32579727760,Cambodia
2025-01-01,34410123803,Cambodia
2026-01-01,36066850077,Cambodia
2027-01-01,37531095918,Cambodia
2028-01-01,38802907857,Cambodia
2029-01-01,40633303900,Cambodia
2030-01-01,42290030174,Cambodia
2021-01-01,42536778460,Cameroon
2022-01-01,44059217857,Cameroon
2023-01-01,45587414650,Cameroon
2024-01-01,47121380849,Cameroon
2025-01-01,48565532730,Cameroon
2026-01-01,50087972126,Cameroon
2027-01-01,51616168919,Cameroon
2028-01-01,53150135118,Cameroon
2029-01-01,54594286999,Cameroon
2030-01-01,56116726395,Cameroon
2021-01-01,1.96E+12,Canada
2022-01-01,2.02E+12,Canada
2023-01-01,2.07E+12,Canada
2024-01-01,2.12E+12,Canada
2025-01-01,2.16E+12,Canada
2026-01-01,2.22E+12,Canada
2027-01-01,2.27E+12,Canada
2028-01-01,2.32E+12,Canada
2029-01-01,2.36E+12,Canada
2030-01-01,2.41E+12,Canada
2021-01-01,82884100018,Caribbean small states
2022-01-01,85599746740,Caribbean small states
2023-01-01,87961989029,Caribbean small states
2024-01-01,89970435041,Caribbean small states
2025-01-01,91080686450,Caribbean small states
2026-01-01,93796333172,Caribbean small states
2027-01-01,96158575461,Caribbean small states
2028-01-01,98167021473,Caribbean small states
2029-01-01,99277272882,Caribbean small states
2030-01-01,1.02E+11,Caribbean small states
2021-01-01,5488250421,Cayman Islands
2022-01-01,5671518100,Cayman Islands
2023-01-01,5815367211,Cayman Islands
2024-01-01,5919747680,Cayman Islands
2025-01-01,5911651244,Cayman Islands
2026-01-01,6094918923,Cayman Islands
2027-01-01,6238768034,Cayman Islands
2028-01-01,6343148503,Cayman Islands
2029-01-01,6335052067,Cayman Islands
2030-01-01,6518319746,Cayman Islands
2021-01-01,2336280105,Central African Republic
2022-01-01,2453867869,Central African Republic
2023-01-01,2571788438,Central African Republic
2024-01-01,2689971414,Central African Republic
2025-01-01,2575810303,Central African Republic
2026-01-01,2693398067,Central African Republic
2027-01-01,2811318636,Central African Republic
2028-01-01,2929501612,Central African Republic
2029-01-01,2815340501,Central African Republic
2030-01-01,2932928265,Central African Republic
2021-01-01,1.78E+12,Central Europe and the Baltics
2022-01-01,1.85E+12,Central Europe and the Baltics
2023-01-01,1.92E+12,Central Europe and the Baltics
2024-01-01,1.99E+12,Central Europe and the Baltics
2025-01-01,2.00E+12,Central Europe and the Baltics
2026-01-01,2.07E+12,Central Europe and the Baltics
2027-01-01,2.15E+12,Central Europe and the Baltics
2028-01-01,2.22E+12,Central Europe and the Baltics
2029-01-01,2.22E+12,Central Europe and the Baltics
2030-01-01,2.30E+12,Central Europe and the Baltics
2021-01-01,14185670121,Chad
2022-01-01,14627518557,Chad
2023-01-01,15044571830,Chad
2024-01-01,15436919307,Chad
2025-01-01,16142291860,Chad
2026-01-01,16584140297,Chad
2027-01-01,17001193569,Chad
2028-01-01,17393541046,Chad
2029-01-01,18098913600,Chad
2030-01-01,18540762036,Chad
2021-01-01,22227159424,Channel Islands
2022-01-01,23125603725,Channel Islands
2023-01-01,24059658239,Channel Islands
2024-01-01,25029159960,Channel Islands
2025-01-01,25510097359,Channel Islands
2026-01-01,26408541660,Channel Islands
2027-01-01,27342596174,Channel Islands
2028-01-01,28312097895,Channel Islands
2029-01-01,28793035294,Channel Islands
2030-01-01,29691479595,Channel Islands
2021-01-01,3.36E+11,Chile
2022-01-01,3.45E+11,Chile
2023-01-01,3.53E+11,Chile
2024-01-01,3.60E+11,Chile
2025-01-01,3.86E+11,Chile
2026-01-01,3.95E+11,Chile
2027-01-01,4.03E+11,Chile
2028-01-01,4.10E+11,Chile
2029-01-01,4.35E+11,Chile
2030-01-01,4.44E+11,Chile
2021-01-01,1.61E+13,China
2022-01-01,1.70E+13,China
2023-01-01,1.78E+13,China
2024-01-01,1.85E+13,China
2025-01-01,1.96E+13,China
2026-01-01,2.05E+13,China
2027-01-01,2.13E+13,China
2028-01-01,2.20E+13,China
2029-01-01,2.30E+13,China
2030-01-01,2.40E+13,China
2021-01-01,4.07E+11,Colombia
2022-01-01,4.14E+11,Colombia
2023-01-01,4.21E+11,Colombia
2024-01-01,4.27E+11,Colombia
2025-01-01,4.63E+11,Colombia
2026-01-01,4.70E+11,Colombia
2027-01-01,4.77E+11,Colombia
2028-01-01,4.83E+11,Colombia
2029-01-01,5.19E+11,Colombia
2030-01-01,5.26E+11,Colombia
2021-01-01,1312975668,Comoros
2022-01-01,1353878780,Comoros
2023-01-01,1396563332,Comoros
2024-01-01,1441027225,Comoros
2025-01-01,1475152027,Comoros
2026-01-01,1516055140,Comoros
2027-01-01,1558739692,Comoros
2028-01-01,1603203585,Comoros
2029-01-01,1637328387,Comoros
2030-01-01,1678231500,Comoros
2021-01-01,51751346915,"Congo, Dem. Rep."
2022-01-01,55227877747,"Congo, Dem. Rep."
2023-01-01,57955868141,"Congo, Dem. Rep."
2024-01-01,59935154629,"Congo, Dem. Rep."
2025-01-01,62116209382,"Congo, Dem. Rep."
2026-01-01,65592740214,"Congo, Dem. Rep."
2027-01-01,68320730608,"Congo, Dem. Rep."
2028-01-01,70300017095,"Congo, Dem. Rep."
2029-01-01,72481071849,"Congo, Dem. Rep."
2030-01-01,75957602681,"Congo, Dem. Rep."
2021-01-01,16894974971,"Congo, Rep."
2022-01-01,17267512166,"Congo, Rep."
2023-01-01,17610650745,"Congo, Rep."
2024-01-01,17924672440,"Congo, Rep."
2025-01-01,19179694267,"Congo, Rep."
2026-01-01,19552231462,"Congo, Rep."
2027-01-01,19895370041,"Congo, Rep."
2028-01-01,20209391736,"Congo, Rep."
2029-01-01,21464413563,"Congo, Rep."
2030-01-01,21836950758,"Congo, Rep."
2021-01-01,71409141345,Costa Rica
2022-01-01,74212719660,Costa Rica
2023-01-01,76853132252,Costa Rica
2024-01-01,79330746332,Costa Rica
2025-01-01,83328544350,Costa Rica
2026-01-01,86132122665,Costa Rica
2027-01-01,88772535258,Costa Rica
2028-01-01,91250149337,Costa Rica
2029-01-01,95247947356,Costa Rica
2030-01-01,98051525671,Costa Rica
2021-01-01,59247433721,Cote d'Ivoire
2022-01-01,62120581445,Cote d'Ivoire
2023-01-01,64953549091,Cote d'Ivoire
2024-01-01,67746136036,Cote d'Ivoire
2025-01-01,69984006246,Cote d'Ivoire
2026-01-01,72857153970,Cote d'Ivoire
2027-01-01,75690121617,Cote d'Ivoire
2028-01-01,78482708561,Cote d'Ivoire
2029-01-01,80720578771,Cote d'Ivoire
2030-01-01,83593726495,Cote d'Ivoire
2021-01-01,64396079090,Croatia
2022-01-01,66557331808,Croatia
2023-01-01,68666219172,Croatia
2024-01-01,70721735125,Croatia
2025-01-01,69532792069,Croatia
2026-01-01,71694044786,Croatia
2027-01-01,73802932150,Croatia
2028-01-01,75858448104,Croatia
2029-01-01,74669505047,Croatia
2030-01-01,76830757765,Croatia
2021-01-01,1.11E+11,Cuba
2022-01-01,1.16E+11,Cuba
2023-01-01,1.20E+11,Cuba
2024-01-01,1.24E+11,Cuba
2025-01-01,1.28E+11,Cuba
2026-01-01,1.32E+11,Cuba
2027-01-01,1.36E+11,Cuba
2028-01-01,1.40E+11,Cuba
2029-01-01,1.44E+11,Cuba
2030-01-01,1.49E+11,Cuba
2021-01-01,3031736811,Curacao
2022-01-01,3043034744,Curacao
2023-01-01,3016914409,Curacao
2024-01-01,2953544261,Curacao
2025-01-01,2946863511,Curacao
2026-01-01,2958161444,Curacao
2027-01-01,2932041108,Curacao
2028-01-01,2868670961,Curacao
2029-01-01,2861990210,Curacao
2030-01-01,2873288143,Curacao
2021-01-01,26540464165,Cyprus
2022-01-01,27466762251,Cyprus
2023-01-01,28380318162,Cyprus
2024-01-01,29280654882,Cyprus
2025-01-01,28631658858,Cyprus
2026-01-01,29557956943,Cyprus
2027-01-01,30471512854,Cyprus
2028-01-01,31371849574,Cyprus
2029-01-01,30722853550,Cyprus
2030-01-01,31649151636,Cyprus
2021-01-01,2.65E+11,Czech Republic
2022-01-01,2.76E+11,Czech Republic
2023-01-01,2.87E+11,Czech Republic
2024-01-01,2.98E+11,Czech Republic
2025-01-01,2.97E+11,Czech Republic
2026-01-01,3.08E+11,Czech Republic
2027-01-01,3.19E+11,Czech Republic
2028-01-01,3.30E+11,Czech Republic
2029-01-01,3.29E+11,Czech Republic
2030-01-01,3.40E+11,Czech Republic
2021-01-01,3.80E+11,Denmark
2022-01-01,3.91E+11,Denmark
2023-01-01,4.02E+11,Denmark
2024-01-01,4.13E+11,Denmark
2025-01-01,4.11E+11,Denmark
2026-01-01,4.22E+11,Denmark
2027-01-01,4.34E+11,Denmark
2028-01-01,4.45E+11,Denmark
2029-01-01,4.42E+11,Denmark
2030-01-01,4.54E+11,Denmark
2021-01-01,3374189072,Djibouti
2022-01-01,3503386081,Djibouti
2023-01-01,3631408798,Djibouti
2024-01-01,3758298639,Djibouti
2025-01-01,4024732362,Djibouti
2026-01-01,4153929372,Djibouti
2027-01-01,4281952089,Djibouti
2028-01-01,4408841930,Djibouti
2029-01-01,4675275653,Djibouti
2030-01-01,4804472662,Djibouti
2021-01-01,591392497.1,Dominica
2022-01-01,605629683,Dominica
2023-01-01,616202256.2,Dominica
2024-01-01,623111871.9,Dominica
2025-01-01,640388989.1,Dominica
2026-01-01,654626175,Dominica
2027-01-01,665198748.1,Dominica
2028-01-01,672108363.8,Dominica
2029-01-01,689385481.1,Dominica
2030-01-01,703622666.9,Dominica
2021-01-01,94667450099,Dominican Republic
2022-01-01,97844044353,Dominican Republic
2023-01-01,1.00E+11,Dominican Republic
2024-01-01,1.01E+11,Dominican Republic
2025-01-01,1.09E+11,Dominican Republic
2026-01-01,1.12E+11,Dominican Republic
2027-01-01,1.15E+11,Dominican Republic
2028-01-01,1.16E+11,Dominican Republic
2029-01-01,1.24E+11,Dominican Republic
2030-01-01,1.27E+11,Dominican Republic
2021-01-01,1.31E+13,Early-demographic dividend
2022-01-01,1.36E+13,Early-demographic dividend
2023-01-01,1.40E+13,Early-demographic dividend
2024-01-01,1.43E+13,Early-demographic dividend
2025-01-01,1.51E+13,Early-demographic dividend
2026-01-01,1.55E+13,Early-demographic dividend
2027-01-01,1.59E+13,Early-demographic dividend
2028-01-01,1.62E+13,Early-demographic dividend
2029-01-01,1.70E+13,Early-demographic dividend
2030-01-01,1.74E+13,Early-demographic dividend
2021-01-01,2.93E+13,East Asia & Pacific
2022-01-01,3.05E+13,East Asia & Pacific
2023-01-01,3.15E+13,East Asia & Pacific
2024-01-01,3.26E+13,East Asia & Pacific
2025-01-01,3.38E+13,East Asia & Pacific
2026-01-01,3.50E+13,East Asia & Pacific
2027-01-01,3.61E+13,East Asia & Pacific
2028-01-01,3.71E+13,East Asia & Pacific
2029-01-01,3.84E+13,East Asia & Pacific
2030-01-01,3.95E+13,East Asia & Pacific
2021-01-01,1.90E+13,East Asia & Pacific (IDA & IBRD countries)
2022-01-01,2.00E+13,East Asia & Pacific (IDA & IBRD countries)
2023-01-01,2.09E+13,East Asia & Pacific (IDA & IBRD countries)
2024-01-01,2.17E+13,East Asia & Pacific (IDA & IBRD countries)
2025-01-01,2.29E+13,East Asia & Pacific (IDA & IBRD countries)
2026-01-01,2.40E+13,East Asia & Pacific (IDA & IBRD countries)
2027-01-01,2.48E+13,East Asia & Pacific (IDA & IBRD countries)
2028-01-01,2.56E+13,East Asia & Pacific (IDA & IBRD countries)
2029-01-01,2.69E+13,East Asia & Pacific (IDA & IBRD countries)
2030-01-01,2.79E+13,East Asia & Pacific (IDA & IBRD countries)
2021-01-01,1.90E+13,East Asia & Pacific (excluding high income)
2022-01-01,2.01E+13,East Asia & Pacific (excluding high income)
2023-01-01,2.10E+13,East Asia & Pacific (excluding high income)
2024-01-01,2.17E+13,East Asia & Pacific (excluding high income)
2025-01-01,2.30E+13,East Asia & Pacific (excluding high income)
2026-01-01,2.40E+13,East Asia & Pacific (excluding high income)
2027-01-01,2.49E+13,East Asia & Pacific (excluding high income)
2028-01-01,2.57E+13,East Asia & Pacific (excluding high income)
2029-01-01,2.69E+13,East Asia & Pacific (excluding high income)
2030-01-01,2.79E+13,East Asia & Pacific (excluding high income)
2021-01-01,1.25E+11,Ecuador
2022-01-01,1.29E+11,Ecuador
2023-01-01,1.33E+11,Ecuador
2024-01-01,1.36E+11,Ecuador
2025-01-01,1.45E+11,Ecuador
2026-01-01,1.49E+11,Ecuador
2027-01-01,1.53E+11,Ecuador
2028-01-01,1.56E+11,Ecuador
2029-01-01,1.65E+11,Ecuador
2030-01-01,1.69E+11,Ecuador
2021-01-01,3.56E+11,"Egypt, Arab Rep."
2022-01-01,3.76E+11,"Egypt, Arab Rep."
2023-01-01,3.97E+11,"Egypt, Arab Rep."
2024-01-01,4.19E+11,"Egypt, Arab Rep."
2025-01-01,4.16E+11,"Egypt, Arab Rep."
2026-01-01,4.36E+11,"Egypt, Arab Rep."
2027-01-01,4.57E+11,"Egypt, Arab Rep."
2028-01-01,4.79E+11,"Egypt, Arab Rep."
2029-01-01,4.75E+11,"Egypt, Arab Rep."
2030-01-01,4.95E+11,"Egypt, Arab Rep."
2021-01-01,27869976740,El Salvador
2022-01-01,28821878527,El Salvador
2023-01-01,29544817502,El Salvador
2024-01-01,30038803238,El Salvador
2025-01-01,31054509716,El Salvador
2026-01-01,32006411503,El Salvador
2027-01-01,32729350478,El Salvador
2028-01-01,33223336214,El Salvador
2029-01-01,34239042692,El Salvador
2030-01-01,35190944479,El Salvador
2021-01-01,18604754176,Equatorial Guinea
2022-01-01,19101477399,Equatorial Guinea
2023-01-01,19596974800,Equatorial Guinea
2024-01-01,20091341492,Equatorial Guinea
2025-01-01,20896832208,Equatorial Guinea
2026-01-01,21393555431,Equatorial Guinea
2027-01-01,21889052832,Equatorial Guinea
2028-01-01,22383419524,Equatorial Guinea
2029-01-01,23188910240,Equatorial Guinea
2030-01-01,23685633463,Equatorial Guinea
2021-01-01,3212395441,Eritrea
2022-01-01,3296739819,Eritrea
2023-01-01,3399065013,Eritrea
2024-01-01,3519395993,Eritrea
2025-01-01,3718689752,Eritrea
2026-01-01,3803034131,Eritrea
2027-01-01,3905359324,Eritrea
2028-01-01,4025690304,Eritrea
2029-01-01,4224984064,Eritrea
2030-01-01,4309328442,Eritrea
2021-01-01,32593960320,Estonia
2022-01-01,34191823622,Estonia
2023-01-01,35696736166,Estonia
2024-01-01,37108287975,Estonia
2025-01-01,37283019387,Estonia
2026-01-01,38880882689,Estonia
2027-01-01,40385795233,Estonia
2028-01-01,41797347042,Estonia
2029-01-01,41972078454,Estonia
2030-01-01,43569941756,Estonia
2021-01-01,5210004281,Eswatini
2022-01-01,5326114077,Eswatini
2023-01-01,5426907516,Eswatini
2024-01-01,5512434047,Eswatini
2025-01-01,5778081117,Eswatini
2026-01-01,5894190914,Eswatini
2027-01-01,5994984352,Eswatini
2028-01-01,6080510883,Eswatini
2029-01-01,6346157954,Eswatini
2030-01-01,6462267751,Eswatini
2021-01-01,98179243028,Ethiopia
2022-01-01,1.03E+11,Ethiopia
2023-01-01,1.08E+11,Ethiopia
2024-01-01,1.14E+11,Ethiopia
2025-01-01,1.19E+11,Ethiopia
2026-01-01,1.24E+11,Ethiopia
2027-01-01,1.29E+11,Ethiopia
2028-01-01,1.35E+11,Ethiopia
2029-01-01,1.40E+11,Ethiopia
2030-01-01,1.45E+11,Ethiopia
2021-01-01,1.43E+13,Euro area
2022-01-01,1.47E+13,Euro area
2023-01-01,1.51E+13,Euro area
2024-01-01,1.55E+13,Euro area
2025-01-01,1.53E+13,Euro area
2026-01-01,1.58E+13,Euro area
2027-01-01,1.62E+13,Euro area
2028-01-01,1.66E+13,Euro area
2029-01-01,1.64E+13,Euro area
2030-01-01,1.68E+13,Euro area
2021-01-01,2.51E+13,Europe & Central Asia
2022-01-01,2.59E+13,Europe & Central Asia
2023-01-01,2.67E+13,Europe & Central Asia
2024-01-01,2.74E+13,Europe & Central Asia
2025-01-01,2.72E+13,Europe & Central Asia
2026-01-01,2.81E+13,Europe & Central Asia
2027-01-01,2.88E+13,Europe & Central Asia
2028-01-01,2.96E+13,Europe & Central Asia
2029-01-01,2.94E+13,Europe & Central Asia
2030-01-01,3.02E+13,Europe & Central Asia
2021-01-01,5.04E+12,Europe & Central Asia (IDA & IBRD countries)
2022-01-01,5.21E+12,Europe & Central Asia (IDA & IBRD countries)
2023-01-01,5.39E+12,Europe & Central Asia (IDA & IBRD countries)
2024-01-01,5.56E+12,Europe & Central Asia (IDA & IBRD countries)
2025-01-01,5.72E+12,Europe & Central Asia (IDA & IBRD countries)
2026-01-01,5.90E+12,Europe & Central Asia (IDA & IBRD countries)
2027-01-01,6.07E+12,Europe & Central Asia (IDA & IBRD countries)
2028-01-01,6.25E+12,Europe & Central Asia (IDA & IBRD countries)
2029-01-01,6.41E+12,Europe & Central Asia (IDA & IBRD countries)
2030-01-01,6.58E+12,Europe & Central Asia (IDA & IBRD countries)
2021-01-01,4.32E+12,Europe & Central Asia (excluding high income)
2022-01-01,4.47E+12,Europe & Central Asia (excluding high income)
2023-01-01,4.62E+12,Europe & Central Asia (excluding high income)
2024-01-01,4.77E+12,Europe & Central Asia (excluding high income)
2025-01-01,4.92E+12,Europe & Central Asia (excluding high income)
2026-01-01,5.07E+12,Europe & Central Asia (excluding high income)
2027-01-01,5.22E+12,Europe & Central Asia (excluding high income)
2028-01-01,5.37E+12,Europe & Central Asia (excluding high income)
2029-01-01,5.52E+12,Europe & Central Asia (excluding high income)
2030-01-01,5.67E+12,Europe & Central Asia (excluding high income)
2021-01-01,1.68E+13,European Union
2022-01-01,1.73E+13,European Union
2023-01-01,1.78E+13,European Union
2024-01-01,1.83E+13,European Union
2025-01-01,1.81E+13,European Union
2026-01-01,1.86E+13,European Union
2027-01-01,1.91E+13,European Union
2028-01-01,1.96E+13,European Union
2029-01-01,1.94E+13,European Union
2030-01-01,1.99E+13,European Union
2021-01-01,3333310405,Faroe Islands
2022-01-01,3461819714,Faroe Islands
2023-01-01,3581754397,Faroe Islands
2024-01-01,3693090756,Faroe Islands
2025-01-01,3729249253,Faroe Islands
2026-01-01,3857758562,Faroe Islands
2027-01-01,3977693245,Faroe Islands
2028-01-01,4089029604,Faroe Islands
2029-01-01,4125188101,Faroe Islands
2030-01-01,4253697410,Faroe Islands
2021-01-01,5731418929,Fiji
2022-01-01,5946332895,Fiji
2023-01-01,6116334085,Fiji
2024-01-01,6241444109,Fiji
2025-01-01,6489637681,Fiji
2026-01-01,6704551647,Fiji
2027-01-01,6874552837,Fiji
2028-01-01,6999662862,Fiji
2029-01-01,7247856434,Fiji
2030-01-01,7462770400,Fiji
2021-01-01,2.92E+11,Finland
2022-01-01,3.01E+11,Finland
2023-01-01,3.10E+11,Finland
2024-01-01,3.19E+11,Finland
2025-01-01,3.15E+11,Finland
2026-01-01,3.24E+11,Finland
2027-01-01,3.33E+11,Finland
2028-01-01,3.42E+11,Finland
2029-01-01,3.38E+11,Finland
2030-01-01,3.47E+11,Finland
2021-01-01,2.02E+12,Fragile and conflict affected situations
2022-01-01,2.07E+12,Fragile and conflict affected situations
2023-01-01,2.12E+12,Fragile and conflict affected situations
2024-01-01,2.17E+12,Fragile and conflict affected situations
2025-01-01,2.31E+12,Fragile and conflict affected situations
2026-01-01,2.37E+12,Fragile and conflict affected situations
2027-01-01,2.42E+12,Fragile and conflict affected situations
2028-01-01,2.47E+12,Fragile and conflict affected situations
2029-01-01,2.61E+12,Fragile and conflict affected situations
2030-01-01,2.66E+12,Fragile and conflict affected situations
2021-01-01,2.96E+12,France
2022-01-01,3.04E+12,France
2023-01-01,3.12E+12,France
2024-01-01,3.19E+12,France
2025-01-01,3.17E+12,France
2026-01-01,3.25E+12,France
2027-01-01,3.33E+12,France
2028-01-01,3.40E+12,France
2029-01-01,3.37E+12,France
2030-01-01,3.45E+12,France
2021-01-01,19196336558,Gabon
2022-01-01,19960761519,Gabon
2023-01-01,20679833369,Gabon
2024-01-01,21353402591,Gabon
2025-01-01,21581055360,Gabon
2026-01-01,22345480321,Gabon
2027-01-01,23064552171,Gabon
2028-01-01,23738121393,Gabon
2029-01-01,23965774162,Gabon
2030-01-01,24730199123,Gabon
2021-01-01,1845845525,"Gambia, The"
2022-01-01,1914369110,"Gambia, The"
2023-01-01,1997414134,"Gambia, The"
2024-01-01,2094947977,"Gambia, The"
2025-01-01,2069713122,"Gambia, The"
2026-01-01,2138236707,"Gambia, The"
2027-01-01,2221281731,"Gambia, The"
2028-01-01,2318815574,"Gambia, The"
2029-01-01,2293580719,"Gambia, The"
2030-01-01,2362104304,"Gambia, The"
2021-01-01,20630520880,Georgia
2022-01-01,21404817112,Georgia
2023-01-01,22162897631,Georgia
2024-01-01,22904834587,Georgia
2025-01-01,23896146131,Georgia
2026-01-01,24670442363,Georgia
2027-01-01,25428522882,Georgia
2028-01-01,26170459838,Georgia
2029-01-01,27161771382,Georgia
2030-01-01,27936067614,Georgia
2021-01-01,4.15E+12,Germany
2022-01-01,4.27E+12,Germany
2023-01-01,4.39E+12,Germany
2024-01-01,4.50E+12,Germany
2025-01-01,4.49E+12,Germany
2026-01-01,4.61E+12,Germany
2027-01-01,4.73E+12,Germany
2028-01-01,4.84E+12,Germany
2029-01-01,4.83E+12,Germany
2030-01-01,4.95E+12,Germany
2021-01-01,77858003655,Ghana
2022-01-01,80358200959,Ghana
2023-01-01,83087508698,Ghana
2024-01-01,86047216145,Ghana
2025-01-01,92942011465,Ghana
2026-01-01,95442208769,Ghana
2027-01-01,98171516509,Ghana
2028-01-01,1.01E+11,Ghana
2029-01-01,1.08E+11,Ghana
2030-01-01,1.11E+11,Ghana
2021-01-01,2.16E+11,Greece
2022-01-01,2.21E+11,Greece
2023-01-01,2.26E+11,Greece
2024-01-01,2.30E+11,Greece
2025-01-01,2.12E+11,Greece
2026-01-01,2.17E+11,Greece
2027-01-01,2.21E+11,Greece
2028-01-01,2.26E+11,Greece
2029-01-01,2.07E+11,Greece
2030-01-01,2.12E+11,Greece
2021-01-01,3380896851,Greenland
2022-01-01,3513075657,Greenland
2023-01-01,3649599007,Greenland
2024-01-01,3790421656,Greenland
2025-01-01,3778135031,Greenland
2026-01-01,3910313836,Greenland
2027-01-01,4046837187,Greenland
2028-01-01,4187659836,Greenland
2029-01-01,4175373211,Greenland
2030-01-01,4307552016,Greenland
2021-01-01,1204543703,Grenada
2022-01-01,1239684821,Grenada
2023-01-01,1269890232,Grenada
2024-01-01,1295163544,Grenada
2025-01-01,1342777114,Grenada
2026-01-01,1377918232,Grenada
2027-01-01,1408123643,Grenada
2028-01-01,1433396955,Grenada
2029-01-01,1481010525,Grenada
2030-01-01,1516151642,Grenada
2021-01-01,6607038241,Guam
2022-01-01,6685984451,Guam
2023-01-01,6818094293,Guam
2024-01-01,7003379396,Guam
2025-01-01,7161050841,Guam
2026-01-01,7239997051,Guam
2027-01-01,7372106893,Guam
2028-01-01,7557391996,Guam
2029-01-01,7715063442,Guam
2030-01-01,7794009652,Guam
2021-01-01,84051909012,Guatemala
2022-01-01,87803713289,Guatemala
2023-01-01,91472403512,Guatemala
2024-01-01,95057792783,Guatemala
2025-01-01,99069699426,Guatemala
2026-01-01,1.03E+11,Guatemala
2027-01-01,1.06E+11,Guatemala
2028-01-01,1.10E+11,Guatemala
2029-01-01,1.14E+11,Guatemala
2030-01-01,1.18E+11,Guatemala
2021-01-01,13054632389,Guinea
2022-01-01,13812031001,Guinea
2023-01-01,14575150732,Guinea
2024-01-01,15343753260,Guinea
2025-01-01,15333792849,Guinea
2026-01-01,16091191462,Guinea
2027-01-01,16854311193,Guinea
2028-01-01,17622913721,Guinea
2029-01-01,17612953310,Guinea
2030-01-01,18370351923,Guinea
2021-01-01,1542925781,Guinea-Bissau
2022-01-01,1596384088,Guinea-Bissau
2023-01-01,1650885288,Guinea-Bissau
2024-01-01,1706433349,Guinea-Bissau
2025-01-01,1777847615,Guinea-Bissau
2026-01-01,1831305923,Guinea-Bissau
2027-01-01,1885807123,Guinea-Bissau
2028-01-01,1941355184,Guinea-Bissau
2029-01-01,2012769450,Guinea-Bissau
2030-01-01,2066227757,Guinea-Bissau
2021-01-01,5941278672,Guyana
2022-01-01,6233669725,Guyana
2023-01-01,6509571993,Guyana
2024-01-01,6768974036,Guyana
2025-01-01,7003606934,Guyana
2026-01-01,7295997986,Guyana
2027-01-01,7571900255,Guyana
2028-01-01,7831302298,Guyana
2029-01-01,8065935195,Guyana
2030-01-01,8358326248,Guyana
2021-01-01,17714667539,Haiti
2022-01-01,17999458913,Haiti
2023-01-01,18241783851,Haiti
2024-01-01,18442054229,Haiti
2025-01-01,20029484110,Haiti
2026-01-01,20314275484,Haiti
2027-01-01,20556600422,Haiti
2028-01-01,20756870800,Haiti
2029-01-01,22344300681,Haiti
2030-01-01,22629092055,Haiti
2021-01-01,8.55E+11,Heavily indebted poor countries (HIPC)
2022-01-01,8.84E+11,Heavily indebted poor countries (HIPC)
2023-01-01,9.10E+11,Heavily indebted poor countries (HIPC)
2024-01-01,9.33E+11,Heavily indebted poor countries (HIPC)
2025-01-01,9.74E+11,Heavily indebted poor countries (HIPC)
2026-01-01,1.00E+12,Heavily indebted poor countries (HIPC)
2027-01-01,1.03E+12,Heavily indebted poor countries (HIPC)
2028-01-01,1.05E+12,Heavily indebted poor countries (HIPC)
2029-01-01,1.09E+12,Heavily indebted poor countries (HIPC)
2030-01-01,1.12E+12,Heavily indebted poor countries (HIPC)
2021-01-01,5.51E+13,High income
2022-01-01,5.65E+13,High income
2023-01-01,5.76E+13,High income
2024-01-01,5.84E+13,High income
2025-01-01,5.85E+13,High income
2026-01-01,5.99E+13,High income
2027-01-01,6.10E+13,High income
2028-01-01,6.18E+13,High income
2029-01-01,6.19E+13,High income
2030-01-01,6.33E+13,High income
2021-01-01,26784147149,Honduras
2022-01-01,27865347377,Honduras
2023-01-01,28774220214,Honduras
2024-01-01,29510816870,Honduras
2025-01-01,30804404634,Honduras
2026-01-01,31885604862,Honduras
2027-01-01,32794477698,Honduras
2028-01-01,33531074354,Honduras
2029-01-01,34824662119,Honduras
2030-01-01,35905862347,Honduras
2021-01-01,3.86E+11,"Hong Kong SAR, China"
2022-01-01,3.99E+11,"Hong Kong SAR, China"
2023-01-01,4.10E+11,"Hong Kong SAR, China"
2024-01-01,4.18E+11,"Hong Kong SAR, China"
2025-01-01,4.38E+11,"Hong Kong SAR, China"
2026-01-01,4.52E+11,"Hong Kong SAR, China"
2027-01-01,4.62E+11,"Hong Kong SAR, China"
2028-01-01,4.70E+11,"Hong Kong SAR, China"
2029-01-01,4.91E+11,"Hong Kong SAR, China"
2030-01-01,5.04E+11,"Hong Kong SAR, China"
2021-01-01,1.63E+11,Hungary
2022-01-01,1.70E+11,Hungary
2023-01-01,1.77E+11,Hungary
2024-01-01,1.83E+11,Hungary
2025-01-01,1.78E+11,Hungary
2026-01-01,1.85E+11,Hungary
2027-01-01,1.92E+11,Hungary
2028-01-01,1.98E+11,Hungary
2029-01-01,1.94E+11,Hungary
2030-01-01,2.01E+11,Hungary
2021-01-01,3.56E+13,IBRD only
2022-01-01,3.69E+13,IBRD only
2023-01-01,3.82E+13,IBRD only
2024-01-01,3.93E+13,IBRD only
2025-01-01,4.16E+13,IBRD only
2026-01-01,4.29E+13,IBRD only
2027-01-01,4.42E+13,IBRD only
2028-01-01,4.53E+13,IBRD only
2029-01-01,4.76E+13,IBRD only
2030-01-01,4.89E+13,IBRD only
2021-01-01,3.81E+13,IDA & IBRD total
2022-01-01,3.96E+13,IDA & IBRD total
2023-01-01,4.09E+13,IDA & IBRD total
2024-01-01,4.21E+13,IDA & IBRD total
2025-01-01,4.45E+13,IDA & IBRD total
2026-01-01,4.60E+13,IDA & IBRD total
2027-01-01,4.73E+13,IDA & IBRD total
2028-01-01,4.85E+13,IDA & IBRD total
2029-01-01,5.09E+13,IDA & IBRD total
2030-01-01,5.24E+13,IDA & IBRD total
2021-01-01,1.19E+12,IDA blend
2022-01-01,1.24E+12,IDA blend
2023-01-01,1.28E+12,IDA blend
2024-01-01,1.32E+12,IDA blend
2025-01-01,1.38E+12,IDA blend
2026-01-01,1.42E+12,IDA blend
2027-01-01,1.47E+12,IDA blend
2028-01-01,1.51E+12,IDA blend
2029-01-01,1.57E+12,IDA blend
2030-01-01,1.61E+12,IDA blend
2021-01-01,1.36E+12,IDA only
2022-01-01,1.42E+12,IDA only
2023-01-01,1.47E+12,IDA only
2024-01-01,1.52E+12,IDA only
2025-01-01,1.60E+12,IDA only
2026-01-01,1.66E+12,IDA only
2027-01-01,1.71E+12,IDA only
2028-01-01,1.76E+12,IDA only
2029-01-01,1.83E+12,IDA only
2030-01-01,1.89E+12,IDA only
2021-01-01,2.38E+12,IDA total
2022-01-01,2.47E+12,IDA total
2023-01-01,2.54E+12,IDA total
2024-01-01,2.59E+12,IDA total
2025-01-01,2.68E+12,IDA total
2026-01-01,2.77E+12,IDA total
2027-01-01,2.84E+12,IDA total
2028-01-01,2.89E+12,IDA total
2029-01-01,2.98E+12,IDA total
2030-01-01,3.07E+12,IDA total
2021-01-01,24123627087,Iceland
2022-01-01,24945015186,Iceland
2023-01-01,25668768036,Iceland
2024-01-01,26294817249,Iceland
2025-01-01,26816105248,Iceland
2026-01-01,27637493347,Iceland
2027-01-01,28361246197,Iceland
2028-01-01,28987295410,Iceland
2029-01-01,29508583409,Iceland
2030-01-01,30329971508,Iceland
2021-01-01,3.02E+12,India
2022-01-01,3.17E+12,India
2023-01-01,3.28E+12,India
2024-01-01,3.34E+12,India
2025-01-01,3.55E+12,India
2026-01-01,3.70E+12,India
2027-01-01,3.81E+12,India
2028-01-01,3.87E+12,India
2029-01-01,4.08E+12,India
2030-01-01,4.23E+12,India
2021-01-01,1.25E+12,Indonesia
2022-01-01,1.30E+12,Indonesia
2023-01-01,1.36E+12,Indonesia
2024-01-01,1.40E+12,Indonesia
2025-01-01,1.47E+12,Indonesia
2026-01-01,1.52E+12,Indonesia
2027-01-01,1.58E+12,Indonesia
2028-01-01,1.62E+12,Indonesia
2029-01-01,1.69E+12,Indonesia
2030-01-01,1.74E+12,Indonesia
2021-01-01,4.47E+11,"Iran, Islamic Rep."
2022-01-01,4.57E+11,"Iran, Islamic Rep."
2023-01-01,4.67E+11,"Iran, Islamic Rep."
2024-01-01,4.78E+11,"Iran, Islamic Rep."
2025-01-01,4.87E+11,"Iran, Islamic Rep."
2026-01-01,4.97E+11,"Iran, Islamic Rep."
2027-01-01,5.07E+11,"Iran, Islamic Rep."
2028-01-01,5.18E+11,"Iran, Islamic Rep."
2029-01-01,5.27E+11,"Iran, Islamic Rep."
2030-01-01,5.37E+11,"Iran, Islamic Rep."
2021-01-01,2.60E+11,Iraq
2022-01-01,2.67E+11,Iraq
2023-01-01,2.73E+11,Iraq
2024-01-01,2.78E+11,Iraq
2025-01-01,3.05E+11,Iraq
2026-01-01,3.11E+11,Iraq
2027-01-01,3.17E+11,Iraq
2028-01-01,3.23E+11,Iraq
2029-01-01,3.50E+11,Iraq
2030-01-01,3.56E+11,Iraq
2021-01-01,3.76E+11,Ireland
2022-01-01,3.97E+11,Ireland
2023-01-01,4.17E+11,Ireland
2024-01-01,4.36E+11,Ireland
2025-01-01,4.26E+11,Ireland
2026-01-01,4.47E+11,Ireland
2027-01-01,4.67E+11,Ireland
2028-01-01,4.86E+11,Ireland
2029-01-01,4.76E+11,Ireland
2030-01-01,4.97E+11,Ireland
2021-01-01,9274813452,Isle of Man
2022-01-01,9775625616,Isle of Man
2023-01-01,10275595605,Isle of Man
2024-01-01,10774564965,Isle of Man
2025-01-01,10758706021,Isle of Man
2026-01-01,11259518184,Isle of Man
2027-01-01,11759488174,Isle of Man
2028-01-01,12258457534,Isle of Man
2029-01-01,12242598589,Isle of Man
2030-01-01,12743410753,Isle of Man
2021-01-01,4.16E+11,Israel
2022-01-01,4.29E+11,Israel
2023-01-01,4.43E+11,Israel
2024-01-01,4.57E+11,Israel
2025-01-01,4.79E+11,Israel
2026-01-01,4.93E+11,Israel
2027-01-01,5.06E+11,Israel
2028-01-01,5.20E+11,Israel
2029-01-01,5.43E+11,Israel
2030-01-01,5.56E+11,Israel
2021-01-01,2.15E+12,Italy
2022-01-01,2.21E+12,Italy
2023-01-01,2.26E+12,Italy
2024-01-01,2.31E+12,Italy
2025-01-01,2.25E+12,Italy
2026-01-01,2.30E+12,Italy
2027-01-01,2.35E+12,Italy
2028-01-01,2.40E+12,Italy
2029-01-01,2.35E+12,Italy
2030-01-01,2.40E+12,Italy
2021-01-01,16152797286,Jamaica
2022-01-01,16609819842,Jamaica
2023-01-01,16949983644,Jamaica
2024-01-01,17173249224,Jamaica
2025-01-01,17401822465,Jamaica
2026-01-01,17858845021,Jamaica
2027-01-01,18199008823,Jamaica
2028-01-01,18422274403,Jamaica
2029-01-01,18650847645,Jamaica
2030-01-01,19107870201,Jamaica
2021-01-01,5.22E+12,Japan
2022-01-01,5.30E+12,Japan
2023-01-01,5.40E+12,Japan
2024-01-01,5.54E+12,Japan
2025-01-01,5.34E+12,Japan
2026-01-01,5.42E+12,Japan
2027-01-01,5.52E+12,Japan
2028-01-01,5.66E+12,Japan
2029-01-01,5.46E+12,Japan
2030-01-01,5.53E+12,Japan
2021-01-01,50450585197,Jordan
2022-01-01,52267721725,Jordan
2023-01-01,54071306561,Jordan
2024-01-01,55861793533,Jordan
2025-01-01,59114548898,Jordan
2026-01-01,60931685426,Jordan
2027-01-01,62735270262,Jordan
2028-01-01,64525757234,Jordan
2029-01-01,67778512599,Jordan
2030-01-01,69595649128,Jordan
2021-01-01,2.39E+11,Kazakhstan
2022-01-01,2.46E+11,Kazakhstan
2023-01-01,2.52E+11,Kazakhstan
2024-01-01,2.58E+11,Kazakhstan
2025-01-01,2.78E+11,Kazakhstan
2026-01-01,2.85E+11,Kazakhstan
2027-01-01,2.91E+11,Kazakhstan
2028-01-01,2.97E+11,Kazakhstan
2029-01-01,3.17E+11,Kazakhstan
2030-01-01,3.24E+11,Kazakhstan
2021-01-01,1.05E+11,Kenya
2022-01-01,1.12E+11,Kenya
2023-01-01,1.18E+11,Kenya
2024-01-01,1.24E+11,Kenya
2025-01-01,1.31E+11,Kenya
2026-01-01,1.37E+11,Kenya
2027-01-01,1.44E+11,Kenya
2028-01-01,1.49E+11,Kenya
2029-01-01,1.56E+11,Kenya
2030-01-01,1.63E+11,Kenya
2021-01-01,219277097.9,Kiribati
2022-01-01,228132719.8,Kiribati
2023-01-01,237122092.1,Kiribati
2024-01-01,246242696.6,Kiribati
2025-01-01,247208144.5,Kiribati
2026-01-01,256063766.4,Kiribati
2027-01-01,265053138.7,Kiribati
2028-01-01,274173743.2,Kiribati
2029-01-01,275139191.1,Kiribati
2030-01-01,283994813,Kiribati
2021-01-01,1.82E+12,"Korea, Rep."
2022-01-01,1.90E+12,"Korea, Rep."
2023-01-01,1.95E+12,"Korea, Rep."
2024-01-01,1.98E+12,"Korea, Rep."
2025-01-01,2.05E+12,"Korea, Rep."
2026-01-01,2.14E+12,"Korea, Rep."
2027-01-01,2.19E+12,"Korea, Rep."
2028-01-01,2.22E+12,"Korea, Rep."
2029-01-01,2.29E+12,"Korea, Rep."
2030-01-01,2.38E+12,"Korea, Rep."
2021-01-01,8876846395,Kosovo
2022-01-01,9126401728,Kosovo
2023-01-01,9382670380,Kosovo
2024-01-01,9645711094,Kosovo
2025-01-01,10091833515,Kosovo
2026-01-01,10341388847,Kosovo
2027-01-01,10597657499,Kosovo
2028-01-01,10860698214,Kosovo
2029-01-01,11306820634,Kosovo
2030-01-01,11556375967,Kosovo
2021-01-01,1.68E+11,Kuwait
2022-01-01,1.77E+11,Kuwait
2023-01-01,1.86E+11,Kuwait
2024-01-01,1.95E+11,Kuwait
2025-01-01,1.90E+11,Kuwait
2026-01-01,1.99E+11,Kuwait
2027-01-01,2.08E+11,Kuwait
2028-01-01,2.17E+11,Kuwait
2029-01-01,2.12E+11,Kuwait
2030-01-01,2.21E+11,Kuwait
2021-01-01,9569878505,Kyrgyz Republic
2022-01-01,9914475928,Kyrgyz Republic
2023-01-01,10251684042,Kyrgyz Republic
2024-01-01,10581577481,Kyrgyz Republic
2025-01-01,11185410883,Kyrgyz Republic
2026-01-01,11530008306,Kyrgyz Republic
2027-01-01,11867216420,Kyrgyz Republic
2028-01-01,12197109859,Kyrgyz Republic
2029-01-01,12800943261,Kyrgyz Republic
2030-01-01,13145540684,Kyrgyz Republic
2021-01-01,21467643897,Lao PDR
2022-01-01,22505281521,Lao PDR
2023-01-01,23599142944,Lao PDR
2024-01-01,24749406301,Lao PDR
2025-01-01,26382331516,Lao PDR
2026-01-01,27419969140,Lao PDR
2027-01-01,28513830563,Lao PDR
2028-01-01,29664093920,Lao PDR
2029-01-01,31297019135,Lao PDR
2030-01-01,32334656759,Lao PDR
2021-01-01,2.60E+13,Late-demographic dividend
2022-01-01,2.71E+13,Late-demographic dividend
2023-01-01,2.81E+13,Late-demographic dividend
2024-01-01,2.90E+13,Late-demographic dividend
2025-01-01,3.07E+13,Late-demographic dividend
2026-01-01,3.17E+13,Late-demographic dividend
2027-01-01,3.27E+13,Late-demographic dividend
2028-01-01,3.36E+13,Late-demographic dividend
2029-01-01,3.53E+13,Late-demographic dividend
2030-01-01,3.64E+13,Late-demographic dividend
2021-01-01,7.00E+12,Latin America & Caribbean
2022-01-01,7.11E+12,Latin America & Caribbean
2023-01-01,7.20E+12,Latin America & Caribbean
2024-01-01,7.28E+12,Latin America & Caribbean
2025-01-01,7.87E+12,Latin America & Caribbean
2026-01-01,7.98E+12,Latin America & Caribbean
2027-01-01,8.07E+12,Latin America & Caribbean
2028-01-01,8.15E+12,Latin America & Caribbean
2029-01-01,8.74E+12,Latin America & Caribbean
2030-01-01,8.85E+12,Latin America & Caribbean
2021-01-01,6.01E+12,Latin America & Caribbean (excluding high income)
2022-01-01,6.11E+12,Latin America & Caribbean (excluding high income)
2023-01-01,6.19E+12,Latin America & Caribbean (excluding high income)
2024-01-01,6.27E+12,Latin America & Caribbean (excluding high income)
2025-01-01,6.76E+12,Latin America & Caribbean (excluding high income)
2026-01-01,6.86E+12,Latin America & Caribbean (excluding high income)
2027-01-01,6.95E+12,Latin America & Caribbean (excluding high income)
2028-01-01,7.02E+12,Latin America & Caribbean (excluding high income)
2029-01-01,7.52E+12,Latin America & Caribbean (excluding high income)
2030-01-01,7.62E+12,Latin America & Caribbean (excluding high income)
2021-01-01,6.72E+12,Latin America & the Caribbean (IDA & IBRD countries)
2022-01-01,6.82E+12,Latin America & the Caribbean (IDA & IBRD countries)
2023-01-01,6.91E+12,Latin America & the Caribbean (IDA & IBRD countries)
2024-01-01,6.99E+12,Latin America & the Caribbean (IDA & IBRD countries)
2025-01-01,7.57E+12,Latin America & the Caribbean (IDA & IBRD countries)
2026-01-01,7.67E+12,Latin America & the Caribbean (IDA & IBRD countries)
2027-01-01,7.76E+12,Latin America & the Caribbean (IDA & IBRD countries)
2028-01-01,7.83E+12,Latin America & the Caribbean (IDA & IBRD countries)
2029-01-01,8.41E+12,Latin America & the Caribbean (IDA & IBRD countries)
2030-01-01,8.51E+12,Latin America & the Caribbean (IDA & IBRD countries)
2021-01-01,36568657535,Latvia
2022-01-01,38474403365,Latvia
2023-01-01,40365855655,Latvia
2024-01-01,42242140660,Latvia
2025-01-01,41280019211,Latvia
2026-01-01,43185765042,Latvia
2027-01-01,45077217332,Latvia
2028-01-01,46953502336,Latvia
2029-01-01,45991380888,Latvia
2030-01-01,47897126719,Latvia
2021-01-01,1.23E+12,Least developed countries: UN classification
2022-01-01,1.28E+12,Least developed countries: UN classification
2023-01-01,1.32E+12,Least developed countries: UN classification
2024-01-01,1.35E+12,Least developed countries: UN classification
2025-01-01,1.41E+12,Least developed countries: UN classification
2026-01-01,1.46E+12,Least developed countries: UN classification
2027-01-01,1.50E+12,Least developed countries: UN classification
2028-01-01,1.53E+12,Least developed countries: UN classification
2029-01-01,1.60E+12,Least developed countries: UN classification
2030-01-01,1.64E+12,Least developed countries: UN classification
2021-01-01,60236508891,Lebanon
2022-01-01,60830311697,Lebanon
2023-01-01,61172806404,Lebanon
2024-01-01,61266074510,Lebanon
2025-01-01,68479300433,Lebanon
2026-01-01,69073103238,Lebanon
2027-01-01,69415597945,Lebanon
2028-01-01,69508866051,Lebanon
2029-01-01,76722091974,Lebanon
2030-01-01,77315894780,Lebanon
2021-01-01,2727688426,Lesotho
2022-01-01,2797175623,Lesotho
2023-01-01,2852277799,Lesotho
2024-01-01,2893017878,Lesotho
2025-01-01,3024380141,Lesotho
2026-01-01,3093867338,Lesotho
2027-01-01,3148969514,Lesotho
2028-01-01,3189709594,Lesotho
2029-01-01,3321071857,Lesotho
2030-01-01,3390559053,Lesotho
2021-01-01,3913837748,Liberia
2022-01-01,4010498781,Liberia
2023-01-01,4112638670,Liberia
2024-01-01,4220329040,Liberia
2025-01-01,4555837941,Liberia
2026-01-01,4652498974,Liberia
2027-01-01,4754638863,Liberia
2028-01-01,4862329233,Liberia
2029-01-01,5197838135,Liberia
2030-01-01,5294499168,Liberia
2021-01-01,49204062579,Libya
2022-01-01,48704189155,Libya
2023-01-01,48347607022,Libya
2024-01-01,48134862050,Libya
2025-01-01,49500203435,Libya
2026-01-01,49000330012,Libya
2027-01-01,48643747879,Libya
2028-01-01,48431002907,Libya
2029-01-01,49796344292,Libya
2030-01-01,49296470868,Libya
2021-01-01,7847396864,Liechtenstein
2022-01-01,8194352142,Liechtenstein
2023-01-01,8496706759,Liechtenstein
2024-01-01,8754404505,Liechtenstein
2025-01-01,8890533328,Liechtenstein
2026-01-01,9237488605,Liechtenstein
2027-01-01,9539843222,Liechtenstein
2028-01-01,9797540968,Liechtenstein
2029-01-01,9933669791,Liechtenstein
2030-01-01,10280625069,Liechtenstein
2021-01-01,58233947572,Lithuania
2022-01-01,61067661272,Lithuania
2023-01-01,63895939710,Lithuania
2024-01-01,66717800969,Lithuania
2025-01-01,66326237214,Lithuania
2026-01-01,69159950914,Lithuania
2027-01-01,71988229353,Lithuania
2028-01-01,74810090611,Lithuania
2029-01-01,74418526856,Lithuania
2030-01-01,77252240557,Lithuania
2021-01-01,3.67E+13,Low & middle income
2022-01-01,3.81E+13,Low & middle income
2023-01-01,3.94E+13,Low & middle income
2024-01-01,4.06E+13,Low & middle income
2025-01-01,4.29E+13,Low & middle income
2026-01-01,4.44E+13,Low & middle income
2027-01-01,4.57E+13,Low & middle income
2028-01-01,4.69E+13,Low & middle income
2029-01-01,4.92E+13,Low & middle income
2030-01-01,5.06E+13,Low & middle income
2021-01-01,5.17E+11,Low income
2022-01-01,5.37E+11,Low income
2023-01-01,5.56E+11,Low income
2024-01-01,5.74E+11,Low income
2025-01-01,5.99E+11,Low income
2026-01-01,6.20E+11,Low income
2027-01-01,6.39E+11,Low income
2028-01-01,6.56E+11,Low income
2029-01-01,6.82E+11,Low income
2030-01-01,7.03E+11,Low income
2021-01-01,8.16E+12,Lower middle income
2022-01-01,8.44E+12,Lower middle income
2023-01-01,8.66E+12,Lower middle income
2024-01-01,8.83E+12,Lower middle income
2025-01-01,9.18E+12,Lower middle income
2026-01-01,9.46E+12,Lower middle income
2027-01-01,9.68E+12,Lower middle income
2028-01-01,9.85E+12,Lower middle income
2029-01-01,1.02E+13,Lower middle income
2030-01-01,1.05E+13,Lower middle income
2021-01-01,77518947040,Luxembourg
2022-01-01,80780354613,Luxembourg
2023-01-01,83766121291,Luxembourg
2024-01-01,86475668321,Luxembourg
2025-01-01,87518657690,Luxembourg
2026-01-01,90780065262,Luxembourg
2027-01-01,93765831941,Luxembourg
2028-01-01,96475378971,Luxembourg
2029-01-01,97518368339,Luxembourg
2030-01-01,1.01E+11,Luxembourg
2021-01-01,66962561965,"Macao SAR, China"
2022-01-01,69360534073,"Macao SAR, China"
2023-01-01,71747167877,"Macao SAR, China"
2024-01-01,74123460926,"Macao SAR, China"
2025-01-01,79671819857,"Macao SAR, China"
2026-01-01,82069791965,"Macao SAR, China"
2027-01-01,84456425769,"Macao SAR, China"
2028-01-01,86832718817,"Macao SAR, China"
2029-01-01,92381077749,"Macao SAR, China"
2030-01-01,94779049857,"Macao SAR, China"
2021-01-01,15374484839,Madagascar
2022-01-01,15855523875,Madagascar
2023-01-01,16322873090,Madagascar
2024-01-01,16776570592,Madagascar
2025-01-01,17413264936,Madagascar
2026-01-01,17894303971,Madagascar
2027-01-01,18361653186,Madagascar
2028-01-01,18815350688,Madagascar
2029-01-01,19452045032,Madagascar
2030-01-01,19933084068,Madagascar
2021-01-01,10224757990,Malawi
2022-01-01,10743687129,Malawi
2023-01-01,11177220859,Malawi
2024-01-01,11525322298,Malawi
2025-01-01,11844539945,Malawi
2026-01-01,12363469083,Malawi
2027-01-01,12797002814,Malawi
2028-01-01,13145104252,Malawi
2029-01-01,13464321899,Malawi
2030-01-01,13983251038,Malawi
2021-01-01,4.03E+11,Malaysia
2022-01-01,4.20E+11,Malaysia
2023-01-01,4.35E+11,Malaysia
2024-01-01,4.47E+11,Malaysia
2025-01-01,4.64E+11,Malaysia
2026-01-01,4.81E+11,Malaysia
2027-01-01,4.96E+11,Malaysia
2028-01-01,5.08E+11,Malaysia
2029-01-01,5.25E+11,Malaysia
2030-01-01,5.42E+11,Malaysia
2021-01-01,5542817274,Maldives
2022-01-01,5784909583,Maldives
2023-01-01,5954670023,Maldives
2024-01-01,6052191333,Maldives
2025-01-01,6541921488,Maldives
2026-01-01,6784013797,Maldives
2027-01-01,6953774237,Maldives
2028-01-01,7051295547,Maldives
2029-01-01,7541025701,Maldives
2030-01-01,7783118010,Maldives
2021-01-01,18947574466,Mali
2022-01-01,19729400886,Mali
2023-01-01,20430285814,Mali
2024-01-01,21050311715,Mali
2025-01-01,22010933210,Mali
2026-01-01,22792759631,Mali
2027-01-01,23493644559,Mali
2028-01-01,24113670460,Mali
2029-01-01,25074291955,Mali
2030-01-01,25856118376,Mali
2021-01-01,15425064845,Malta
2022-01-01,16086458263,Malta
2023-01-01,16621333591,Malta
2024-01-01,17029731197,Malta
2025-01-01,17688468939,Malta
2026-01-01,18349862357,Malta
2027-01-01,18884737685,Malta
2028-01-01,19293135291,Malta
2029-01-01,19951873033,Malta
2030-01-01,20613266452,Malta
2021-01-01,252408672.7,Marshall Islands
2022-01-01,263043366.2,Marshall Islands
2023-01-01,273733089.1,Marshall Islands
2024-01-01,284476626.8,Marshall Islands
2025-01-01,292947185.5,Marshall Islands
2026-01-01,303581879,Marshall Islands
2027-01-01,314271602,Marshall Islands
2028-01-01,325015139.7,Marshall Islands
2029-01-01,333485698.4,Marshall Islands
2030-01-01,344120391.8,Marshall Islands
2021-01-01,8606318297,Mauritania
2022-01-01,8953583869,Mauritania
2023-01-01,9298781076,Mauritania
2024-01-01,9641887808,Mauritania
2025-01-01,9918690520,Mauritania
2026-01-01,10265956093,Mauritania
2027-01-01,10611153299,Mauritania
2028-01-01,10954260032,Mauritania
2029-01-01,11231062744,Mauritania
2030-01-01,11578328316,Mauritania
2021-01-01,15096806680,Mauritius
2022-01-01,15568159764,Mauritius
2023-01-01,15961197841,Mauritius
2024-01-01,16276035203,Mauritius
2025-01-01,17053567649,Mauritius
2026-01-01,17524920733,Mauritius
2027-01-01,17917958810,Mauritius
2028-01-01,18232796172,Mauritius
2029-01-01,19010328619,Mauritius
2030-01-01,19481681703,Mauritius
2021-01-01,1.33E+12,Mexico
2022-01-01,1.36E+12,Mexico
2023-01-01,1.38E+12,Mexico
2024-01-01,1.38E+12,Mexico
2025-01-01,1.43E+12,Mexico
2026-01-01,1.47E+12,Mexico
2027-01-01,1.48E+12,Mexico
2028-01-01,1.49E+12,Mexico
2029-01-01,1.54E+12,Mexico
2030-01-01,1.57E+12,Mexico
2021-01-01,400574063.3,"Micronesia, Fed. Sts."
2022-01-01,409426432,"Micronesia, Fed. Sts."
2023-01-01,415313452.3,"Micronesia, Fed. Sts."
2024-01-01,418239081.9,"Micronesia, Fed. Sts."
2025-01-01,436748930.2,"Micronesia, Fed. Sts."
2026-01-01,445601298.9,"Micronesia, Fed. Sts."
2027-01-01,451488319.2,"Micronesia, Fed. Sts."
2028-01-01,454413948.8,"Micronesia, Fed. Sts."
2029-01-01,472923797.1,"Micronesia, Fed. Sts."
2030-01-01,481776165.8,"Micronesia, Fed. Sts."
2021-01-01,3.99E+12,Middle East & North Africa
2022-01-01,4.12E+12,Middle East & North Africa
2023-01-01,4.25E+12,Middle East & North Africa
2024-01-01,4.38E+12,Middle East & North Africa
2025-01-01,4.55E+12,Middle East & North Africa
2026-01-01,4.69E+12,Middle East & North Africa
2027-01-01,4.82E+12,Middle East & North Africa
2028-01-01,4.95E+12,Middle East & North Africa
2029-01-01,5.12E+12,Middle East & North Africa
2030-01-01,5.25E+12,Middle East & North Africa
2021-01-01,1.66E+12,Middle East & North Africa (IDA & IBRD countries)
2022-01-01,1.71E+12,Middle East & North Africa (IDA & IBRD countries)
2023-01-01,1.76E+12,Middle East & North Africa (IDA & IBRD countries)
2024-01-01,1.81E+12,Middle East & North Africa (IDA & IBRD countries)
2025-01-01,1.87E+12,Middle East & North Africa (IDA & IBRD countries)
2026-01-01,1.92E+12,Middle East & North Africa (IDA & IBRD countries)
2027-01-01,1.97E+12,Middle East & North Africa (IDA & IBRD countries)
2028-01-01,2.03E+12,Middle East & North Africa (IDA & IBRD countries)
2029-01-01,2.08E+12,Middle East & North Africa (IDA & IBRD countries)
2030-01-01,2.13E+12,Middle East & North Africa (IDA & IBRD countries)
2021-01-01,1.68E+12,Middle East & North Africa (excluding high income)
2022-01-01,1.73E+12,Middle East & North Africa (excluding high income)
2023-01-01,1.78E+12,Middle East & North Africa (excluding high income)
2024-01-01,1.83E+12,Middle East & North Africa (excluding high income)
2025-01-01,1.89E+12,Middle East & North Africa (excluding high income)
2026-01-01,1.94E+12,Middle East & North Africa (excluding high income)
2027-01-01,2.00E+12,Middle East & North Africa (excluding high income)
2028-01-01,2.05E+12,Middle East & North Africa (excluding high income)
2029-01-01,2.11E+12,Middle East & North Africa (excluding high income)
2030-01-01,2.16E+12,Middle East & North Africa (excluding high income)
2021-01-01,3.62E+13,Middle income
2022-01-01,3.76E+13,Middle income
2023-01-01,3.89E+13,Middle income
2024-01-01,4.00E+13,Middle income
2025-01-01,4.23E+13,Middle income
2026-01-01,4.37E+13,Middle income
2027-01-01,4.50E+13,Middle income
2028-01-01,4.62E+13,Middle income
2029-01-01,4.85E+13,Middle income
2030-01-01,4.99E+13,Middle income
2021-01-01,12827095555,Moldova
2022-01-01,13382039634,Moldova
2023-01-01,13906810068,Moldova
2024-01-01,14401478198,Moldova
2025-01-01,15138111829,Moldova
2026-01-01,15693055908,Moldova
2027-01-01,16217826343,Moldova
2028-01-01,16712494473,Moldova
2029-01-01,17449128104,Moldova
2030-01-01,18004072183,Moldova
2021-01-01,7808326325,Monaco
2022-01-01,8185753222,Monaco
2023-01-01,8555425773,Monaco
2024-01-01,8917170007,Monaco
2025-01-01,8720130580,Monaco
2026-01-01,9097557477,Monaco
2027-01-01,9467230027,Monaco
2028-01-01,9828974261,Monaco
2029-01-01,9631934834,Monaco
2030-01-01,10009361731,Monaco
2021-01-01,15777991784,Mongolia
2022-01-01,16621820437,Mongolia
2023-01-01,17425832258,Mongolia
2024-01-01,18189979949,Mongolia
2025-01-01,18846920846,Mongolia
2026-01-01,19690749498,Mongolia
2027-01-01,20494761319,Mongolia
2028-01-01,21258909010,Mongolia
2029-01-01,21915849907,Mongolia
2030-01-01,22759678560,Mongolia
2021-01-01,5902618778,Montenegro
2022-01-01,6122484414,Montenegro
2023-01-01,6325849621,Montenegro
2024-01-01,6512718375,Montenegro
2025-01-01,6732444061,Montenegro
2026-01-01,6952309697,Montenegro
2027-01-01,7155674904,Montenegro
2028-01-01,7342543658,Montenegro
2029-01-01,7562269344,Montenegro
2030-01-01,7782134980,Montenegro
2021-01-01,1.31E+11,Morocco
2022-01-01,1.35E+11,Morocco
2023-01-01,1.39E+11,Morocco
2024-01-01,1.43E+11,Morocco
2025-01-01,1.48E+11,Morocco
2026-01-01,1.52E+11,Morocco
2027-01-01,1.55E+11,Morocco
2028-01-01,1.59E+11,Morocco
2029-01-01,1.64E+11,Morocco
2030-01-01,1.68E+11,Morocco
2021-01-01,17752096739,Mozambique
2022-01-01,18248070355,Mozambique
2023-01-01,18712129314,Mozambique
2024-01-01,19144363183,Mozambique
2025-01-01,19916160319,Mozambique
2026-01-01,20412133935,Mozambique
2027-01-01,20876192894,Mozambique
2028-01-01,21308426763,Mozambique
2029-01-01,22080223899,Mozambique
2030-01-01,22576197515,Mozambique
2021-01-01,87861828442,Myanmar
2022-01-01,91829755222,Myanmar
2023-01-01,95313052008,Myanmar
2024-01-01,98312591501,Myanmar
2025-01-01,1.05E+11,Myanmar
2026-01-01,1.09E+11,Myanmar
2027-01-01,1.12E+11,Myanmar
2028-01-01,1.15E+11,Myanmar
2029-01-01,1.22E+11,Myanmar
2030-01-01,1.26E+11,Myanmar
2021-01-01,14888942017,Namibia
2022-01-01,15279040757,Namibia
2023-01-01,15604285040,Namibia
2024-01-01,15864861231,Namibia
2025-01-01,16800976005,Namibia
2026-01-01,17191074745,Namibia
2027-01-01,17516319028,Namibia
2028-01-01,17776895218,Namibia
2029-01-01,18713009992,Namibia
2030-01-01,19103108732,Namibia
2021-01-01,140058424.2,Nauru
2022-01-01,144796623.9,Nauru
2023-01-01,150514407.1,Nauru
2024-01-01,157212936.2,Nauru
2025-01-01,166463245,Nauru
2026-01-01,171201444.6,Nauru
2027-01-01,176919227.9,Nauru
2028-01-01,183617757,Nauru
2029-01-01,192868065.7,Nauru
2030-01-01,197606265.4,Nauru
2021-01-01,35389699245,Nepal
2022-01-01,37125066404,Nepal
2023-01-01,38617902003,Nepal
2024-01-01,39868353662,Nepal
2025-01-01,41947268199,Nepal
2026-01-01,43682635359,Nepal
2027-01-01,45175470957,Nepal
2028-01-01,46425922616,Nepal
2029-01-01,48504837154,Nepal
2030-01-01,50240204313,Nepal
2021-01-01,9.61E+11,Netherlands
2022-01-01,9.92E+11,Netherlands
2023-01-01,1.02E+12,Netherlands
2024-01-01,1.05E+12,Netherlands
2025-01-01,1.03E+12,Netherlands
2026-01-01,1.07E+12,Netherlands
2027-01-01,1.10E+12,Netherlands
2028-01-01,1.12E+12,Netherlands
2029-01-01,1.11E+12,Netherlands
2030-01-01,1.14E+12,Netherlands
2021-01-01,2.37E+11,New Zealand
2022-01-01,2.47E+11,New Zealand
2023-01-01,2.55E+11,New Zealand
2024-01-01,2.63E+11,New Zealand
2025-01-01,2.70E+11,New Zealand
2026-01-01,2.80E+11,New Zealand
2027-01-01,2.88E+11,New Zealand
2028-01-01,2.96E+11,New Zealand
2029-01-01,3.03E+11,New Zealand
2030-01-01,3.13E+11,New Zealand
2021-01-01,14930349612,Nicaragua
2022-01-01,15254386627,Nicaragua
2023-01-01,15660314891,Nicaragua
2024-01-01,16148250274,Nicaragua
2025-01-01,16945792066,Nicaragua
2026-01-01,17269829081,Nicaragua
2027-01-01,17675757345,Nicaragua
2028-01-01,18163692728,Nicaragua
2029-01-01,18961234520,Nicaragua
2030-01-01,19285271534,Nicaragua
2021-01-01,14312787106,Niger
2022-01-01,14847181450,Niger
2023-01-01,15410114737,Niger
2024-01-01,16001659217,Niger
2025-01-01,16698199627,Niger
2026-01-01,17232593971,Niger
2027-01-01,17795527258,Niger
2028-01-01,18387071738,Niger
2029-01-01,19083612148,Niger
2030-01-01,19618006492,Niger
2021-01-01,5.49E+11,Nigeria
2022-01-01,5.73E+11,Nigeria
2023-01-01,5.95E+11,Nigeria
2024-01-01,6.15E+11,Nigeria
2025-01-01,6.34E+11,Nigeria
2026-01-01,6.58E+11,Nigeria
2027-01-01,6.80E+11,Nigeria
2028-01-01,7.00E+11,Nigeria
2029-01-01,7.19E+11,Nigeria
2030-01-01,7.43E+11,Nigeria
2021-01-01,2.36E+13,North America
2022-01-01,2.44E+13,North America
2023-01-01,2.50E+13,North America
2024-01-01,2.54E+13,North America
2025-01-01,2.60E+13,North America
2026-01-01,2.68E+13,North America
2027-01-01,2.75E+13,North America
2028-01-01,2.79E+13,North America
2029-01-01,2.85E+13,North America
2030-01-01,2.93E+13,North America
2021-01-01,13767712636,North Macedonia
2022-01-01,14244429131,North Macedonia
2023-01-01,14692687897,North Macedonia
2024-01-01,15112494742,North Macedonia
2025-01-01,15577540337,North Macedonia
2026-01-01,16054256832,North Macedonia
2027-01-01,16502515597,North Macedonia
2028-01-01,16922322443,North Macedonia
2029-01-01,17387368037,North Macedonia
2030-01-01,17864084533,North Macedonia
2021-01-01,1076586299,Northern Mariana Islands
2022-01-01,1069899603,Northern Mariana Islands
2023-01-01,1063913101,Northern Mariana Islands
2024-01-01,1058638246,Northern Mariana Islands
2025-01-01,1089377644,Northern Mariana Islands
2026-01-01,1082690948,Northern Mariana Islands
2027-01-01,1076704446,Northern Mariana Islands
2028-01-01,1071429591,Northern Mariana Islands
2029-01-01,1102168989,Northern Mariana Islands
2030-01-01,1095482293,Northern Mariana Islands
2021-01-01,4.93E+11,Norway
2022-01-01,5.04E+11,Norway
2023-01-01,5.15E+11,Norway
2024-01-01,5.26E+11,Norway
2025-01-01,5.36E+11,Norway
2026-01-01,5.48E+11,Norway
2027-01-01,5.59E+11,Norway
2028-01-01,5.69E+11,Norway
2029-01-01,5.80E+11,Norway
2030-01-01,5.91E+11,Norway
2021-01-01,5.39E+13,OECD members
2022-01-01,5.52E+13,OECD members
2023-01-01,5.62E+13,OECD members
2024-01-01,5.70E+13,OECD members
2025-01-01,5.70E+13,OECD members
2026-01-01,5.83E+13,OECD members
2027-01-01,5.93E+13,OECD members
2028-01-01,6.01E+13,OECD members
2029-01-01,6.01E+13,OECD members
2030-01-01,6.14E+13,OECD members
2021-01-01,93601264320,Oman
2022-01-01,97689719043,Oman
2023-01-01,1.02E+11,Oman
2024-01-01,1.07E+11,Oman
2025-01-01,1.08E+11,Oman
2026-01-01,1.12E+11,Oman
2027-01-01,1.17E+11,Oman
2028-01-01,1.21E+11,Oman
2029-01-01,1.23E+11,Oman
2030-01-01,1.27E+11,Oman
2021-01-01,5.07E+11,Other small states
2022-01-01,5.25E+11,Other small states
2023-01-01,5.41E+11,Other small states
2024-01-01,5.56E+11,Other small states
2025-01-01,5.82E+11,Other small states
2026-01-01,6.00E+11,Other small states
2027-01-01,6.16E+11,Other small states
2028-01-01,6.31E+11,Other small states
2029-01-01,6.58E+11,Other small states
2030-01-01,6.75E+11,Other small states
2021-01-01,11344262091,Pacific island small states
2022-01-01,11760806598,Pacific island small states
2023-01-01,12098160692,Pacific island small states
2024-01-01,12356378355,Pacific island small states
2025-01-01,12892315357,Pacific island small states
2026-01-01,13308859864,Pacific island small states
2027-01-01,13646213958,Pacific island small states
2028-01-01,13904431620,Pacific island small states
2029-01-01,14440368622,Pacific island small states
2030-01-01,14856913129,Pacific island small states
2021-01-01,3.35E+11,Pakistan
2022-01-01,3.45E+11,Pakistan
2023-01-01,3.54E+11,Pakistan
2024-01-01,3.63E+11,Pakistan
2025-01-01,3.86E+11,Pakistan
2026-01-01,3.96E+11,Pakistan
2027-01-01,4.05E+11,Pakistan
2028-01-01,4.14E+11,Pakistan
2029-01-01,4.37E+11,Pakistan
2030-01-01,4.47E+11,Pakistan
2021-01-01,299759497.2,Palau
2022-01-01,306259939,Palau
2023-01-01,314269440.5,Palau
2024-01-01,323787692,Palau
2025-01-01,330634752.5,Palau
2026-01-01,337135194.3,Palau
2027-01-01,345144695.8,Palau
2028-01-01,354662947.3,Palau
2029-01-01,361510007.8,Palau
2030-01-01,368010449.6,Palau
2021-01-01,71351429793,Panama
2022-01-01,73619917912,Panama
2023-01-01,75580320489,Panama
2024-01-01,77234104172,Panama
2025-01-01,84146421102,Panama
2026-01-01,86414909221,Panama
2027-01-01,88375311798,Panama
2028-01-01,90029095481,Panama
2029-01-01,96941412411,Panama
2030-01-01,99209900530,Panama
2021-01-01,29171492248,Papua New Guinea
2022-01-01,30449001138,Papua New Guinea
2023-01-01,31603924333,Papua New Guinea
2024-01-01,32636502659,Papua New Guinea
2025-01-01,34569786223,Papua New Guinea
2026-01-01,35847295113,Papua New Guinea
2027-01-01,37002218308,Papua New Guinea
2028-01-01,38034796634,Papua New Guinea
2029-01-01,39968080198,Papua New Guinea
2030-01-01,41245589089,Papua New Guinea
2021-01-01,48308593813,Paraguay
2022-01-01,49652941458,Paraguay
2023-01-01,50939560410,Paraguay
2024-01-01,52169347915,Paraguay
2025-01-01,56396281186,Paraguay
2026-01-01,57740628831,Paraguay
2027-01-01,59027247783,Paraguay
2028-01-01,60257035288,Paraguay
2029-01-01,64483968558,Paraguay
2030-01-01,65828316204,Paraguay
2021-01-01,2.58E+11,Peru
2022-01-01,2.66E+11,Peru
2023-01-01,2.74E+11,Peru
2024-01-01,2.80E+11,Peru
2025-01-01,2.99E+11,Peru
2026-01-01,3.08E+11,Peru
2027-01-01,3.15E+11,Peru
2028-01-01,3.22E+11,Peru
2029-01-01,3.41E+11,Peru
2030-01-01,3.49E+11,Peru
2021-01-01,4.03E+11,Philippines
2022-01-01,4.21E+11,Philippines
2023-01-01,4.38E+11,Philippines
2024-01-01,4.53E+11,Philippines
2025-01-01,4.72E+11,Philippines
2026-01-01,4.91E+11,Philippines
2027-01-01,5.07E+11,Philippines
2028-01-01,5.22E+11,Philippines
2029-01-01,5.42E+11,Philippines
2030-01-01,5.60E+11,Philippines
2021-01-01,6.46E+11,Poland
2022-01-01,6.71E+11,Poland
2023-01-01,6.96E+11,Poland
2024-01-01,7.18E+11,Poland
2025-01-01,7.28E+11,Poland
2026-01-01,7.53E+11,Poland
2027-01-01,7.78E+11,Poland
2028-01-01,8.00E+11,Poland
2029-01-01,8.10E+11,Poland
2030-01-01,8.35E+11,Poland
2021-01-01,2.48E+11,Portugal
2022-01-01,2.55E+11,Portugal
2023-01-01,2.61E+11,Portugal
2024-01-01,2.67E+11,Portugal
2025-01-01,2.63E+11,Portugal
2026-01-01,2.70E+11,Portugal
2027-01-01,2.76E+11,Portugal
2028-01-01,2.82E+11,Portugal
2029-01-01,2.78E+11,Portugal
2030-01-01,2.85E+11,Portugal
2021-01-01,5.09E+13,Post-demographic dividend
2022-01-01,5.21E+13,Post-demographic dividend
2023-01-01,5.30E+13,Post-demographic dividend
2024-01-01,5.36E+13,Post-demographic dividend
2025-01-01,5.39E+13,Post-demographic dividend
2026-01-01,5.50E+13,Post-demographic dividend
2027-01-01,5.59E+13,Post-demographic dividend
2028-01-01,5.66E+13,Post-demographic dividend
2029-01-01,5.68E+13,Post-demographic dividend
2030-01-01,5.80E+13,Post-demographic dividend
2021-01-01,1.68E+12,Pre-demographic dividend
2022-01-01,1.74E+12,Pre-demographic dividend
2023-01-01,1.79E+12,Pre-demographic dividend
2024-01-01,1.85E+12,Pre-demographic dividend
2025-01-01,1.95E+12,Pre-demographic dividend
2026-01-01,2.01E+12,Pre-demographic dividend
2027-01-01,2.06E+12,Pre-demographic dividend
2028-01-01,2.11E+12,Pre-demographic dividend
2029-01-01,2.21E+12,Pre-demographic dividend
2030-01-01,2.27E+12,Pre-demographic dividend
2021-01-01,1.04E+11,Puerto Rico
2022-01-01,1.03E+11,Puerto Rico
2023-01-01,1.03E+11,Puerto Rico
2024-01-01,1.04E+11,Puerto Rico
2025-01-01,1.04E+11,Puerto Rico
2026-01-01,1.03E+11,Puerto Rico
2027-01-01,1.03E+11,Puerto Rico
2028-01-01,1.04E+11,Puerto Rico
2029-01-01,1.04E+11,Puerto Rico
2030-01-01,1.03E+11,Puerto Rico
2021-01-01,2.25E+11,Qatar
2022-01-01,2.32E+11,Qatar
2023-01-01,2.39E+11,Qatar
2024-01-01,2.46E+11,Qatar
2025-01-01,2.64E+11,Qatar
2026-01-01,2.71E+11,Qatar
2027-01-01,2.78E+11,Qatar
2028-01-01,2.85E+11,Qatar
2029-01-01,3.03E+11,Qatar
2030-01-01,3.10E+11,Qatar
2021-01-01,2.64E+11,Romania
2022-01-01,2.76E+11,Romania
2023-01-01,2.89E+11,Romania
2024-01-01,3.01E+11,Romania
2025-01-01,3.04E+11,Romania
2026-01-01,3.17E+11,Romania
2027-01-01,3.29E+11,Romania
2028-01-01,3.41E+11,Romania
2029-01-01,3.44E+11,Romania
2030-01-01,3.57E+11,Romania
2021-01-01,2.12E+12,Russian Federation
2022-01-01,2.18E+12,Russian Federation
2023-01-01,2.25E+12,Russian Federation
2024-01-01,2.32E+12,Russian Federation
2025-01-01,2.41E+12,Russian Federation
2026-01-01,2.48E+12,Russian Federation
2027-01-01,2.55E+12,Russian Federation
2028-01-01,2.61E+12,Russian Federation
2029-01-01,2.70E+12,Russian Federation
2030-01-01,2.77E+12,Russian Federation
2021-01-01,11495376025,Rwanda
2022-01-01,11910523052,Rwanda
2023-01-01,12358656569,Rwanda
2024-01-01,12839827985,Rwanda
2025-01-01,13491619806,Rwanda
2026-01-01,13906766833,Rwanda
2027-01-01,14354900350,Rwanda
2028-01-01,14836071765,Rwanda
2029-01-01,15487863587,Rwanda
2030-01-01,15903010614,Rwanda
2021-01-01,952145416.6,Samoa
2022-01-01,985823126.3,Samoa
2023-01-01,1019637618,Samoa
2024-01-01,1053584533,Samoa
2025-01-01,1075335308,Samoa
2026-01-01,1109013017,Samoa
2027-01-01,1142827509,Samoa
2028-01-01,1176774424,Samoa
2029-01-01,1198525199,Samoa
2030-01-01,1232202908,Samoa
2021-01-01,1635851828,San Marino
2022-01-01,1689357251,San Marino
2023-01-01,1745197584,San Marino
2024-01-01,1803307378,San Marino
2025-01-01,1643617100,San Marino
2026-01-01,1697122523,San Marino
2027-01-01,1752962856,San Marino
2028-01-01,1811072651,San Marino
2029-01-01,1651382372,San Marino
2030-01-01,1704887795,San Marino
2021-01-01,483986638.2,Sao Tome and Principe
2022-01-01,503776269.5,Sao Tome and Principe
2023-01-01,525764886.6,Sao Tome and Principe
2024-01-01,549957371.4,Sao Tome and Principe
2025-01-01,580552600,Sao Tome and Principe
2026-01-01,600342231.2,Sao Tome and Principe
2027-01-01,622330848.3,Sao Tome and Principe
2028-01-01,646523333.2,Sao Tome and Principe
2029-01-01,677118561.7,Sao Tome and Principe
2030-01-01,696908192.9,Sao Tome and Principe
2021-01-01,8.87E+11,Saudi Arabia
2022-01-01,9.21E+11,Saudi Arabia
2023-01-01,9.52E+11,Saudi Arabia
2024-01-01,9.80E+11,Saudi Arabia
2025-01-01,1.02E+12,Saudi Arabia
2026-01-01,1.06E+12,Saudi Arabia
2027-01-01,1.09E+12,Saudi Arabia
2028-01-01,1.12E+12,Saudi Arabia
2029-01-01,1.16E+12,Saudi Arabia
2030-01-01,1.19E+12,Saudi Arabia
2021-01-01,25303970968,Senegal
2022-01-01,26156452101,Senegal
2023-01-01,27129614393,Senegal
2024-01-01,28223362663,Senegal
2025-01-01,28840122637,Senegal
2026-01-01,29692603770,Senegal
2027-01-01,30665766062,Senegal
2028-01-01,31759514332,Senegal
2029-01-01,32376274306,Senegal
2030-01-01,33228755439,Senegal
2021-01-01,55212077250,Serbia
2022-01-01,57792483097,Serbia
2023-01-01,60343215084,Serbia
2024-01-01,62863147779,Serbia
2025-01-01,61747255459,Serbia
2026-01-01,64327661306,Serbia
2027-01-01,66878393292,Serbia
2028-01-01,69398325987,Serbia
2029-01-01,68282433668,Serbia
2030-01-01,70862839514,Serbia
2021-01-01,1632753172,Seychelles
2022-01-01,1663465753,Seychelles
2023-01-01,1676855623,Seychelles
2024-01-01,1672962698,Seychelles
2025-01-01,1819175818,Seychelles
2026-01-01,1849888398,Seychelles
2027-01-01,1863278268,Seychelles
2028-01-01,1859385344,Seychelles
2029-01-01,2005598463,Seychelles
2030-01-01,2036311044,Seychelles
2021-01-01,5121428584,Sierra Leone
2022-01-01,5215181362,Sierra Leone
2023-01-01,5301650407,Sierra Leone
2024-01-01,5380966232,Sierra Leone
2025-01-01,5893139499,Sierra Leone
2026-01-01,5986892277,Sierra Leone
2027-01-01,6073361322,Sierra Leone
2028-01-01,6152677147,Sierra Leone
2029-01-01,6664850414,Sierra Leone
2030-01-01,6758603192,Sierra Leone
2021-01-01,4.16E+11,Singapore
2022-01-01,4.32E+11,Singapore
2023-01-01,4.46E+11,Singapore
2024-01-01,4.56E+11,Singapore
2025-01-01,4.82E+11,Singapore
2026-01-01,4.99E+11,Singapore
2027-01-01,5.13E+11,Singapore
2028-01-01,5.22E+11,Singapore
2029-01-01,5.49E+11,Singapore
2030-01-01,5.66E+11,Singapore
2021-01-01,1390985455,Sint Maarten (Dutch part)
2022-01-01,1462704374,Sint Maarten (Dutch part)
2023-01-01,1527243943,Sint Maarten (Dutch part)
2024-01-01,1584579870,Sint Maarten (Dutch part)
2025-01-01,1568987243,Sint Maarten (Dutch part)
2026-01-01,1640706161,Sint Maarten (Dutch part)
2027-01-01,1705245730,Sint Maarten (Dutch part)
2028-01-01,1762581657,Sint Maarten (Dutch part)
2029-01-01,1746989030,Sint Maarten (Dutch part)
2030-01-01,1818707948,Sint Maarten (Dutch part)
2021-01-01,1.16E+11,Slovak Republic
2022-01-01,1.21E+11,Slovak Republic
2023-01-01,1.25E+11,Slovak Republic
2024-01-01,1.30E+11,Slovak Republic
2025-01-01,1.29E+11,Slovak Republic
2026-01-01,1.34E+11,Slovak Republic
2027-01-01,1.39E+11,Slovak Republic
2028-01-01,1.43E+11,Slovak Republic
2029-01-01,1.43E+11,Slovak Republic
2030-01-01,1.48E+11,Slovak Republic
2021-01-01,56734547333,Slovenia
2022-01-01,58843636601,Slovenia
2023-01-01,60902285692,Slovenia
2024-01-01,62909589007,Slovenia
2025-01-01,62003809366,Slovenia
2026-01-01,64112898634,Slovenia
2027-01-01,66171547725,Slovenia
2028-01-01,68178851040,Slovenia
2029-01-01,67273071399,Slovenia
2030-01-01,69382160667,Slovenia
2021-01-01,6.01E+11,Small states
2022-01-01,6.22E+11,Small states
2023-01-01,6.41E+11,Small states
2024-01-01,6.58E+11,Small states
2025-01-01,6.86E+11,Small states
2026-01-01,7.07E+11,Small states
2027-01-01,7.26E+11,Small states
2028-01-01,7.43E+11,Small states
2029-01-01,7.71E+11,Small states
2030-01-01,7.92E+11,Small states
2021-01-01,1801695266,Solomon Islands
2022-01-01,1853892381,Solomon Islands
2023-01-01,1908734556,Solomon Islands
2024-01-01,1966249004,Solomon Islands
2025-01-01,2110069907,Solomon Islands
2026-01-01,2162267021,Solomon Islands
2027-01-01,2217109197,Solomon Islands
2028-01-01,2274623645,Solomon Islands
2029-01-01,2418444547,Solomon Islands
2030-01-01,2470641662,Solomon Islands
2021-01-01,5322631114,Somalia
2022-01-01,5513222223,Somalia
2023-01-01,5654642335,Somalia
2024-01-01,5746916841,Somalia
2025-01-01,6109604521,Somalia
2026-01-01,6300195630,Somalia
2027-01-01,6441615741,Somalia
2028-01-01,6533890248,Somalia
2029-01-01,6896577928,Somalia
2030-01-01,7087169037,Somalia
2021-01-01,4.09E+11,South Africa
2022-01-01,4.19E+11,South Africa
2023-01-01,4.28E+11,South Africa
2024-01-01,4.35E+11,South Africa
2025-01-01,4.51E+11,South Africa
2026-01-01,4.61E+11,South Africa
2027-01-01,4.70E+11,South Africa
2028-01-01,4.77E+11,South Africa
2029-01-01,4.93E+11,South Africa
2030-01-01,5.03E+11,South Africa
2021-01-01,3.82E+12,South Asia
2022-01-01,4.01E+12,South Asia
2023-01-01,4.14E+12,South Asia
2024-01-01,4.23E+12,South Asia
2025-01-01,4.49E+12,South Asia
2026-01-01,4.67E+12,South Asia
2027-01-01,4.81E+12,South Asia
2028-01-01,4.90E+12,South Asia
2029-01-01,5.16E+12,South Asia
2030-01-01,5.34E+12,South Asia
2021-01-01,3.82E+12,South Asia (IDA & IBRD)
2022-01-01,4.01E+12,South Asia (IDA & IBRD)
2023-01-01,4.14E+12,South Asia (IDA & IBRD)
2024-01-01,4.23E+12,South Asia (IDA & IBRD)
2025-01-01,4.49E+12,South Asia (IDA & IBRD)
2026-01-01,4.67E+12,South Asia (IDA & IBRD)
2027-01-01,4.81E+12,South Asia (IDA & IBRD)
2028-01-01,4.90E+12,South Asia (IDA & IBRD)
2029-01-01,5.16E+12,South Asia (IDA & IBRD)
2030-01-01,5.34E+12,South Asia (IDA & IBRD)
2021-01-01,14737371377,South Sudan
2022-01-01,13967672191,South Sudan
2023-01-01,13211676283,South Sudan
2024-01-01,12470250496,South Sudan
2025-01-01,14561447093,South Sudan
2026-01-01,13791747907,South Sudan
2027-01-01,13035751999,South Sudan
2028-01-01,12294326212,South Sudan
2029-01-01,14385522809,South Sudan
2030-01-01,13615823622,South Sudan
2021-01-01,1.48E+12,Spain
2022-01-01,1.52E+12,Spain
2023-01-01,1.56E+12,Spain
2024-01-01,1.60E+12,Spain
2025-01-01,1.57E+12,Spain
2026-01-01,1.62E+12,Spain
2027-01-01,1.66E+12,Spain
2028-01-01,1.70E+12,Spain
2029-01-01,1.67E+12,Spain
2030-01-01,1.71E+12,Spain
2021-01-01,1.04E+11,Sri Lanka
2022-01-01,1.07E+11,Sri Lanka
2023-01-01,1.11E+11,Sri Lanka
2024-01-01,1.13E+11,Sri Lanka
2025-01-01,1.22E+11,Sri Lanka
2026-01-01,1.26E+11,Sri Lanka
2027-01-01,1.29E+11,Sri Lanka
2028-01-01,1.32E+11,Sri Lanka
2029-01-01,1.40E+11,Sri Lanka
2030-01-01,1.44E+11,Sri Lanka
2021-01-01,1108249898,St. Kitts and Nevis
2022-01-01,1143620514,St. Kitts and Nevis
2023-01-01,1168100570,St. Kitts and Nevis
2024-01-01,1181699081,St. Kitts and Nevis
2025-01-01,1236427192,St. Kitts and Nevis
2026-01-01,1271797808,St. Kitts and Nevis
2027-01-01,1296277863,St. Kitts and Nevis
2028-01-01,1309876374,St. Kitts and Nevis
2029-01-01,1364604485,St. Kitts and Nevis
2030-01-01,1399975102,St. Kitts and Nevis
2021-01-01,2178067337,St. Lucia
2022-01-01,2245992538,St. Lucia
2023-01-01,2288107428,St. Lucia
2024-01-01,2304434459,St. Lucia
2025-01-01,2428091099,St. Lucia
2026-01-01,2496016300,St. Lucia
2027-01-01,2538131191,St. Lucia
2028-01-01,2554458222,St. Lucia
2029-01-01,2678114862,St. Lucia
2030-01-01,2746040063,St. Lucia
2021-01-01,837395033,St. Vincent and the Grenadines
2022-01-01,856633860.2,St. Vincent and the Grenadines
2023-01-01,871778746.8,St. Vincent and the Grenadines
2024-01-01,882827265.6,St. Vincent and the Grenadines
2025-01-01,893670910,St. Vincent and the Grenadines
2026-01-01,912909737.2,St. Vincent and the Grenadines
2027-01-01,928054623.7,St. Vincent and the Grenadines
2028-01-01,939103142.5,St. Vincent and the Grenadines
2029-01-01,949946786.9,St. Vincent and the Grenadines
2030-01-01,969185614.1,St. Vincent and the Grenadines
2021-01-01,2.09E+12,Sub-Saharan Africa
2022-01-01,2.17E+12,Sub-Saharan Africa
2023-01-01,2.24E+12,Sub-Saharan Africa
2024-01-01,2.30E+12,Sub-Saharan Africa
2025-01-01,2.40E+12,Sub-Saharan Africa
2026-01-01,2.48E+12,Sub-Saharan Africa
2027-01-01,2.55E+12,Sub-Saharan Africa
2028-01-01,2.61E+12,Sub-Saharan Africa
2029-01-01,2.72E+12,Sub-Saharan Africa
2030-01-01,2.79E+12,Sub-Saharan Africa
2021-01-01,2.09E+12,Sub-Saharan Africa (IDA & IBRD countries)
2022-01-01,2.17E+12,Sub-Saharan Africa (IDA & IBRD countries)
2023-01-01,2.24E+12,Sub-Saharan Africa (IDA & IBRD countries)
2024-01-01,2.30E+12,Sub-Saharan Africa (IDA & IBRD countries)
2025-01-01,2.40E+12,Sub-Saharan Africa (IDA & IBRD countries)
2026-01-01,2.48E+12,Sub-Saharan Africa (IDA & IBRD countries)
2027-01-01,2.55E+12,Sub-Saharan Africa (IDA & IBRD countries)
2028-01-01,2.61E+12,Sub-Saharan Africa (IDA & IBRD countries)
2029-01-01,2.72E+12,Sub-Saharan Africa (IDA & IBRD countries)
2030-01-01,2.79E+12,Sub-Saharan Africa (IDA & IBRD countries)
2021-01-01,2.09E+12,Sub-Saharan Africa (excluding high income)
2022-01-01,2.17E+12,Sub-Saharan Africa (excluding high income)
2023-01-01,2.23E+12,Sub-Saharan Africa (excluding high income)
2024-01-01,2.30E+12,Sub-Saharan Africa (excluding high income)
2025-01-01,2.40E+12,Sub-Saharan Africa (excluding high income)
2026-01-01,2.48E+12,Sub-Saharan Africa (excluding high income)
2027-01-01,2.55E+12,Sub-Saharan Africa (excluding high income)
2028-01-01,2.61E+12,Sub-Saharan Africa (excluding high income)
2029-01-01,2.71E+12,Sub-Saharan Africa (excluding high income)
2030-01-01,2.79E+12,Sub-Saharan Africa (excluding high income)
2021-01-01,54762045379,Sudan
2022-01-01,56075565365,Sudan
2023-01-01,57216313650,Sudan
2024-01-01,58184478734,Sudan
2025-01-01,59948060862,Sudan
2026-01-01,61261580849,Sudan
2027-01-01,62402329133,Sudan
2028-01-01,63370494218,Sudan
2029-01-01,65134076346,Sudan
2030-01-01,66447596332,Sudan
2021-01-01,5418693948,Suriname
2022-01-01,5563505891,Suriname
2023-01-01,5689630503,Suriname
2024-01-01,5797140626,Suriname
2025-01-01,6163262035,Suriname
2026-01-01,6308073978,Suriname
2027-01-01,6434198591,Suriname
2028-01-01,6541708714,Suriname
2029-01-01,6907830123,Suriname
2030-01-01,7052642066,Suriname
2021-01-01,6.10E+11,Sweden
2022-01-01,6.32E+11,Sweden
2023-01-01,6.53E+11,Sweden
2024-01-01,6.74E+11,Sweden
2025-01-01,6.67E+11,Sweden
2026-01-01,6.89E+11,Sweden
2027-01-01,7.10E+11,Sweden
2028-01-01,7.30E+11,Sweden
2029-01-01,7.23E+11,Sweden
2030-01-01,7.45E+11,Sweden
2021-01-01,8.39E+11,Switzerland
2022-01-01,8.70E+11,Switzerland
2023-01-01,8.99E+11,Switzerland
2024-01-01,9.28E+11,Switzerland
2025-01-01,9.39E+11,Switzerland
2026-01-01,9.70E+11,Switzerland
2027-01-01,1.00E+12,Switzerland
2028-01-01,1.03E+12,Switzerland
2029-01-01,1.04E+12,Switzerland
2030-01-01,1.07E+12,Switzerland
2021-01-01,83662105788,Syrian Arab Republic
2022-01-01,86325655698,Syrian Arab Republic
2023-01-01,88823342326,Syrian Arab Republic
2024-01-01,91156057203,Syrian Arab Republic
2025-01-01,96680340158,Syrian Arab Republic
2026-01-01,99343890069,Syrian Arab Republic
2027-01-01,1.02E+11,Syrian Arab Republic
2028-01-01,1.04E+11,Syrian Arab Republic
2029-01-01,1.10E+11,Syrian Arab Republic
2030-01-01,1.12E+11,Syrian Arab Republic
2021-01-01,10175075512,Tajikistan
2022-01-01,10564650867,Tajikistan
2023-01-01,10945834812,Tajikistan
2024-01-01,11318698933,Tajikistan
2025-01-01,11935463413,Tajikistan
2026-01-01,12325038768,Tajikistan
2027-01-01,12706222713,Tajikistan
2028-01-01,13079086834,Tajikistan
2029-01-01,13695851314,Tajikistan
2030-01-01,14085426669,Tajikistan
2021-01-01,66730508938,Tanzania
2022-01-01,68981425671,Tanzania
2023-01-01,71488974983,Tanzania
2024-01-01,74253794432,Tanzania
2025-01-01,78536847430,Tanzania
2026-01-01,80787764162,Tanzania
2027-01-01,83295313474,Tanzania
2028-01-01,86060132923,Tanzania
2029-01-01,90343185921,Tanzania
2030-01-01,92594102653,Tanzania
2021-01-01,5.60E+11,Thailand
2022-01-01,5.86E+11,Thailand
2023-01-01,6.07E+11,Thailand
2024-01-01,6.23E+11,Thailand
2025-01-01,6.48E+11,Thailand
2026-01-01,6.75E+11,Thailand
2027-01-01,6.96E+11,Thailand
2028-01-01,7.11E+11,Thailand
2029-01-01,7.37E+11,Thailand
2030-01-01,7.63E+11,Thailand
2021-01-01,1988924169,Timor-Leste
2022-01-01,2073378393,Timor-Leste
2023-01-01,2153930053,Timor-Leste
2024-01-01,2230586190,Timor-Leste
2025-01-01,2344739082,Timor-Leste
2026-01-01,2429193306,Timor-Leste
2027-01-01,2509744966,Timor-Leste
2028-01-01,2586401102,Timor-Leste
2029-01-01,2700553995,Timor-Leste
2030-01-01,2785008219,Timor-Leste
2021-01-01,7286578029,Togo
2022-01-01,7564417302,Togo
2023-01-01,7894016499,Togo
2024-01-01,8275360536,Togo
2025-01-01,8536240716,Togo
2026-01-01,8814079989,Togo
2027-01-01,9143679186,Togo
2028-01-01,9525023223,Togo
2029-01-01,9785903403,Togo
2030-01-01,10063742676,Togo
2021-01-01,556134871.8,Tonga
2022-01-01,577293869.3,Tonga
2023-01-01,600178784.1,Tonga
2024-01-01,624784657.6,Tonga
2025-01-01,630681235.1,Tonga
2026-01-01,651840232.6,Tonga
2027-01-01,674725147.4,Tonga
2028-01-01,699331020.9,Tonga
2029-01-01,705227598.4,Tonga
2030-01-01,726386596,Tonga
2021-01-01,27488999341,Trinidad and Tobago
2022-01-01,28667693796,Trinidad and Tobago
2023-01-01,29813625367,Trinidad and Tobago
2024-01-01,30926274419,Trinidad and Tobago
2025-01-01,30366310664,Trinidad and Tobago
2026-01-01,31545005119,Trinidad and Tobago
2027-01-01,32690936690,Trinidad and Tobago
2028-01-01,33803585742,Trinidad and Tobago
2029-01-01,33243621988,Trinidad and Tobago
2030-01-01,34422316442,Trinidad and Tobago
2021-01-01,46912619203,Tunisia
2022-01-01,48107851228,Tunisia
2023-01-01,49314851730,Tunisia
2024-01-01,50533191132,Tunisia
2025-01-01,50326931737,Tunisia
2026-01-01,51522163762,Tunisia
2027-01-01,52729164264,Tunisia
2028-01-01,53947503666,Tunisia
2029-01-01,53741244270,Tunisia
2030-01-01,54936476296,Tunisia
2021-01-01,1.01E+12,Turkey
2022-01-01,1.04E+12,Turkey
2023-01-01,1.07E+12,Turkey
2024-01-01,1.10E+12,Turkey
2025-01-01,1.13E+12,Turkey
2026-01-01,1.16E+12,Turkey
2027-01-01,1.20E+12,Turkey
2028-01-01,1.23E+12,Turkey
2029-01-01,1.26E+12,Turkey
2030-01-01,1.29E+12,Turkey
2021-01-01,52454329192,Turkmenistan
2022-01-01,54766882785,Turkmenistan
2023-01-01,57190151735,Turkmenistan
2024-01-01,59724321455,Turkmenistan
2025-01-01,62690978810,Turkmenistan
2026-01-01,65003532404,Turkmenistan
2027-01-01,67426801354,Turkmenistan
2028-01-01,69960971074,Turkmenistan
2029-01-01,72927628429,Turkmenistan
2030-01-01,75240182023,Turkmenistan
2021-01-01,1135515489,Turks and Caicos Islands
2022-01-01,1186798954,Turks and Caicos Islands
2023-01-01,1230068383,Turks and Caicos Islands
2024-01-01,1265315434,Turks and Caicos Islands
2025-01-01,1283138894,Turks and Caicos Islands
2026-01-01,1334422358,Turks and Caicos Islands
2027-01-01,1377691788,Turks and Caicos Islands
2028-01-01,1412938838,Turks and Caicos Islands
2029-01-01,1430762298,Turks and Caicos Islands
2030-01-01,1482045763,Turks and Caicos Islands
2021-01-01,47929480.65,Tuvalu
2022-01-01,50417670.97,Tuvalu
2023-01-01,52827815.53,Tuvalu
2024-01-01,55158940.62,Tuvalu
2025-01-01,54589462.15,Tuvalu
2026-01-01,57077652.47,Tuvalu
2027-01-01,59487797.02,Tuvalu
2028-01-01,61818922.12,Tuvalu
2029-01-01,61249443.64,Tuvalu
2030-01-01,63737633.96,Tuvalu
2021-01-01,42386947592,Uganda
2022-01-01,43615391371,Uganda
2023-01-01,44710873940,Uganda
2024-01-01,45674313800,Uganda
2025-01-01,49795207066,Uganda
2026-01-01,51023650844,Uganda
2027-01-01,52119133414,Uganda
2028-01-01,53082573273,Uganda
2029-01-01,57203466539,Uganda
2030-01-01,58431910318,Uganda
2021-01-01,1.57E+11,Ukraine
2022-01-01,1.66E+11,Ukraine
2023-01-01,1.75E+11,Ukraine
2024-01-01,1.84E+11,Ukraine
2025-01-01,1.75E+11,Ukraine
2026-01-01,1.83E+11,Ukraine
2027-01-01,1.92E+11,Ukraine
2028-01-01,2.01E+11,Ukraine
2029-01-01,1.92E+11,Ukraine
2030-01-01,2.01E+11,Ukraine
2021-01-01,4.87E+11,United Arab Emirates
2022-01-01,5.09E+11,United Arab Emirates
2023-01-01,5.32E+11,United Arab Emirates
2024-01-01,5.56E+11,United Arab Emirates
2025-01-01,5.61E+11,United Arab Emirates
2026-01-01,5.84E+11,United Arab Emirates
2027-01-01,6.07E+11,United Arab Emirates
2028-01-01,6.31E+11,United Arab Emirates
2029-01-01,6.36E+11,United Arab Emirates
2030-01-01,6.58E+11,United Arab Emirates
2021-01-01,2.93E+12,United Kingdom
2022-01-01,3.05E+12,United Kingdom
2023-01-01,3.15E+12,United Kingdom
2024-01-01,3.22E+12,United Kingdom
2025-01-01,3.09E+12,United Kingdom
2026-01-01,3.21E+12,United Kingdom
2027-01-01,3.31E+12,United Kingdom
2028-01-01,3.39E+12,United Kingdom
2029-01-01,3.26E+12,United Kingdom
2030-01-01,3.38E+12,United Kingdom
2021-01-01,2.20E+13,United States
2022-01-01,2.27E+13,United States
2023-01-01,2.34E+13,United States
2024-01-01,2.39E+13,United States
2025-01-01,2.45E+13,United States
2026-01-01,2.53E+13,United States
2027-01-01,2.59E+13,United States
2028-01-01,2.64E+13,United States
2029-01-01,2.70E+13,United States
2030-01-01,2.78E+13,United States
2021-01-01,2.75E+13,Upper middle income
2022-01-01,2.85E+13,Upper middle income
2023-01-01,2.95E+13,Upper middle income
2024-01-01,3.04E+13,Upper middle income
2025-01-01,3.22E+13,Upper middle income
2026-01-01,3.33E+13,Upper middle income
2027-01-01,3.42E+13,Upper middle income
2028-01-01,3.51E+13,Upper middle income
2029-01-01,3.69E+13,Upper middle income
2030-01-01,3.80E+13,Upper middle income
2021-01-01,75839120305,Uruguay
2022-01-01,76669953919,Uruguay
2023-01-01,77581038153,Uruguay
2024-01-01,78575083044,Uruguay
2025-01-01,88376176562,Uruguay
2026-01-01,89207010176,Uruguay
2027-01-01,90118094410,Uruguay
2028-01-01,91112139300,Uruguay
2029-01-01,1.01E+11,Uruguay
2030-01-01,1.02E+11,Uruguay
2021-01-01,81316474971,Uzbekistan
2022-01-01,85288153485,Uzbekistan
2023-01-01,89274961094,Uzbekistan
2024-01-01,93276516173,Uzbekistan
2025-01-01,96052548913,Uzbekistan
2026-01-01,1.00E+11,Uzbekistan
2027-01-01,1.04E+11,Uzbekistan
2028-01-01,1.08E+11,Uzbekistan
2029-01-01,1.11E+11,Uzbekistan
2030-01-01,1.15E+11,Uzbekistan
2021-01-01,977368956.3,Vanuatu
2022-01-01,1005759963,Vanuatu
2023-01-01,1029699701,Vanuatu
2024-01-01,1049193808,Vanuatu
2025-01-01,1094241375,Vanuatu
2026-01-01,1122632382,Vanuatu
2027-01-01,1146572120,Vanuatu
2028-01-01,1166066228,Vanuatu
2029-01-01,1211113795,Vanuatu
2030-01-01,1239504801,Vanuatu
2021-01-01,6.67E+11,"Venezuela, RB"
2022-01-01,6.91E+11,"Venezuela, RB"
2023-01-01,7.15E+11,"Venezuela, RB"
2024-01-01,7.40E+11,"Venezuela, RB"
2025-01-01,7.87E+11,"Venezuela, RB"
2026-01-01,8.11E+11,"Venezuela, RB"
2027-01-01,8.35E+11,"Venezuela, RB"
2028-01-01,8.60E+11,"Venezuela, RB"
2029-01-01,9.07E+11,"Venezuela, RB"
2030-01-01,9.31E+11,"Venezuela, RB"
2021-01-01,2.89E+11,Vietnam
2022-01-01,3.02E+11,Vietnam
2023-01-01,3.16E+11,Vietnam
2024-01-01,3.32E+11,Vietnam
2025-01-01,3.49E+11,Vietnam
2026-01-01,3.62E+11,Vietnam
2027-01-01,3.76E+11,Vietnam
2028-01-01,3.92E+11,Vietnam
2029-01-01,4.09E+11,Vietnam
2030-01-01,4.22E+11,Vietnam
2021-01-01,3999138724,Virgin Islands (U.S.)
2022-01-01,3980547517,Virgin Islands (U.S.)
2023-01-01,3968896550,Virgin Islands (U.S.)
2024-01-01,3964193425,Virgin Islands (U.S.)
2025-01-01,3986962485,Virgin Islands (U.S.)
2026-01-01,3968371279,Virgin Islands (U.S.)
2027-01-01,3956720312,Virgin Islands (U.S.)
2028-01-01,3952017187,Virgin Islands (U.S.)
2029-01-01,3974786247,Virgin Islands (U.S.)
2030-01-01,3956195041,Virgin Islands (U.S.)
2021-01-01,19168653033,West Bank and Gaza
2022-01-01,19687407337,West Bank and Gaza
2023-01-01,20245763840,West Bank and Gaza
2024-01-01,20844035384,West Bank and Gaza
2025-01-01,22449534404,West Bank and Gaza
2026-01-01,22968288709,West Bank and Gaza
2027-01-01,23526645212,West Bank and Gaza
2028-01-01,24124916755,West Bank and Gaza
2029-01-01,25730415776,West Bank and Gaza
2030-01-01,26249170080,West Bank and Gaza
2021-01-01,8.93E+13,World
2022-01-01,9.16E+13,World
2023-01-01,9.35E+13,World
2024-01-01,9.49E+13,World
2025-01-01,9.67E+13,World
2026-01-01,9.90E+13,World
2027-01-01,1.01E+14,World
2028-01-01,1.02E+14,World
2029-01-01,1.04E+14,World
2030-01-01,1.06E+14,World
2021-01-01,42430252523,"Yemen, Rep."
2022-01-01,44826912237,"Yemen, Rep."
2023-01-01,47155286897,"Yemen, Rep."
2024-01-01,49414417489,"Yemen, Rep."
2025-01-01,48647597765,"Yemen, Rep."
2026-01-01,51044257478,"Yemen, Rep."
2027-01-01,53372632138,"Yemen, Rep."
2028-01-01,55631762730,"Yemen, Rep."
2029-01-01,54864943006,"Yemen, Rep."
2030-01-01,57261602720,"Yemen, Rep."
2021-01-01,31354987612,Zambia
2022-01-01,31824064032,Zambia
2023-01-01,32239007160,Zambia
2024-01-01,32600795946,Zambia
2025-01-01,36206250800,Zambia
2026-01-01,36675327220,Zambia
2027-01-01,37090270348,Zambia
2028-01-01,37452059134,Zambia
2029-01-01,41057513988,Zambia
2030-01-01,41526590407,Zambia
2021-01-01,23621649266,Zimbabwe
2022-01-01,23868982930,Zimbabwe
2023-01-01,24114588158,Zimbabwe
2024-01-01,24359334894,Zimbabwe
2025-01-01,27454811555,Zimbabwe
2026-01-01,27702145219,Zimbabwe
2027-01-01,27947750447,Zimbabwe
2028-01-01,28192497183,Zimbabwe
2029-01-01,31287973844,Zimbabwe
2030-01-01,31535307508,Zimbabwe