time,GHG Emision (CO2 eqv),Country
2021-01-01,120022.747,Afghanistan
2022-01-01,125833.0958,Afghanistan
2023-01-01,131551.7105,Afghanistan
2024-01-01,137178.8998,Afghanistan
2025-01-01,144061.7966,Afghanistan
2026-01-01,149872.1455,Afghanistan
2027-01-01,155590.7601,Afghanistan
2028-01-01,161217.9495,Afghanistan
2029-01-01,168100.8463,Afghanistan
2030-01-01,173911.1951,Afghanistan
2021-01-01,1527252.164,Africa Eastern and Southern
2022-01-01,1542085.607,Africa Eastern and Southern
2023-01-01,1562078.938,Africa Eastern and Southern
2024-01-01,1587234.16,Africa Eastern and Southern
2025-01-01,1587183.35,Africa Eastern and Southern
2026-01-01,1602016.793,Africa Eastern and Southern
2027-01-01,1622010.124,Africa Eastern and Southern
2028-01-01,1647165.346,Africa Eastern and Southern
2029-01-01,1647114.536,Africa Eastern and Southern
2030-01-01,1661947.98,Africa Eastern and Southern
2021-01-01,946264.8193,Africa Western and Central
2022-01-01,971262.9786,Africa Western and Central
2023-01-01,994614.0657,Africa Western and Central
2024-01-01,1016317.138,Africa Western and Central
2025-01-01,1038161.714,Africa Western and Central
2026-01-01,1063159.874,Africa Western and Central
2027-01-01,1086510.961,Africa Western and Central
2028-01-01,1108214.032,Africa Western and Central
2029-01-01,1130058.609,Africa Western and Central
2030-01-01,1155056.769,Africa Western and Central
2021-01-01,10245.99902,Albania
2022-01-01,10503.45542,Albania
2023-01-01,10618.70726,Albania
2024-01-01,10591.69978,Albania
2025-01-01,10623.10001,Albania
2026-01-01,10880.55641,Albania
2027-01-01,10995.80826,Albania
2028-01-01,10968.80078,Albania
2029-01-01,11000.201,Albania
2030-01-01,11257.6574,Albania
2021-01-01,233044.8367,Algeria
2022-01-01,238975.6533,Algeria
2023-01-01,243843.3871,Algeria
2024-01-01,247646.087,Algeria
2025-01-01,251795.5974,Algeria
2026-01-01,257726.4139,Algeria
2027-01-01,262594.1477,Algeria
2028-01-01,266396.8477,Algeria
2029-01-01,270546.358,Algeria
2030-01-01,276477.1746,Algeria
2021-01-01,593.4732384,Andorra
2022-01-01,589.7471578,Andorra
2023-01-01,590.8122751,Andorra
2024-01-01,596.6816826,Andorra
2025-01-01,597.2646762,Andorra
2026-01-01,593.5385956,Andorra
2027-01-01,594.6037129,Andorra
2028-01-01,600.4731204,Andorra
2029-01-01,601.056114,Andorra
2030-01-01,597.3300335,Andorra
2021-01-01,98135.24459,Angola
2022-01-01,101513.2216,Angola
2023-01-01,105043.5768,Angola
2024-01-01,108724.2292,Angola
2025-01-01,106155.3785,Angola
2026-01-01,109533.3556,Angola
2027-01-01,113063.7108,Angola
2028-01-01,116744.3632,Angola
2029-01-01,114175.5125,Angola
2030-01-01,117553.4895,Angola
2021-01-01,1441.331673,Antigua and Barbuda
2022-01-01,1426.829372,Antigua and Barbuda
2023-01-01,1423.812247,Antigua and Barbuda
2024-01-01,1432.32159,Antigua and Barbuda
2025-01-01,1567.130021,Antigua and Barbuda
2026-01-01,1552.62772,Antigua and Barbuda
2027-01-01,1549.610596,Antigua and Barbuda
2028-01-01,1558.119938,Antigua and Barbuda
2029-01-01,1692.928369,Antigua and Barbuda
2030-01-01,1678.426069,Antigua and Barbuda
2021-01-01,2675568.628,Arab World
2022-01-01,2701618.335,Arab World
2023-01-01,2739739.062,Arab World
2024-01-01,2790035.35,Arab World
2025-01-01,2831812.208,Arab World
2026-01-01,2857861.915,Arab World
2027-01-01,2895982.642,Arab World
2028-01-01,2946278.93,Arab World
2029-01-01,2988055.788,Arab World
2030-01-01,3014105.495,Arab World
2021-01-01,378506.2365,Argentina
2022-01-01,381762.3795,Argentina
2023-01-01,387522.6707,Argentina
2024-01-01,395781.1282,Argentina
2025-01-01,392055.74,Argentina
2026-01-01,395311.8829,Argentina
2027-01-01,401072.1742,Argentina
2028-01-01,409330.6317,Argentina
2029-01-01,405605.2434,Argentina
2030-01-01,408861.3864,Argentina
2021-01-01,10460.73219,Armenia
2022-01-01,10711.57645,Armenia
2023-01-01,11075.42999,Armenia
2024-01-01,11552.09991,Armenia
2025-01-01,11316.46968,Armenia
2026-01-01,11567.31394,Armenia
2027-01-01,11931.16748,Armenia
2028-01-01,12407.8374,Armenia
2029-01-01,12172.20717,Armenia
2030-01-01,12423.05143,Armenia
2021-01-01,604720.0894,Australia
2022-01-01,608169.1522,Australia
2023-01-01,611234.6752,Australia
2024-01-01,613913.2465,Australia
2025-01-01,606004.9961,Australia
2026-01-01,609454.0588,Australia
2027-01-01,612519.5818,Australia
2028-01-01,615198.1531,Australia
2029-01-01,607289.9027,Australia
2030-01-01,610738.9654,Australia
2021-01-01,71126.491,Austria
2022-01-01,70930.737,Austria
2023-01-01,70639.24543,Austria
2024-01-01,70251.31408,Austria
2025-01-01,67821.92617,Austria
2026-01-01,67626.17218,Austria
2027-01-01,67334.68061,Austria
2028-01-01,66946.74925,Austria
2029-01-01,64517.36135,Austria
2030-01-01,64321.60735,Austria
2021-01-01,91679.56249,Azerbaijan
2022-01-01,93267.83885,Azerbaijan
2023-01-01,95010.8088,Azerbaijan
2024-01-01,96908.30503,Azerbaijan
2025-01-01,98006.90654,Azerbaijan
2026-01-01,99595.1829,Azerbaijan
2027-01-01,101338.1529,Azerbaijan
2028-01-01,103235.6491,Azerbaijan
2029-01-01,104334.2506,Azerbaijan
2030-01-01,105922.5269,Azerbaijan
2021-01-01,3489.560599,"Bahamas, The"
2022-01-01,3297.402984,"Bahamas, The"
2023-01-01,3147.213076,"Bahamas, The"
2024-01-01,3039.207288,"Bahamas, The"
2025-01-01,3607.370685,"Bahamas, The"
2026-01-01,3415.21307,"Bahamas, The"
2027-01-01,3265.023162,"Bahamas, The"
2028-01-01,3157.017375,"Bahamas, The"
2029-01-01,3725.180772,"Bahamas, The"
2030-01-01,3533.023156,"Bahamas, The"
2021-01-01,52710.54713,Bahrain
2022-01-01,53920.71921,Bahrain
2023-01-01,54813.26825,Bahrain
2024-01-01,55388.52914,Bahrain
2025-01-01,57015.11191,Bahrain
2026-01-01,58225.28399,Bahrain
2027-01-01,59117.83303,Bahrain
2028-01-01,59693.09391,Bahrain
2029-01-01,61319.67669,Bahrain
2030-01-01,62529.84877,Bahrain
2021-01-01,213877.3049,Bangladesh
2022-01-01,220174.5392,Bangladesh
2023-01-01,225520.1941,Bangladesh
2024-01-01,229914.4567,Bangladesh
2025-01-01,236029.1036,Bangladesh
2026-01-01,242326.3379,Bangladesh
2027-01-01,247671.9928,Bangladesh
2028-01-01,252066.2554,Bangladesh
2029-01-01,258180.9023,Bangladesh
2030-01-01,264478.1366,Bangladesh
2021-01-01,4301.142123,Barbados
2022-01-01,4149.527304,Barbados
2023-01-01,4052.119071,Barbados
2024-01-01,4009.041084,Barbados
2025-01-01,4326.47275,Barbados
2026-01-01,4174.857931,Barbados
2027-01-01,4077.449697,Barbados
2028-01-01,4034.371711,Barbados
2029-01-01,4351.803377,Barbados
2030-01-01,4200.188558,Barbados
2021-01-01,85440.69923,Belarus
2022-01-01,84842.24702,Belarus
2023-01-01,84341.6201,Belarus
2024-01-01,83940.00973,Belarus
2025-01-01,84171.02438,Belarus
2026-01-01,83572.57218,Belarus
2027-01-01,83071.94525,Belarus
2028-01-01,82670.33488,Belarus
2029-01-01,82901.34953,Belarus
2030-01-01,82302.89733,Belarus
2021-01-01,102460.7171,Belgium
2022-01-01,100732.7014,Belgium
2023-01-01,99599.23681,Belgium
2024-01-01,99060.48494,Belgium
2025-01-01,97275.27491,Belgium
2026-01-01,95547.2592,Belgium
2027-01-01,94413.7946,Belgium
2028-01-01,93875.04274,Belgium
2029-01-01,92089.83271,Belgium
2030-01-01,90361.817,Belgium
2021-01-01,1827.238312,Belize
2022-01-01,1811.656217,Belize
2023-01-01,1804.215025,Belize
2024-01-01,1804.972055,Belize
2025-01-01,1991.713857,Belize
2026-01-01,1976.131762,Belize
2027-01-01,1968.69057,Belize
2028-01-01,1969.447599,Belize
2029-01-01,2156.189401,Belize
2030-01-01,2140.607306,Belize
2021-01-01,18919.22851,Benin
2022-01-01,19710.02,Benin
2023-01-01,20334.29269,Benin
2024-01-01,20792.15737,Benin
2025-01-01,21607.7532,Benin
2026-01-01,22398.54468,Benin
2027-01-01,23022.81738,Benin
2028-01-01,23480.68206,Benin
2029-01-01,24296.27789,Benin
2030-01-01,25087.06937,Benin
2021-01-01,2792.039519,Bhutan
2022-01-01,2870.641644,Bhutan
2023-01-01,2958.470619,Bhutan
2024-01-01,3055.544237,Bhutan
2025-01-01,3202.118064,Bhutan
2026-01-01,3280.720189,Bhutan
2027-01-01,3368.549163,Bhutan
2028-01-01,3465.622782,Bhutan
2029-01-01,3612.196609,Bhutan
2030-01-01,3690.798734,Bhutan
2021-01-01,62245.23212,Bolivia
2022-01-01,63828.11887,Bolivia
2023-01-01,65334.1081,Bolivia
2024-01-01,66763.52757,Bolivia
2025-01-01,68148.70486,Bolivia
2026-01-01,69731.59161,Bolivia
2027-01-01,71237.58084,Bolivia
2028-01-01,72667.00031,Bolivia
2029-01-01,74052.1776,Bolivia
2030-01-01,75635.06435,Bolivia
2021-01-01,30153.7882,Bosnia and Herzegovina
2022-01-01,30771.62837,Bosnia and Herzegovina
2023-01-01,31571.07675,Bosnia and Herzegovina
2024-01-01,32551.79023,Bosnia and Herzegovina
2025-01-01,32318.60039,Bosnia and Herzegovina
2026-01-01,32936.44057,Bosnia and Herzegovina
2027-01-01,33735.88895,Bosnia and Herzegovina
2028-01-01,34716.60242,Bosnia and Herzegovina
2029-01-01,34483.41259,Bosnia and Herzegovina
2030-01-01,35101.25276,Bosnia and Herzegovina
2021-01-01,17676.22161,Botswana
2022-01-01,18050.67739,Botswana
2023-01-01,18321.27054,Botswana
2024-01-01,18487.89835,Botswana
2025-01-01,18402.48207,Botswana
2026-01-01,18776.93785,Botswana
2027-01-01,19047.531,Botswana
2028-01-01,19214.15881,Botswana
2029-01-01,19128.74253,Botswana
2030-01-01,19503.19831,Botswana
2021-01-01,1098646.972,Brazil
2022-01-01,1112586.418,Brazil
2023-01-01,1123699.359,Brazil
2024-01-01,1131981.802,Brazil
2025-01-01,1130239.793,Brazil
2026-01-01,1144179.238,Brazil
2027-01-01,1155292.18,Brazil
2028-01-01,1163574.623,Brazil
2029-01-01,1161832.614,Brazil
2030-01-01,1175772.059,Brazil
2021-01-01,15465.73555,Brunei Darussalam
2022-01-01,15339.25436,Brunei Darussalam
2023-01-01,15131.18923,Brunei Darussalam
2024-01-01,14841.61739,Brunei Darussalam
2025-01-01,14662.19755,Brunei Darussalam
2026-01-01,14535.71636,Brunei Darussalam
2027-01-01,14327.65123,Brunei Darussalam
2028-01-01,14038.07938,Brunei Darussalam
2029-01-01,13858.65955,Brunei Darussalam
2030-01-01,13732.17836,Brunei Darussalam
2021-01-01,51177.52358,Bulgaria
2022-01-01,52531.98382,Bulgaria
2023-01-01,53235.26079,Bulgaria
2024-01-01,53285.56721,Bulgaria
2025-01-01,49336.81729,Bulgaria
2026-01-01,50691.27753,Bulgaria
2027-01-01,51394.5545,Bulgaria
2028-01-01,51444.86092,Bulgaria
2029-01-01,47496.111,Bulgaria
2030-01-01,48850.57124,Bulgaria
2021-01-01,33296.81184,Burkina Faso
2022-01-01,34023.49744,Burkina Faso
2023-01-01,34912.18446,Burkina Faso
2024-01-01,35962.57789,Burkina Faso
2025-01-01,36472.61165,Burkina Faso
2026-01-01,37199.29725,Burkina Faso
2027-01-01,38087.98428,Burkina Faso
2028-01-01,39138.3777,Burkina Faso
2029-01-01,39648.41146,Burkina Faso
2030-01-01,40375.09706,Burkina Faso
2021-01-01,5967.263446,Burundi
2022-01-01,6071.836248,Burundi
2023-01-01,6193.373628,Burundi
2024-01-01,6331.978411,Burundi
2025-01-01,6739.680063,Burundi
2026-01-01,6844.252865,Burundi
2027-01-01,6965.790246,Burundi
2028-01-01,7104.395028,Burundi
2029-01-01,7512.096681,Burundi
2030-01-01,7616.669483,Burundi
2021-01-01,899.1638345,Cabo Verde
2022-01-01,918.1547234,Cabo Verde
2023-01-01,934.8158141,Cabo Verde
2024-01-01,949.1507478,Cabo Verde
2025-01-01,976.0581126,Cabo Verde
2026-01-01,995.0490015,Cabo Verde
2027-01-01,1011.710092,Cabo Verde
2028-01-01,1026.045026,Cabo Verde
2029-01-01,1052.952391,Cabo Verde
2030-01-01,1071.94328,Cabo Verde
2021-01-01,41257.52274,Cambodia
2022-01-01,42421.29349,Cambodia
2023-01-01,43563.68362,Cambodia
2024-01-01,44684.46578,Cambodia
2025-01-01,46054.86395,Cambodia
2026-01-01,47218.6347,Cambodia
2027-01-01,48361.02483,Cambodia
2028-01-01,49481.80699,Cambodia
2029-01-01,50852.20515,Cambodia
2030-01-01,52015.97591,Cambodia
2021-01-01,91076.66485,Cameroon
2022-01-01,91850.90133,Cameroon
2023-01-01,92415.20409,Cameroon
2024-01-01,92767.17927,Cameroon
2025-01-01,93687.37224,Cameroon
2026-01-01,94461.60872,Cameroon
2027-01-01,95025.91148,Cameroon
2028-01-01,95377.88665,Cameroon
2029-01-01,96298.07962,Cameroon
2030-01-01,97072.31611,Cameroon
2021-01-01,708435.2475,Canada
2022-01-01,719482.6544,Canada
2023-01-01,723811.2164,Canada
2024-01-01,721415.0443,Canada
2025-01-01,715339.5807,Canada
2026-01-01,726386.9876,Canada
2027-01-01,730715.5495,Canada
2028-01-01,728319.3774,Canada
2029-01-01,722243.9138,Canada
2030-01-01,733291.3208,Canada
2021-01-01,60285.20655,Caribbean small states
2022-01-01,60425.04551,Caribbean small states
2023-01-01,60577.59639,Caribbean small states
2024-01-01,60743.21951,Caribbean small states
2025-01-01,62272.37557,Caribbean small states
2026-01-01,62412.21453,Caribbean small states
2027-01-01,62564.76541,Caribbean small states
2028-01-01,62730.38853,Caribbean small states
2029-01-01,64259.54459,Caribbean small states
2030-01-01,64399.38355,Caribbean small states
2021-01-01,59492.07618,Central African Republic
2022-01-01,61316.60191,Central African Republic
2023-01-01,63012.00414,Central African Republic
2024-01-01,64577.36506,Central African Republic
2025-01-01,64594.96639,Central African Republic
2026-01-01,66419.49213,Central African Republic
2027-01-01,68114.89435,Central African Republic
2028-01-01,69680.25527,Central African Republic
2029-01-01,69697.85661,Central African Republic
2030-01-01,71522.38234,Central African Republic
2021-01-01,810148.1541,Central Europe and the Baltics
2022-01-01,812318.3481,Central Europe and the Baltics
2023-01-01,811544.4115,Central Europe and the Baltics
2024-01-01,807817.4978,Central Europe and the Baltics
2025-01-01,782530.0331,Central Europe and the Baltics
2026-01-01,784700.2271,Central Europe and the Baltics
2027-01-01,783926.2904,Central Europe and the Baltics
2028-01-01,780199.3767,Central Europe and the Baltics
2029-01-01,754911.912,Central Europe and the Baltics
2030-01-01,757082.106,Central Europe and the Baltics
2021-01-01,92330.32567,Chad
2022-01-01,96046.70313,Chad
2023-01-01,100055.1065,Chad
2024-01-01,104352.51,Chad
2025-01-01,107239.2253,Chad
2026-01-01,110955.6027,Chad
2027-01-01,114964.0061,Chad
2028-01-01,119261.4096,Chad
2029-01-01,122148.1249,Chad
2030-01-01,125864.5024,Chad
2021-01-01,117909.3503,Chile
2022-01-01,119025.3408,Chile
2023-01-01,121875.1575,Chile
2024-01-01,126457.2216,Chile
2025-01-01,126509.2844,Chile
2026-01-01,127625.2749,Chile
2027-01-01,130475.0916,Chile
2028-01-01,135057.1556,Chile
2029-01-01,135109.2184,Chile
2030-01-01,136225.2089,Chile
2021-01-01,12610154.61,China
2022-01-01,12756616.72,China
2023-01-01,12830400.12,China
2024-01-01,12831482.28,China
2025-01-01,13064706.26,China
2026-01-01,13211168.37,China
2027-01-01,13284951.77,China
2028-01-01,13286033.93,China
2029-01-01,13519257.91,China
2030-01-01,13665720.02,China
2021-01-01,190674.8731,Colombia
2022-01-01,193604.0827,Colombia
2023-01-01,195863.9326,Colombia
2024-01-01,197453.7443,Colombia
2025-01-01,200279.8961,Colombia
2026-01-01,203209.1057,Colombia
2027-01-01,205468.9556,Colombia
2028-01-01,207058.7673,Colombia
2029-01-01,209884.9192,Colombia
2030-01-01,212814.1287,Colombia
2021-01-01,637.4204103,Comoros
2022-01-01,652.3907989,Comoros
2023-01-01,667.7074002,Comoros
2024-01-01,683.3766998,Comoros
2025-01-01,711.051869,Comoros
2026-01-01,726.0222575,Comoros
2027-01-01,741.3388589,Comoros
2028-01-01,757.0081584,Comoros
2029-01-01,784.6833276,Comoros
2030-01-01,799.6537162,Comoros
2021-01-01,63251.91208,"Congo, Dem. Rep."
2022-01-01,64657.38722,"Congo, Dem. Rep."
2023-01-01,65850.05273,"Congo, Dem. Rep."
2024-01-01,66829.88162,"Congo, Dem. Rep."
2025-01-01,67621.17299,"Congo, Dem. Rep."
2026-01-01,69026.64813,"Congo, Dem. Rep."
2027-01-01,70219.31364,"Congo, Dem. Rep."
2028-01-01,71199.14253,"Congo, Dem. Rep."
2029-01-01,71990.4339,"Congo, Dem. Rep."
2030-01-01,73395.90904,"Congo, Dem. Rep."
2021-01-01,10968.30042,"Congo, Rep."
2022-01-01,11249.74303,"Congo, Rep."
2023-01-01,11526.35005,"Congo, Rep."
2024-01-01,11798.01651,"Congo, Rep."
2025-01-01,11737.9083,"Congo, Rep."
2026-01-01,12019.35091,"Congo, Rep."
2027-01-01,12295.95793,"Congo, Rep."
2028-01-01,12567.62439,"Congo, Rep."
2029-01-01,12507.51618,"Congo, Rep."
2030-01-01,12788.95878,"Congo, Rep."
2021-01-01,16684.70194,Costa Rica
2022-01-01,16925.45443,Costa Rica
2023-01-01,17233.59884,Costa Rica
2024-01-01,17608.99911,Costa Rica
2025-01-01,17752.3678,Costa Rica
2026-01-01,17993.12029,Costa Rica
2027-01-01,18301.26471,Costa Rica
2028-01-01,18676.66497,Costa Rica
2029-01-01,18820.03367,Costa Rica
2030-01-01,19060.78615,Costa Rica
2021-01-01,18358.93031,Cote d'Ivoire
2022-01-01,17289.65095,Cote d'Ivoire
2023-01-01,16239.93416,Cote d'Ivoire
2024-01-01,15210.46511,Cote d'Ivoire
2025-01-01,16355.73693,Cote d'Ivoire
2026-01-01,15286.45758,Cote d'Ivoire
2027-01-01,14236.74078,Cote d'Ivoire
2028-01-01,13207.27173,Cote d'Ivoire
2029-01-01,14352.54356,Cote d'Ivoire
2030-01-01,13283.2642,Cote d'Ivoire
2021-01-01,20602.23557,Croatia
2022-01-01,20736.26203,Croatia
2023-01-01,20739.19339,Croatia
2024-01-01,20610.50403,Croatia
2025-01-01,19009.0801,Croatia
2026-01-01,19143.10656,Croatia
2027-01-01,19146.03793,Croatia
2028-01-01,19017.34856,Croatia
2029-01-01,17415.92463,Croatia
2030-01-01,17549.9511,Croatia
2021-01-01,44879.04484,Cuba
2022-01-01,45288.0273,Cuba
2023-01-01,45613.43217,Cuba
2024-01-01,45855.00346,Cuba
2025-01-01,45415.14375,Cuba
2026-01-01,45824.12621,Cuba
2027-01-01,46149.53108,Cuba
2028-01-01,46391.10237,Cuba
2029-01-01,45951.24266,Cuba
2030-01-01,46360.22512,Cuba
2021-01-01,8269.911969,Cyprus
2022-01-01,8368.61433,Cyprus
2023-01-01,8453.951224,Cyprus
2024-01-01,8525.785122,Cyprus
2025-01-01,8172.202416,Cyprus
2026-01-01,8270.904777,Cyprus
2027-01-01,8356.241671,Cyprus
2028-01-01,8428.075569,Cyprus
2029-01-01,8074.492863,Cyprus
2030-01-01,8173.195224,Cyprus
2021-01-01,114118.6415,Czech Republic
2022-01-01,113683.8779,Czech Republic
2023-01-01,113142.9246,Czech Republic
2024-01-01,112494.1886,Czech Republic
2025-01-01,107987.0835,Czech Republic
2026-01-01,107552.3199,Czech Republic
2027-01-01,107011.3667,Czech Republic
2028-01-01,106362.6307,Czech Republic
2029-01-01,101855.5255,Czech Republic
2030-01-01,101420.7619,Czech Republic
2021-01-01,38014.34211,Denmark
2022-01-01,37602.62211,Denmark
2023-01-01,36109.76637,Denmark
2024-01-01,33535.46106,Denmark
2025-01-01,30864.85597,Denmark
2026-01-01,30453.13597,Denmark
2027-01-01,28960.28023,Denmark
2028-01-01,26385.97492,Denmark
2029-01-01,23715.36984,Denmark
2030-01-01,23303.64984,Denmark
2021-01-01,1492.077539,Djibouti
2022-01-01,1497.644715,Djibouti
2023-01-01,1500.460898,Djibouti
2024-01-01,1500.515888,Djibouti
2025-01-01,1502.495701,Djibouti
2026-01-01,1508.062876,Djibouti
2027-01-01,1510.87906,Djibouti
2028-01-01,1510.93405,Djibouti
2029-01-01,1512.913863,Djibouti
2030-01-01,1518.481038,Djibouti
2021-01-01,303.5477168,Dominica
2022-01-01,289.508933,Dominica
2023-01-01,279.1090641,Dominica
2024-01-01,272.3633839,Dominica
2025-01-01,312.7079871,Dominica
2026-01-01,298.6692033,Dominica
2027-01-01,288.2693344,Dominica
2028-01-01,281.5236542,Dominica
2029-01-01,321.8682574,Dominica
2030-01-01,307.8294736,Dominica
2021-01-01,39328.14615,Dominican Republic
2022-01-01,40501.23849,Dominican Republic
2023-01-01,41188.37843,Dominican Republic
2024-01-01,41389.58341,Dominican Republic
2025-01-01,41744.35006,Dominican Republic
2026-01-01,42917.44239,Dominican Republic
2027-01-01,43604.58234,Dominican Republic
2028-01-01,43805.78731,Dominican Republic
2029-01-01,44160.55396,Dominican Republic
2030-01-01,45333.6463,Dominican Republic
2021-01-01,11843543.72,Early-demographic dividend
2022-01-01,12098180.61,Early-demographic dividend
2023-01-01,12326682.55,Early-demographic dividend
2024-01-01,12529204.83,Early-demographic dividend
2025-01-01,12732779.41,Early-demographic dividend
2026-01-01,12987416.3,Early-demographic dividend
2027-01-01,13215918.24,Early-demographic dividend
2028-01-01,13418440.52,Early-demographic dividend
2029-01-01,13622015.1,Early-demographic dividend
2030-01-01,13876651.99,Early-demographic dividend
2021-01-01,18203967.37,East Asia & Pacific
2022-01-01,18464998.94,East Asia & Pacific
2023-01-01,18645299.86,East Asia & Pacific
2024-01-01,18744800.58,East Asia & Pacific
2025-01-01,19033404.82,East Asia & Pacific
2026-01-01,19294436.4,East Asia & Pacific
2027-01-01,19474737.32,East Asia & Pacific
2028-01-01,19574238.04,East Asia & Pacific
2029-01-01,19862842.28,East Asia & Pacific
2030-01-01,20123873.85,East Asia & Pacific
2021-01-01,15403937.26,East Asia & Pacific (IDA & IBRD countries)
2022-01-01,15647090.85,East Asia & Pacific (IDA & IBRD countries)
2023-01-01,15807556.22,East Asia & Pacific (IDA & IBRD countries)
2024-01-01,15885283.1,East Asia & Pacific (IDA & IBRD countries)
2025-01-01,16191934.7,East Asia & Pacific (IDA & IBRD countries)
2026-01-01,16435088.29,East Asia & Pacific (IDA & IBRD countries)
2027-01-01,16595553.65,East Asia & Pacific (IDA & IBRD countries)
2028-01-01,16673280.54,East Asia & Pacific (IDA & IBRD countries)
2029-01-01,16979932.14,East Asia & Pacific (IDA & IBRD countries)
2030-01-01,17223085.72,East Asia & Pacific (IDA & IBRD countries)
2021-01-01,15433677.41,East Asia & Pacific (excluding high income)
2022-01-01,15672776.19,East Asia & Pacific (excluding high income)
2023-01-01,15830925.94,East Asia & Pacific (excluding high income)
2024-01-01,15908082.3,East Asia & Pacific (excluding high income)
2025-01-01,16207828.91,East Asia & Pacific (excluding high income)
2026-01-01,16446927.69,East Asia & Pacific (excluding high income)
2027-01-01,16605077.45,East Asia & Pacific (excluding high income)
2028-01-01,16682233.8,East Asia & Pacific (excluding high income)
2029-01-01,16981980.41,East Asia & Pacific (excluding high income)
2030-01-01,17221079.19,East Asia & Pacific (excluding high income)
2021-01-01,63619.94785,Ecuador
2022-01-01,63309.36485,Ecuador
2023-01-01,62490.96625,Ecuador
2024-01-01,61166.41229,Ecuador
2025-01-01,61733.13723,Ecuador
2026-01-01,61422.55423,Ecuador
2027-01-01,60604.15563,Ecuador
2028-01-01,59279.60167,Ecuador
2029-01-01,59846.32661,Ecuador
2030-01-01,59535.74361,Ecuador
2021-01-01,345665.9516,"Egypt, Arab Rep."
2022-01-01,349865.3583,"Egypt, Arab Rep."
2023-01-01,355776.2286,"Egypt, Arab Rep."
2024-01-01,363399.3406,"Egypt, Arab Rep."
2025-01-01,369915.6643,"Egypt, Arab Rep."
2026-01-01,374115.0711,"Egypt, Arab Rep."
2027-01-01,380025.9414,"Egypt, Arab Rep."
2028-01-01,387649.0534,"Egypt, Arab Rep."
2029-01-01,394165.3771,"Egypt, Arab Rep."
2030-01-01,398364.7839,"Egypt, Arab Rep."
2021-01-01,11657.02872,El Salvador
2022-01-01,11793.32181,El Salvador
2023-01-01,11851.27186,El Salvador
2024-01-01,11830.66816,El Salvador
2025-01-01,11311.02994,El Salvador
2026-01-01,11447.32303,El Salvador
2027-01-01,11505.27308,El Salvador
2028-01-01,11484.66937,El Salvador
2029-01-01,10965.03116,El Salvador
2030-01-01,11101.32425,El Salvador
2021-01-01,22618.18719,Equatorial Guinea
2022-01-01,23300.03166,Equatorial Guinea
2023-01-01,23978.05499,Equatorial Guinea
2024-01-01,24651.55786,Equatorial Guinea
2025-01-01,23033.84251,Equatorial Guinea
2026-01-01,23715.68698,Equatorial Guinea
2027-01-01,24393.7103,Equatorial Guinea
2028-01-01,25067.21317,Equatorial Guinea
2029-01-01,23449.49783,Equatorial Guinea
2030-01-01,24131.3423,Equatorial Guinea
2021-01-01,7455.833696,Eritrea
2022-01-01,7437.54372,Eritrea
2023-01-01,7443.882661,Eritrea
2024-01-01,7474.837977,Eritrea
2025-01-01,7497.430964,Eritrea
2026-01-01,7479.140989,Eritrea
2027-01-01,7485.47993,Eritrea
2028-01-01,7516.435246,Eritrea
2029-01-01,7539.028233,Eritrea
2030-01-01,7520.738258,Eritrea
2021-01-01,19419.225,Estonia
2022-01-01,19733.34075,Estonia
2023-01-01,19944.81666,Estonia
2024-01-01,20053.39187,Estonia
2025-01-01,19482.08442,Estonia
2026-01-01,19796.20017,Estonia
2027-01-01,20007.67608,Estonia
2028-01-01,20116.25129,Estonia
2029-01-01,19544.94384,Estonia
2030-01-01,19859.05959,Estonia
2021-01-01,3238.07719,Eswatini
2022-01-01,3184.468278,Eswatini
2023-01-01,3180.94518,Eswatini
2024-01-01,3227.526244,Eswatini
2025-01-01,3302.190745,Eswatini
2026-01-01,3248.581832,Eswatini
2027-01-01,3245.058734,Eswatini
2028-01-01,3291.639798,Eswatini
2029-01-01,3366.304299,Eswatini
2030-01-01,3312.695387,Eswatini
2021-01-01,191781.6914,Ethiopia
2022-01-01,197811.8001,Ethiopia
2023-01-01,203441.4152,Ethiopia
2024-01-01,208670.7585,Ethiopia
2025-01-01,213918.6867,Ethiopia
2026-01-01,219948.7954,Ethiopia
2027-01-01,225578.4105,Ethiopia
2028-01-01,230807.7537,Ethiopia
2029-01-01,236055.6819,Ethiopia
2030-01-01,242085.7906,Ethiopia
2021-01-01,2652487.84,Euro area
2022-01-01,2643593.809,Euro area
2023-01-01,2639573.678,Euro area
2024-01-01,2640392.226,Euro area
2025-01-01,2576556.616,Euro area
2026-01-01,2567662.584,Euro area
2027-01-01,2563642.454,Euro area
2028-01-01,2564461.002,Euro area
2029-01-01,2500625.391,Euro area
2030-01-01,2491731.36,Euro area
2021-01-01,8066416.004,Europe & Central Asia
2022-01-01,8062849.472,Europe & Central Asia
2023-01-01,8052277.951,Europe & Central Asia
2024-01-01,8034643.301,Europe & Central Asia
2025-01-01,7819216.507,Europe & Central Asia
2026-01-01,7815649.975,Europe & Central Asia
2027-01-01,7805078.454,Europe & Central Asia
2028-01-01,7787443.804,Europe & Central Asia
2029-01-01,7572017.01,Europe & Central Asia
2030-01-01,7568450.479,Europe & Central Asia
2021-01-01,4836033.84,Europe & Central Asia (IDA & IBRD countries)
2022-01-01,4891480.017,Europe & Central Asia (IDA & IBRD countries)
2023-01-01,4935597.011,Europe & Central Asia (IDA & IBRD countries)
2024-01-01,4968343.084,Europe & Central Asia (IDA & IBRD countries)
2025-01-01,4878071.216,Europe & Central Asia (IDA & IBRD countries)
2026-01-01,4933517.392,Europe & Central Asia (IDA & IBRD countries)
2027-01-01,4977634.387,Europe & Central Asia (IDA & IBRD countries)
2028-01-01,5010380.46,Europe & Central Asia (IDA & IBRD countries)
2029-01-01,4920108.591,Europe & Central Asia (IDA & IBRD countries)
2030-01-01,4975554.768,Europe & Central Asia (IDA & IBRD countries)
2021-01-01,4423238.181,Europe & Central Asia (excluding high income)
2022-01-01,4475300.517,Europe & Central Asia (excluding high income)
2023-01-01,4517353.187,Europe & Central Asia (excluding high income)
2024-01-01,4549355.553,Europe & Central Asia (excluding high income)
2025-01-01,4458680.576,Europe & Central Asia (excluding high income)
2026-01-01,4510742.913,Europe & Central Asia (excluding high income)
2027-01-01,4552795.583,Europe & Central Asia (excluding high income)
2028-01-01,4584797.948,Europe & Central Asia (excluding high income)
2029-01-01,4494122.971,Europe & Central Asia (excluding high income)
2030-01-01,4546185.308,Europe & Central Asia (excluding high income)
2021-01-01,3515569.566,European Union
2022-01-01,3521320.167,European Union
2023-01-01,3529257.915,European Union
2024-01-01,3539325.322,European Union
2025-01-01,3465299.654,European Union
2026-01-01,3471050.255,European Union
2027-01-01,3478988.003,European Union
2028-01-01,3489055.41,European Union
2029-01-01,3415029.742,European Union
2030-01-01,3420780.343,European Union
2021-01-01,2700.863871,Fiji
2022-01-01,2708.299652,Fiji
2023-01-01,2712.323787,Fiji
2024-01-01,2712.959153,Fiji
2025-01-01,2775.619144,Fiji
2026-01-01,2783.054925,Fiji
2027-01-01,2787.079061,Fiji
2028-01-01,2787.714426,Fiji
2029-01-01,2850.374418,Fiji
2030-01-01,2857.810199,Fiji
2021-01-01,44831.26641,Finland
2022-01-01,46078.80091,Finland
2023-01-01,45585.51517,Finland
2024-01-01,43349.96727,Finland
2025-01-01,37868.556,Finland
2026-01-01,39116.0905,Finland
2027-01-01,38622.80475,Finland
2028-01-01,36387.25686,Finland
2029-01-01,30905.84559,Finland
2030-01-01,32153.38008,Finland
2021-01-01,2252993.75,Fragile and conflict affected situations
2022-01-01,2270505.297,Fragile and conflict affected situations
2023-01-01,2290388.45,Fragile and conflict affected situations
2024-01-01,2312716.872,Fragile and conflict affected situations
2025-01-01,2357067.175,Fragile and conflict affected situations
2026-01-01,2374578.722,Fragile and conflict affected situations
2027-01-01,2394461.875,Fragile and conflict affected situations
2028-01-01,2416790.297,Fragile and conflict affected situations
2029-01-01,2461140.6,Fragile and conflict affected situations
2030-01-01,2478652.147,Fragile and conflict affected situations
2021-01-01,411093.5704,France
2022-01-01,401846.0492,France
2023-01-01,397393.5735,France
2024-01-01,397734.7972,France
2025-01-01,393690.8567,France
2026-01-01,384443.3355,France
2027-01-01,379990.8598,France
2028-01-01,380332.0835,France
2029-01-01,376288.143,France
2030-01-01,367040.6218,France
2021-01-01,8549.2816,Gabon
2022-01-01,8743.252052,Gabon
2023-01-01,8989.869087,Gabon
2024-01-01,9289.013452,Gabon
2025-01-01,9176.156772,Gabon
2026-01-01,9370.127224,Gabon
2027-01-01,9616.744259,Gabon
2028-01-01,9915.888624,Gabon
2029-01-01,9803.031943,Gabon
2030-01-01,9997.002396,Gabon
2021-01-01,2966.770453,"Gambia, The"
2022-01-01,2968.767762,"Gambia, The"
2023-01-01,2970.254966,"Gambia, The"
2024-01-01,2971.29708,"Gambia, The"
2025-01-01,3177.013637,"Gambia, The"
2026-01-01,3179.010946,"Gambia, The"
2027-01-01,3180.49815,"Gambia, The"
2028-01-01,3181.540264,"Gambia, The"
2029-01-01,3387.256821,"Gambia, The"
2030-01-01,3389.254131,"Gambia, The"
2021-01-01,18882.16788,Georgia
2022-01-01,19187.72546,Georgia
2023-01-01,19559.72646,Georgia
2024-01-01,19998.1529,Georgia
2025-01-01,20521.42891,Georgia
2026-01-01,20826.98649,Georgia
2027-01-01,21198.9875,Georgia
2028-01-01,21637.41394,Georgia
2029-01-01,22160.68995,Georgia
2030-01-01,22466.24752,Georgia
2021-01-01,801803.8342,Germany
2022-01-01,793696.7793,Germany
2023-01-01,789998.0815,Germany
2024-01-01,790706.8106,Germany
2025-01-01,775409.7196,Germany
2026-01-01,767302.6647,Germany
2027-01-01,763603.9669,Germany
2028-01-01,764312.696,Germany
2029-01-01,749015.605,Germany
2030-01-01,740908.5501,Germany
2021-01-01,50822.27611,Ghana
2022-01-01,52813.67491,Ghana
2023-01-01,54511.77608,Ghana
2024-01-01,55916.56868,Ghana
2025-01-01,58133.54012,Ghana
2026-01-01,60124.93891,Ghana
2027-01-01,61823.04009,Ghana
2028-01-01,63227.83269,Ghana
2029-01-01,65444.80413,Ghana
2030-01-01,67436.20292,Ghana
2021-01-01,69412.89723,Greece
2022-01-01,66654.39719,Greece
2023-01-01,63812.98006,Greece
2024-01-01,60887.63358,Greece
2025-01-01,55299.99542,Greece
2026-01-01,52541.49539,Greece
2027-01-01,49700.07826,Greece
2028-01-01,46774.73178,Greece
2029-01-01,41187.09362,Greece
2030-01-01,38428.59358,Greece
2021-01-01,2483.868017,Grenada
2022-01-01,2441.952659,Grenada
2023-01-01,2433.003201,Grenada
2024-01-01,2457.045309,Grenada
2025-01-01,2540.421648,Grenada
2026-01-01,2498.50629,Grenada
2027-01-01,2489.556832,Grenada
2028-01-01,2513.59894,Grenada
2029-01-01,2596.975278,Grenada
2030-01-01,2555.05992,Grenada
2021-01-01,38555.65117,Guatemala
2022-01-01,39992.03551,Guatemala
2023-01-01,41224.95695,Guatemala
2024-01-01,42254.06028,Guatemala
2025-01-01,43140.13385,Guatemala
2026-01-01,44576.51819,Guatemala
2027-01-01,45809.43963,Guatemala
2028-01-01,46838.54296,Guatemala
2029-01-01,47724.61652,Guatemala
2030-01-01,49161.00086,Guatemala
2021-01-01,32820.98456,Guinea
2022-01-01,33857.97377,Guinea
2023-01-01,35041.01651,Guinea
2024-01-01,36370.04547,Guinea
2025-01-01,37175.22302,Guinea
2026-01-01,38212.21223,Guinea
2027-01-01,39395.25497,Guinea
2028-01-01,40724.28393,Guinea
2029-01-01,41529.46148,Guinea
2030-01-01,42566.45069,Guinea
2021-01-01,2949.692084,Guinea-Bissau
2022-01-01,3036.589005,Guinea-Bissau
2023-01-01,3098.973531,Guinea-Bissau
2024-01-01,3136.840764,Guinea-Bissau
2025-01-01,3187.859563,Guinea-Bissau
2026-01-01,3274.756485,Guinea-Bissau
2027-01-01,3337.141011,Guinea-Bissau
2028-01-01,3375.008244,Guinea-Bissau
2029-01-01,3426.027043,Guinea-Bissau
2030-01-01,3512.923965,Guinea-Bissau
2021-01-01,5160.967755,Guyana
2022-01-01,5260.446724,Guyana
2023-01-01,5362.253386,Guyana
2024-01-01,5466.373759,Guyana
2025-01-01,5531.281811,Guyana
2026-01-01,5630.76078,Guyana
2027-01-01,5732.567442,Guyana
2028-01-01,5836.687815,Guyana
2029-01-01,5901.595867,Guyana
2030-01-01,6001.074837,Guyana
2021-01-01,10643.3613,Haiti
2022-01-01,11016.39325,Haiti
2023-01-01,11260.07205,Haiti
2024-01-01,11374.21408,Haiti
2025-01-01,11476.1343,Haiti
2026-01-01,11849.16625,Haiti
2027-01-01,12092.84505,Haiti
2028-01-01,12206.98708,Haiti
2029-01-01,12308.9073,Haiti
2030-01-01,12681.93925,Haiti
2021-01-01,1552082.462,Heavily indebted poor countries (HIPC)
2022-01-01,1590842.663,Heavily indebted poor countries (HIPC)
2023-01-01,1631414.512,Heavily indebted poor countries (HIPC)
2024-01-01,1673761.847,Heavily indebted poor countries (HIPC)
2025-01-01,1703165.493,Heavily indebted poor countries (HIPC)
2026-01-01,1741925.693,Heavily indebted poor countries (HIPC)
2027-01-01,1782497.543,Heavily indebted poor countries (HIPC)
2028-01-01,1824844.878,Heavily indebted poor countries (HIPC)
2029-01-01,1854248.524,Heavily indebted poor countries (HIPC)
2030-01-01,1893008.724,Heavily indebted poor countries (HIPC)
2021-01-01,14429649.07,High income
2022-01-01,14462592.95,High income
2023-01-01,14426559.57,High income
2024-01-01,14321482.72,High income
2025-01-01,14118372.23,High income
2026-01-01,14151316.11,High income
2027-01-01,14115282.73,High income
2028-01-01,14010205.88,High income
2029-01-01,13807095.4,High income
2030-01-01,13840039.27,High income
2021-01-01,23154.72306,Honduras
2022-01-01,23781.51784,Honduras
2023-01-01,24321.56635,Honduras
2024-01-01,24774.43145,Honduras
2025-01-01,24615.8837,Honduras
2026-01-01,25242.67847,Honduras
2027-01-01,25782.72699,Honduras
2028-01-01,26235.59208,Honduras
2029-01-01,26077.04433,Honduras
2030-01-01,26703.8391,Honduras
2021-01-01,51540.63234,Hungary
2022-01-01,50989.17275,Hungary
2023-01-01,50178.6945,Hungary
2024-01-01,49108.83528,Hungary
2025-01-01,47147.20681,Hungary
2026-01-01,46595.74722,Hungary
2027-01-01,45785.26896,Hungary
2028-01-01,44715.40974,Hungary
2029-01-01,42753.78128,Hungary
2030-01-01,42202.32168,Hungary
2021-01-01,29066684.19,IBRD only
2022-01-01,29467479.55,IBRD only
2023-01-01,29759763.21,IBRD only
2024-01-01,29943501.08,IBRD only
2025-01-01,30313458.32,IBRD only
2026-01-01,30714253.68,IBRD only
2027-01-01,31006537.34,IBRD only
2028-01-01,31190275.21,IBRD only
2029-01-01,31560232.45,IBRD only
2030-01-01,31961027.81,IBRD only
2021-01-01,32388508.9,IDA & IBRD total
2022-01-01,32870596.62,IDA & IBRD total
2023-01-01,33242580.88,IDA & IBRD total
2024-01-01,33504414.25,IDA & IBRD total
2025-01-01,33939983.99,IDA & IBRD total
2026-01-01,34422071.71,IDA & IBRD total
2027-01-01,34794055.97,IDA & IBRD total
2028-01-01,35055889.34,IDA & IBRD total
2029-01-01,35491459.09,IDA & IBRD total
2030-01-01,35973546.8,IDA & IBRD total
2021-01-01,1299076.255,IDA blend
2022-01-01,1334173.03,IDA blend
2023-01-01,1365957.789,IDA blend
2024-01-01,1394433.667,IDA blend
2025-01-01,1421960.248,IDA blend
2026-01-01,1457057.024,IDA blend
2027-01-01,1488841.783,IDA blend
2028-01-01,1517317.661,IDA blend
2029-01-01,1544844.242,IDA blend
2030-01-01,1579941.017,IDA blend
2021-01-01,2035632.558,IDA only
2022-01-01,2084396.705,IDA only
2023-01-01,2134491.174,IDA only
2024-01-01,2185862.614,IDA only
2025-01-01,2229846.6,IDA only
2026-01-01,2278610.747,IDA only
2027-01-01,2328705.216,IDA only
2028-01-01,2380076.656,IDA only
2029-01-01,2424060.642,IDA only
2030-01-01,2472824.79,IDA only
2021-01-01,3353142.714,IDA total
2022-01-01,3437252.754,IDA total
2023-01-01,3520710.538,IDA total
2024-01-01,3603509.038,IDA total
2025-01-01,3682450.839,IDA total
2026-01-01,3766560.88,IDA total
2027-01-01,3850018.664,IDA total
2028-01-01,3932817.164,IDA total
2029-01-01,4011758.965,IDA total
2030-01-01,4095869.006,IDA total
2021-01-01,3259.876542,Iceland
2022-01-01,3284.195032,Iceland
2023-01-01,3283.826428,Iceland
2024-01-01,3258.764046,Iceland
2025-01-01,3224.980957,Iceland
2026-01-01,3249.299447,Iceland
2027-01-01,3248.930844,Iceland
2028-01-01,3223.868462,Iceland
2029-01-01,3190.085372,Iceland
2030-01-01,3214.403862,Iceland
2021-01-01,3615028.411,India
2022-01-01,3707131.863,India
2023-01-01,3788376.603,India
2024-01-01,3858818.703,India
2025-01-01,3973291.06,India
2026-01-01,4065394.513,India
2027-01-01,4146639.252,India
2028-01-01,4217081.352,India
2029-01-01,4331553.71,India
2030-01-01,4423657.162,India
2021-01-01,999093.1812,Indonesia
2022-01-01,1034905.456,Indonesia
2023-01-01,1060778.278,Indonesia
2024-01-01,1076708.255,Indonesia
2025-01-01,1093531.553,Indonesia
2026-01-01,1129343.828,Indonesia
2027-01-01,1155216.65,Indonesia
2028-01-01,1171146.627,Indonesia
2029-01-01,1187969.925,Indonesia
2030-01-01,1223782.2,Indonesia
2021-01-01,854053.6871,"Iran, Islamic Rep."
2022-01-01,861704.3036,"Iran, Islamic Rep."
2023-01-01,867429.9115,"Iran, Islamic Rep."
2024-01-01,871259.5508,"Iran, Islamic Rep."
2025-01-01,890906.3999,"Iran, Islamic Rep."
2026-01-01,898557.0165,"Iran, Islamic Rep."
2027-01-01,904282.6243,"Iran, Islamic Rep."
2028-01-01,908112.2636,"Iran, Islamic Rep."
2029-01-01,927759.1128,"Iran, Islamic Rep."
2030-01-01,935409.7293,"Iran, Islamic Rep."
2021-01-01,243290.7226,Iraq
2022-01-01,246320.8958,Iraq
2023-01-01,250172.9467,Iraq
2024-01-01,254852.4484,Iraq
2025-01-01,276125.6585,Iraq
2026-01-01,279155.8318,Iraq
2027-01-01,283007.8826,Iraq
2028-01-01,287687.3844,Iraq
2029-01-01,308960.5945,Iraq
2030-01-01,311990.7677,Iraq
2021-01-01,59034.43432,Ireland
2022-01-01,58279.3735,Ireland
2023-01-01,57660.09735,Ireland
2024-01-01,57176.55074,Ireland
2025-01-01,56022.74278,Ireland
2026-01-01,55267.68197,Ireland
2027-01-01,54648.40582,Ireland
2028-01-01,54164.85921,Ireland
2029-01-01,53011.05125,Ireland
2030-01-01,52255.99043,Ireland
2021-01-01,88651.65724,Israel
2022-01-01,89259.85339,Israel
2023-01-01,90081.22752,Israel
2024-01-01,91114.71724,Israel
2025-01-01,88532.12566,Israel
2026-01-01,89140.32182,Israel
2027-01-01,89961.69594,Israel
2028-01-01,90995.18567,Israel
2029-01-01,88412.59409,Israel
2030-01-01,89020.79025,Israel
2021-01-01,342004.3583,Italy
2022-01-01,336674.5405,Italy
2023-01-01,330935.2512,Italy
2024-01-01,324778.4564,Italy
2025-01-01,294195.3899,Italy
2026-01-01,288865.5721,Italy
2027-01-01,283126.2828,Italy
2028-01-01,276969.488,Italy
2029-01-01,246386.4215,Italy
2030-01-01,241056.6037,Italy
2021-01-01,7292.904967,Jamaica
2022-01-01,7254.143074,Jamaica
2023-01-01,7098.449604,Jamaica
2024-01-01,6825.699976,Jamaica
2025-01-01,6247.915139,Jamaica
2026-01-01,6209.153247,Jamaica
2027-01-01,6053.459776,Jamaica
2028-01-01,5780.710149,Jamaica
2029-01-01,5202.925311,Jamaica
2030-01-01,5164.163419,Jamaica
2021-01-01,1234446.668,Japan
2022-01-01,1243132.309,Japan
2023-01-01,1250589.279,Japan
2024-01-01,1256802.948,Japan
2025-01-01,1228077.84,Japan
2026-01-01,1236763.481,Japan
2027-01-01,1244220.451,Japan
2028-01-01,1250434.12,Japan
2029-01-01,1221709.012,Japan
2030-01-01,1230394.653,Japan
2021-01-01,39915.47251,Jordan
2022-01-01,40642.99227,Jordan
2023-01-01,41576.9633,Jordan
2024-01-01,42717.36018,Jordan
2025-01-01,43696.21023,Jordan
2026-01-01,44423.72998,Jordan
2027-01-01,45357.70102,Jordan
2028-01-01,46498.0979,Jordan
2029-01-01,47476.94794,Jordan
2030-01-01,48204.4677,Jordan
2021-01-01,324845.6676,Kazakhstan
2022-01-01,335477.2128,Kazakhstan
2023-01-01,347887.2906,Kazakhstan
2024-01-01,362069.7786,Kazakhstan
2025-01-01,354684.0089,Kazakhstan
2026-01-01,365315.5541,Kazakhstan
2027-01-01,377725.6319,Kazakhstan
2028-01-01,391908.1199,Kazakhstan
2029-01-01,384522.3502,Kazakhstan
2030-01-01,395153.8954,Kazakhstan
2021-01-01,88796.31523,Kenya
2022-01-01,92161.81484,Kenya
2023-01-01,95747.30504,Kenya
2024-01-01,99551.36204,Kenya
2025-01-01,99122.49958,Kenya
2026-01-01,102487.9992,Kenya
2027-01-01,106073.4894,Kenya
2028-01-01,109877.5464,Kenya
2029-01-01,109448.6839,Kenya
2030-01-01,112814.1835,Kenya
2021-01-01,107.5364734,Kiribati
2022-01-01,110.0174357,Kiribati
2023-01-01,112.514851,Kiribati
2024-01-01,115.0283203,Kiribati
2025-01-01,115.7851043,Kiribati
2026-01-01,118.2660667,Kiribati
2027-01-01,120.7634819,Kiribati
2028-01-01,123.2769513,Kiribati
2029-01-01,124.0337353,Kiribati
2030-01-01,126.5146976,Kiribati
2021-01-01,29964.83734,"Korea, Dem. People's Rep."
2022-01-01,27427.46473,"Korea, Dem. People's Rep."
2023-01-01,25349.858,"Korea, Dem. People's Rep."
2024-01-01,23730.39453,"Korea, Dem. People's Rep."
2025-01-01,15784.77923,"Korea, Dem. People's Rep."
2026-01-01,13247.40662,"Korea, Dem. People's Rep."
2027-01-01,11169.79989,"Korea, Dem. People's Rep."
2028-01-01,9550.33642,"Korea, Dem. People's Rep."
2029-01-01,1604.721122,"Korea, Dem. People's Rep."
2030-01-01,-932.6514914,"Korea, Dem. People's Rep."
2021-01-01,764558.8672,"Korea, Rep."
2022-01-01,777179.0545,"Korea, Rep."
2023-01-01,791098.7712,"Korea, Rep."
2024-01-01,806315.742,"Korea, Rep."
2025-01-01,815873.4154,"Korea, Rep."
2026-01-01,828493.6027,"Korea, Rep."
2027-01-01,842413.3194,"Korea, Rep."
2028-01-01,857630.2902,"Korea, Rep."
2029-01-01,867187.9636,"Korea, Rep."
2030-01-01,879808.1509,"Korea, Rep."
2021-01-01,124228.2406,Kuwait
2022-01-01,126172.5122,Kuwait
2023-01-01,129025.5801,Kuwait
2024-01-01,132787.4555,Kuwait
2025-01-01,136290.3128,Kuwait
2026-01-01,138234.5844,Kuwait
2027-01-01,141087.6523,Kuwait
2028-01-01,144849.5277,Kuwait
2029-01-01,148352.3851,Kuwait
2030-01-01,150296.6567,Kuwait
2021-01-01,19052.925,Kyrgyz Republic
2022-01-01,19775.78809,Kyrgyz Republic
2023-01-01,20562.40264,Kyrgyz Republic
2024-01-01,21412.43474,Kyrgyz Republic
2025-01-01,21126.46906,Kyrgyz Republic
2026-01-01,21849.33215,Kyrgyz Republic
2027-01-01,22635.9467,Kyrgyz Republic
2028-01-01,23485.9788,Kyrgyz Republic
2029-01-01,23200.01313,Kyrgyz Republic
2030-01-01,23922.87622,Kyrgyz Republic
2021-01-01,27754.76935,Lao PDR
2022-01-01,28432.6271,Lao PDR
2023-01-01,29197.76961,Lao PDR
2024-01-01,30050.64677,Lao PDR
2025-01-01,32270.34349,Lao PDR
2026-01-01,32948.20125,Lao PDR
2027-01-01,33713.34376,Lao PDR
2028-01-01,34566.22092,Lao PDR
2029-01-01,36785.91764,Lao PDR
2030-01-01,37463.77539,Lao PDR
2021-01-01,19874255.71,Late-demographic dividend
2022-01-01,20117066.26,Late-demographic dividend
2023-01-01,20280280.5,Late-demographic dividend
2024-01-01,20363845.77,Late-demographic dividend
2025-01-01,20590097.59,Late-demographic dividend
2026-01-01,20832908.15,Late-demographic dividend
2027-01-01,20996122.39,Late-demographic dividend
2028-01-01,21079687.66,Late-demographic dividend
2029-01-01,21305939.48,Late-demographic dividend
2030-01-01,21548750.03,Late-demographic dividend
2021-01-01,3164896.663,Latin America & Caribbean
2022-01-01,3157870.545,Latin America & Caribbean
2023-01-01,3157549.631,Latin America & Caribbean
2024-01-01,3163888.624,Latin America & Caribbean
2025-01-01,3132515.216,Latin America & Caribbean
2026-01-01,3125489.098,Latin America & Caribbean
2027-01-01,3125168.183,Latin America & Caribbean
2028-01-01,3131507.177,Latin America & Caribbean
2029-01-01,3100133.768,Latin America & Caribbean
2030-01-01,3093107.65,Latin America & Caribbean
2021-01-01,2790556.367,Latin America & Caribbean (excluding high income)
2022-01-01,2802216.427,Latin America & Caribbean (excluding high income)
2023-01-01,2815062.888,Latin America & Caribbean (excluding high income)
2024-01-01,2829046.203,Latin America & Caribbean (excluding high income)
2025-01-01,2808352.946,Latin America & Caribbean (excluding high income)
2026-01-01,2820013.006,Latin America & Caribbean (excluding high income)
2027-01-01,2832859.467,Latin America & Caribbean (excluding high income)
2028-01-01,2846842.782,Latin America & Caribbean (excluding high income)
2029-01-01,2826149.525,Latin America & Caribbean (excluding high income)
2030-01-01,2837809.585,Latin America & Caribbean (excluding high income)
2021-01-01,3121218.785,Latin America & the Caribbean (IDA & IBRD countries)
2022-01-01,3116743.945,Latin America & the Caribbean (IDA & IBRD countries)
2023-01-01,3118251.806,Latin America & the Caribbean (IDA & IBRD countries)
2024-01-01,3125702.301,Latin America & the Caribbean (IDA & IBRD countries)
2025-01-01,3094842.752,Latin America & the Caribbean (IDA & IBRD countries)
2026-01-01,3090367.912,Latin America & the Caribbean (IDA & IBRD countries)
2027-01-01,3091875.773,Latin America & the Caribbean (IDA & IBRD countries)
2028-01-01,3099326.268,Latin America & the Caribbean (IDA & IBRD countries)
2029-01-01,3068466.719,Latin America & the Caribbean (IDA & IBRD countries)
2030-01-01,3063991.879,Latin America & the Caribbean (IDA & IBRD countries)
2021-01-01,11107.33316,Latvia
2022-01-01,11336.42779,Latvia
2023-01-01,11330.82642,Latvia
2024-01-01,11090.53375,Latvia
2025-01-01,10939.77973,Latvia
2026-01-01,11168.87436,Latvia
2027-01-01,11163.27299,Latvia
2028-01-01,10922.98032,Latvia
2029-01-01,10772.2263,Latvia
2030-01-01,11001.32093,Latvia
2021-01-01,1921086.083,Least developed countries: UN classification
2022-01-01,1964187.484,Least developed countries: UN classification
2023-01-01,2010694.775,Least developed countries: UN classification
2024-01-01,2060543.686,Least developed countries: UN classification
2025-01-01,2099887.755,Least developed countries: UN classification
2026-01-01,2142989.156,Least developed countries: UN classification
2027-01-01,2189496.448,Least developed countries: UN classification
2028-01-01,2239345.358,Least developed countries: UN classification
2029-01-01,2278689.427,Least developed countries: UN classification
2030-01-01,2321790.829,Least developed countries: UN classification
2021-01-01,39870.06,Lebanon
2022-01-01,40372.06347,Lebanon
2023-01-01,41605.87235,Lebanon
2024-01-01,43571.51943,Lebanon
2025-01-01,44993.79604,Lebanon
2026-01-01,45495.7995,Lebanon
2027-01-01,46729.60838,Lebanon
2028-01-01,48695.25547,Lebanon
2029-01-01,50117.53208,Lebanon
2030-01-01,50619.53554,Lebanon
2021-01-01,6186.801318,Lesotho
2022-01-01,6250.588444,Lesotho
2023-01-01,6322.459034,Lesotho
2024-01-01,6402.430771,Lesotho
2025-01-01,6620.861339,Lesotho
2026-01-01,6684.648465,Lesotho
2027-01-01,6756.519055,Lesotho
2028-01-01,6836.490792,Lesotho
2029-01-01,7054.92136,Lesotho
2030-01-01,7118.708486,Lesotho
2021-01-01,10359.17612,Liberia
2022-01-01,10725.59008,Liberia
2023-01-01,11087.80425,Liberia
2024-01-01,11445.84583,Liberia
2025-01-01,11908.72241,Liberia
2026-01-01,12275.13637,Liberia
2027-01-01,12637.35054,Liberia
2028-01-01,12995.39212,Liberia
2029-01-01,13458.2687,Liberia
2030-01-01,13824.68266,Liberia
2021-01-01,94346.00897,Libya
2022-01-01,91429.99168,Libya
2023-01-01,88461.57967,Libya
2024-01-01,85441.88395,Libya
2025-01-01,85655.45319,Libya
2026-01-01,82739.4359,Libya
2027-01-01,79771.02389,Libya
2028-01-01,76751.32817,Libya
2029-01-01,76964.89741,Libya
2030-01-01,74048.88012,Libya
2021-01-01,173.4920308,Liechtenstein
2022-01-01,166.7512288,Liechtenstein
2023-01-01,163.0804332,Liechtenstein
2024-01-01,162.4785978,Liechtenstein
2025-01-01,154.4029982,Liechtenstein
2026-01-01,147.6621962,Liechtenstein
2027-01-01,143.9914006,Liechtenstein
2028-01-01,143.3895652,Liechtenstein
2029-01-01,135.3139656,Liechtenstein
2030-01-01,128.5731636,Liechtenstein
2021-01-01,17609.10195,Lithuania
2022-01-01,17787.66595,Lithuania
2023-01-01,17937.28697,Lithuania
2024-01-01,18057.53447,Lithuania
2025-01-01,16794.02538,Lithuania
2026-01-01,16972.58938,Lithuania
2027-01-01,17122.2104,Lithuania
2028-01-01,17242.4579,Lithuania
2029-01-01,15978.94881,Lithuania
2030-01-01,16157.51281,Lithuania
2021-01-01,31655251.37,Low & middle income
2022-01-01,32140835.05,Low & middle income
2023-01-01,32515090.33,Low & middle income
2024-01-01,32777981.35,Low & middle income
2025-01-01,33211059.28,Low & middle income
2026-01-01,33696642.95,Low & middle income
2027-01-01,34070898.23,Low & middle income
2028-01-01,34333789.26,Low & middle income
2029-01-01,34766867.18,Low & middle income
2030-01-01,35252450.85,Low & middle income
2021-01-01,1167608.576,Low income
2022-01-01,1184861.625,Low income
2023-01-01,1204877.612,Low income
2024-01-01,1227680.689,Low income
2025-01-01,1241955.566,Low income
2026-01-01,1259208.614,Low income
2027-01-01,1279224.601,Low income
2028-01-01,1302027.678,Low income
2029-01-01,1316302.555,Low income
2030-01-01,1333555.603,Low income
2021-01-01,9514024.734,Lower middle income
2022-01-01,9758274.761,Lower middle income
2023-01-01,9970359.452,Lower middle income
2024-01-01,10150321.36,Lower middle income
2025-01-01,10345190.11,Lower middle income
2026-01-01,10589440.14,Lower middle income
2027-01-01,10801524.83,Lower middle income
2028-01-01,10981486.74,Lower middle income
2029-01-01,11176355.49,Lower middle income
2030-01-01,11420605.51,Lower middle income
2021-01-01,9958.399967,Luxembourg
2022-01-01,10031.87985,Luxembourg
2023-01-01,10096.79239,Luxembourg
2024-01-01,10152.95439,Luxembourg
2025-01-01,9591.557053,Luxembourg
2026-01-01,9665.036932,Luxembourg
2027-01-01,9729.949475,Luxembourg
2028-01-01,9786.111472,Luxembourg
2029-01-01,9224.714139,Luxembourg
2030-01-01,9298.194018,Luxembourg
2021-01-01,31762.70616,Madagascar
2022-01-01,31900.37446,Madagascar
2023-01-01,32184.5489,Madagascar
2024-01-01,32615.08096,Madagascar
2025-01-01,32774.52786,Madagascar
2026-01-01,32912.19617,Madagascar
2027-01-01,33196.37061,Madagascar
2028-01-01,33626.90267,Madagascar
2029-01-01,33786.34957,Madagascar
2030-01-01,33924.01788,Madagascar
2021-01-01,20327.81013,Malawi
2022-01-01,21315.2838,Malawi
2023-01-01,22150.46611,Malawi
2024-01-01,22833.4012,Malawi
2025-01-01,23549.65739,Malawi
2026-01-01,24537.13106,Malawi
2027-01-01,25372.31337,Malawi
2028-01-01,26055.24846,Malawi
2029-01-01,26771.50466,Malawi
2030-01-01,27758.97832,Malawi
2021-01-01,324736.5677,Malaysia
2022-01-01,336128.7198,Malaysia
2023-01-01,344805.827,Malaysia
2024-01-01,350765.5039,Malaysia
2025-01-01,350553.8098,Malaysia
2026-01-01,361945.9619,Malaysia
2027-01-01,370623.069,Malaysia
2028-01-01,376582.7459,Malaysia
2029-01-01,376371.0518,Malaysia
2030-01-01,387763.2039,Malaysia
2021-01-01,2401.141859,Maldives
2022-01-01,2484.222668,Maldives
2023-01-01,2572.589159,Maldives
2024-01-01,2666.256222,Maldives
2025-01-01,2788.487358,Maldives
2026-01-01,2871.568167,Maldives
2027-01-01,2959.934659,Maldives
2028-01-01,3053.601722,Maldives
2029-01-01,3175.832858,Maldives
2030-01-01,3258.913667,Maldives
2021-01-01,50243.59618,Mali
2022-01-01,51858.39253,Mali
2023-01-01,53997.64818,Mali
2024-01-01,56661.70062,Mali
2025-01-01,58473.82911,Mali
2026-01-01,60088.62545,Mali
2027-01-01,62227.8811,Mali
2028-01-01,64891.93354,Mali
2029-01-01,66704.06203,Mali
2030-01-01,68318.85837,Mali
2021-01-01,2124.274881,Malta
2022-01-01,2119.351915,Malta
2023-01-01,2108.752332,Malta
2024-01-01,2092.430137,Malta
2025-01-01,1930.703832,Malta
2026-01-01,1925.780866,Malta
2027-01-01,1915.181282,Malta
2028-01-01,1898.859087,Malta
2029-01-01,1737.132782,Malta
2030-01-01,1732.209816,Malta
2021-01-01,230.3648843,Marshall Islands
2022-01-01,235.7154108,Marshall Islands
2023-01-01,240.14256,Marshall Islands
2024-01-01,243.6469307,Marshall Islands
2025-01-01,248.1026254,Marshall Islands
2026-01-01,253.453152,Marshall Islands
2027-01-01,257.8803011,Marshall Islands
2028-01-01,261.3846718,Marshall Islands
2029-01-01,265.8403665,Marshall Islands
2030-01-01,271.1908931,Marshall Islands
2021-01-01,15436.43261,Mauritania
2022-01-01,15953.04589,Mauritania
2023-01-01,16370.39506,Mauritania
2024-01-01,16688.4275,Mauritania
2025-01-01,17212.14308,Mauritania
2026-01-01,17728.75636,Mauritania
2027-01-01,18146.10552,Mauritania
2028-01-01,18464.13797,Mauritania
2029-01-01,18987.85355,Mauritania
2030-01-01,19504.46683,Mauritania
2021-01-01,7202.787101,Mauritius
2022-01-01,7371.380686,Mauritius
2023-01-01,7501.538611,Mauritius
2024-01-01,7593.285581,Mauritius
2025-01-01,7745.070957,Mauritius
2026-01-01,7913.664542,Mauritius
2027-01-01,8043.822467,Mauritius
2028-01-01,8135.569437,Mauritius
2029-01-01,8287.354813,Mauritius
2030-01-01,8455.948398,Mauritius
2021-01-01,689192.3237,Mexico
2022-01-01,693307.2185,Mexico
2023-01-01,699813.9983,Mexico
2024-01-01,708702.0017,Mexico
2025-01-01,704250.7127,Mexico
2026-01-01,708365.6076,Mexico
2027-01-01,714872.3874,Mexico
2028-01-01,723760.3908,Mexico
2029-01-01,719309.1018,Mexico
2030-01-01,723423.9967,Mexico
2021-01-01,250.215557,"Micronesia, Fed. Sts."
2022-01-01,248.3133054,"Micronesia, Fed. Sts."
2023-01-01,247.9850996,"Micronesia, Fed. Sts."
2024-01-01,249.2337937,"Micronesia, Fed. Sts."
2025-01-01,258.5416313,"Micronesia, Fed. Sts."
2026-01-01,256.6393797,"Micronesia, Fed. Sts."
2027-01-01,256.3111739,"Micronesia, Fed. Sts."
2028-01-01,257.5598679,"Micronesia, Fed. Sts."
2029-01-01,266.8677055,"Micronesia, Fed. Sts."
2030-01-01,264.965454,"Micronesia, Fed. Sts."
2021-01-01,3453285.478,Middle East & North Africa
2022-01-01,3490816.695,Middle East & North Africa
2023-01-01,3532406.403,Middle East & North Africa
2024-01-01,3578289.204,Middle East & North Africa
2025-01-01,3633898.472,Middle East & North Africa
2026-01-01,3671429.689,Middle East & North Africa
2027-01-01,3713019.397,Middle East & North Africa
2028-01-01,3758902.199,Middle East & North Africa
2029-01-01,3814511.466,Middle East & North Africa
2030-01-01,3852042.683,Middle East & North Africa
2021-01-01,2019783.627,Middle East & North Africa (IDA & IBRD countries)
2022-01-01,2029491.804,Middle East & North Africa (IDA & IBRD countries)
2023-01-01,2040024.42,Middle East & North Africa (IDA & IBRD countries)
2024-01-01,2051450.459,Middle East & North Africa (IDA & IBRD countries)
2025-01-01,2103851.369,Middle East & North Africa (IDA & IBRD countries)
2026-01-01,2113559.546,Middle East & North Africa (IDA & IBRD countries)
2027-01-01,2124092.162,Middle East & North Africa (IDA & IBRD countries)
2028-01-01,2135518.202,Middle East & North Africa (IDA & IBRD countries)
2029-01-01,2187919.112,Middle East & North Africa (IDA & IBRD countries)
2030-01-01,2197627.289,Middle East & North Africa (IDA & IBRD countries)
2021-01-01,2019783.627,Middle East & North Africa (excluding high income)
2022-01-01,2029491.804,Middle East & North Africa (excluding high income)
2023-01-01,2040024.42,Middle East & North Africa (excluding high income)
2024-01-01,2051450.459,Middle East & North Africa (excluding high income)
2025-01-01,2103851.369,Middle East & North Africa (excluding high income)
2026-01-01,2113559.546,Middle East & North Africa (excluding high income)
2027-01-01,2124092.162,Middle East & North Africa (excluding high income)
2028-01-01,2135518.202,Middle East & North Africa (excluding high income)
2029-01-01,2187919.112,Middle East & North Africa (excluding high income)
2030-01-01,2197627.289,Middle East & North Africa (excluding high income)
2021-01-01,30510817.36,Middle income
2022-01-01,30982482.94,Middle income
2023-01-01,31340533.35,Middle income
2024-01-01,31584921.59,Middle income
2025-01-01,32010137.32,Middle income
2026-01-01,32481802.89,Middle income
2027-01-01,32839853.31,Middle income
2028-01-01,33084241.55,Middle income
2029-01-01,33509457.28,Middle income
2030-01-01,33981122.85,Middle income
2021-01-01,12513.76171,Moldova
2022-01-01,12817.95716,Moldova
2023-01-01,12982.04424,Moldova
2024-01-01,13005.86031,Moldova
2025-01-01,12652.33225,Moldova
2026-01-01,12956.5277,Moldova
2027-01-01,13120.61478,Moldova
2028-01-01,13144.43085,Moldova
2029-01-01,12790.90278,Moldova
2030-01-01,13095.09823,Moldova
2021-01-01,58658.8109,Mongolia
2022-01-01,60021.03558,Mongolia
2023-01-01,61684.86877,Mongolia
2024-01-01,63650.70051,Mongolia
2025-01-01,66843.65335,Mongolia
2026-01-01,68205.87803,Mongolia
2027-01-01,69869.71122,Mongolia
2028-01-01,71835.54296,Mongolia
2029-01-01,75028.4958,Mongolia
2030-01-01,76390.72049,Mongolia
2021-01-01,4146.362393,Montenegro
2022-01-01,4211.566614,Montenegro
2023-01-01,4263.304368,Montenegro
2024-01-01,4301.577098,Montenegro
2025-01-01,4356.498911,Montenegro
2026-01-01,4421.703132,Montenegro
2027-01-01,4473.440886,Montenegro
2028-01-01,4511.713616,Montenegro
2029-01-01,4566.635429,Montenegro
2030-01-01,4631.839649,Montenegro
2021-01-01,100605.2696,Morocco
2022-01-01,102583.6246,Morocco
2023-01-01,104500.8772,Morocco
2024-01-01,106356.9623,Morocco
2025-01-01,108475.3647,Morocco
2026-01-01,110453.7197,Morocco
2027-01-01,112370.9722,Morocco
2028-01-01,114227.0574,Morocco
2029-01-01,116345.4597,Morocco
2030-01-01,118323.8147,Morocco
2021-01-01,35769.22995,Mozambique
2022-01-01,37050.76531,Mozambique
2023-01-01,37825.88875,Mozambique
2024-01-01,38094.59185,Mozambique
2025-01-01,38583.59871,Mozambique
2026-01-01,39865.13407,Mozambique
2027-01-01,40640.25751,Mozambique
2028-01-01,40908.96061,Mozambique
2029-01-01,41397.96748,Mozambique
2030-01-01,42679.50283,Mozambique
2021-01-01,135827.6666,Myanmar
2022-01-01,139951.0836,Myanmar
2023-01-01,144316.748,Myanmar
2024-01-01,148924.644,Myanmar
2025-01-01,155178.3018,Myanmar
2026-01-01,159301.7188,Myanmar
2027-01-01,163667.3832,Myanmar
2028-01-01,168275.2792,Myanmar
2029-01-01,174528.9369,Myanmar
2030-01-01,178652.3539,Myanmar
2021-01-01,14113.75837,Namibia
2022-01-01,14669.26963,Namibia
2023-01-01,15275.53949,Namibia
2024-01-01,15932.04003,Namibia
2025-01-01,14845.64521,Namibia
2026-01-01,15401.15647,Namibia
2027-01-01,16007.42633,Namibia
2028-01-01,16663.92686,Namibia
2029-01-01,15577.53205,Namibia
2030-01-01,16133.04331,Namibia
2021-01-01,58.61007063,Nauru
2022-01-01,55.08645043,Nauru
2023-01-01,51.65791566,Nauru
2024-01-01,48.32775229,Nauru
2025-01-01,55.65250907,Nauru
2026-01-01,52.12888888,Nauru
2027-01-01,48.7003541,Nauru
2028-01-01,45.37019073,Nauru
2029-01-01,52.69494752,Nauru
2030-01-01,49.17132732,Nauru
2021-01-01,56683.96564,Nepal
2022-01-01,58089.59477,Nepal
2023-01-01,59801.14855,Nepal
2024-01-01,61819.48029,Nepal
2025-01-01,64040.7073,Nepal
2026-01-01,65446.33644,Nepal
2027-01-01,67157.89022,Nepal
2028-01-01,69176.22196,Nepal
2029-01-01,71397.44897,Nepal
2030-01-01,72803.07811,Nepal
2021-01-01,174192.1656,Netherlands
2022-01-01,172921.4472,Netherlands
2023-01-01,172012.2657,Netherlands
2024-01-01,171463.6341,Netherlands
2025-01-01,167520.3782,Netherlands
2026-01-01,166249.6598,Netherlands
2027-01-01,165340.4783,Netherlands
2028-01-01,164791.8467,Netherlands
2029-01-01,160848.5909,Netherlands
2030-01-01,159577.8725,Netherlands
2021-01-01,80495.36159,New Zealand
2022-01-01,80741.12305,New Zealand
2023-01-01,80822.53513,New Zealand
2024-01-01,80739.4099,New Zealand
2025-01-01,80165.73449,New Zealand
2026-01-01,80411.49595,New Zealand
2027-01-01,80492.90803,New Zealand
2028-01-01,80409.7828,New Zealand
2029-01-01,79836.10738,New Zealand
2030-01-01,80081.86885,New Zealand
2021-01-01,20754.43362,Nicaragua
2022-01-01,21508.18817,Nicaragua
2023-01-01,22119.8927,Nicaragua
2024-01-01,22589.13388,Nicaragua
2025-01-01,22664.46989,Nicaragua
2026-01-01,23418.22445,Nicaragua
2027-01-01,24029.92897,Nicaragua
2028-01-01,24499.17016,Nicaragua
2029-01-01,24574.50617,Nicaragua
2030-01-01,25328.26072,Nicaragua
2021-01-01,50608.89835,Niger
2022-01-01,52318.33063,Niger
2023-01-01,54165.91106,Niger
2024-01-01,56151.1718,Niger
2025-01-01,57971.66491,Niger
2026-01-01,59681.09719,Niger
2027-01-01,61528.67762,Niger
2028-01-01,63513.93836,Niger
2029-01-01,65334.43147,Niger
2030-01-01,67043.86375,Niger
2021-01-01,323226.8983,Nigeria
2022-01-01,332740.4992,Nigeria
2023-01-01,340086.171,Nigeria
2024-01-01,345264.4897,Nigeria
2025-01-01,352535.8943,Nigeria
2026-01-01,362049.4951,Nigeria
2027-01-01,369395.167,Nigeria
2028-01-01,374573.4856,Nigeria
2029-01-01,381844.8903,Nigeria
2030-01-01,391358.4911,Nigeria
2021-01-01,6314314.628,North America
2022-01-01,6331520.031,North America
2023-01-01,6278185.153,North America
2024-01-01,6154309.678,North America
2025-01-01,6065810.972,North America
2026-01-01,6083016.376,North America
2027-01-01,6029681.498,North America
2028-01-01,5905806.023,North America
2029-01-01,5817307.317,North America
2030-01-01,5834512.72,North America
2021-01-01,10452.79042,North Macedonia
2022-01-01,10454.52617,North Macedonia
2023-01-01,10486.06098,North Macedonia
2024-01-01,10547.20325,North Macedonia
2025-01-01,10073.81413,North Macedonia
2026-01-01,10075.54989,North Macedonia
2027-01-01,10107.08469,North Macedonia
2028-01-01,10168.22697,North Macedonia
2029-01-01,9694.837848,North Macedonia
2030-01-01,9696.573601,North Macedonia
2021-01-01,45922.19072,Norway
2022-01-01,46676.7681,Norway
2023-01-01,46720.68762,Norway
2024-01-01,46053.52159,Norway
2025-01-01,44933.30026,Norway
2026-01-01,45687.87764,Norway
2027-01-01,45731.79717,Norway
2028-01-01,45064.63113,Norway
2029-01-01,43944.4098,Norway
2030-01-01,44698.98719,Norway
2021-01-01,14345492.48,OECD members
2022-01-01,14377281.74,OECD members
2023-01-01,14341830.34,OECD members
2024-01-01,14239061.16,OECD members
2025-01-01,14032054.85,OECD members
2026-01-01,14063844.11,OECD members
2027-01-01,14028392.71,OECD members
2028-01-01,13925623.53,OECD members
2029-01-01,13718617.22,OECD members
2030-01-01,13750406.48,OECD members
2021-01-01,93225.80827,Oman
2022-01-01,97635.88718,Oman
2023-01-01,101248.5201,Oman
2024-01-01,104063.4671,Oman
2025-01-01,107075.4237,Oman
2026-01-01,111485.5026,Oman
2027-01-01,115098.1355,Oman
2028-01-01,117913.0825,Oman
2029-01-01,120925.0391,Oman
2030-01-01,125335.118,Oman
2021-01-01,298975.202,Other small states
2022-01-01,302844.6108,Other small states
2023-01-01,305476.0325,Other small states
2024-01-01,306870.5291,Other small states
2025-01-01,309305.7053,Other small states
2026-01-01,313175.1141,Other small states
2027-01-01,315806.5359,Other small states
2028-01-01,317201.0325,Other small states
2029-01-01,319636.2087,Other small states
2030-01-01,323505.6175,Other small states
2021-01-01,6654.905668,Pacific island small states
2022-01-01,6722.757519,Pacific island small states
2023-01-01,6796.435547,Pacific island small states
2024-01-01,6875.983789,Pacific island small states
2025-01-01,7034.666193,Pacific island small states
2026-01-01,7102.518045,Pacific island small states
2027-01-01,7176.196072,Pacific island small states
2028-01-01,7255.744314,Pacific island small states
2029-01-01,7414.426718,Pacific island small states
2030-01-01,7482.27857,Pacific island small states
2021-01-01,464797.5825,Pakistan
2022-01-01,477665.7928,Pakistan
2023-01-01,491462.9429,Pakistan
2024-01-01,506190.2344,Pakistan
2025-01-01,522903.4027,Pakistan
2026-01-01,535771.613,Pakistan
2027-01-01,549568.7632,Pakistan
2028-01-01,564296.0547,Pakistan
2029-01-01,581009.223,Pakistan
2030-01-01,593877.4333,Pakistan
2021-01-01,290.4404799,Palau
2022-01-01,290.9690327,Palau
2023-01-01,291.3876911,Palau
2024-01-01,291.6997879,Palau
2025-01-01,302.1784243,Palau
2026-01-01,302.7069771,Palau
2027-01-01,303.1256354,Palau
2028-01-01,303.4377323,Palau
2029-01-01,313.9163686,Palau
2030-01-01,314.4449214,Palau
2021-01-01,21262.54976,Panama
2022-01-01,21632.95386,Panama
2023-01-01,22016.89163,Panama
2024-01-01,22414.50428,Panama
2025-01-01,23310.86567,Panama
2026-01-01,23681.26977,Panama
2027-01-01,24065.20754,Panama
2028-01-01,24462.82019,Panama
2029-01-01,25359.18158,Panama
2030-01-01,25729.58568,Panama
2021-01-01,23613.11578,Papua New Guinea
2022-01-01,24086.77149,Papua New Guinea
2023-01-01,24584.39462,Papua New Guinea
2024-01-01,25106.02975,Papua New Guinea
2025-01-01,25754.29495,Papua New Guinea
2026-01-01,26227.95066,Papua New Guinea
2027-01-01,26725.5738,Papua New Guinea
2028-01-01,27247.20892,Papua New Guinea
2029-01-01,27895.47412,Papua New Guinea
2030-01-01,28369.12983,Papua New Guinea
2021-01-01,54865.80824,Paraguay
2022-01-01,56330.3195,Paraguay
2023-01-01,57484.19239,Paraguay
2024-01-01,58327.14267,Paraguay
2025-01-01,60124.6125,Paraguay
2026-01-01,61589.12376,Paraguay
2027-01-01,62742.99665,Paraguay
2028-01-01,63585.94693,Paraguay
2029-01-01,65383.41676,Paraguay
2030-01-01,66847.92802,Paraguay
2021-01-01,105727.9367,Peru
2022-01-01,107510.8681,Peru
2023-01-01,109759.2815,Peru
2024-01-01,112472.7957,Peru
2025-01-01,113770.777,Peru
2026-01-01,115553.7085,Peru
2027-01-01,117802.1218,Peru
2028-01-01,120515.636,Peru
2029-01-01,121813.6174,Peru
2030-01-01,123596.5488,Peru
2021-01-01,267623.5975,Philippines
2022-01-01,276348.3838,Philippines
2023-01-01,287191.3833,Philippines
2024-01-01,300151.8258,Philippines
2025-01-01,312085.3127,Philippines
2026-01-01,320810.0991,Philippines
2027-01-01,331653.0985,Philippines
2028-01-01,344613.5411,Philippines
2029-01-01,356547.0279,Philippines
2030-01-01,365271.8143,Philippines
2021-01-01,380546.3583,Poland
2022-01-01,382376.8204,Poland
2023-01-01,383549.6193,Poland
2024-01-01,384063.5434,Poland
2025-01-01,381099.614,Poland
2026-01-01,382930.076,Poland
2027-01-01,384102.8749,Poland
2028-01-01,384616.799,Poland
2029-01-01,381652.8696,Poland
2030-01-01,383483.3317,Poland
2021-01-01,61134.5089,Portugal
2022-01-01,59354.87193,Portugal
2023-01-01,57864.74871,Portugal
2024-01-01,56664.69532,Portugal
2025-01-01,56968.5862,Portugal
2026-01-01,55188.94922,Portugal
2027-01-01,53698.826,Portugal
2028-01-01,52498.77262,Portugal
2029-01-01,52802.66349,Portugal
2030-01-01,51023.02652,Portugal
2021-01-01,12595181.71,Post-demographic dividend
2022-01-01,12585623.95,Post-demographic dividend
2023-01-01,12492334.81,Post-demographic dividend
2024-01-01,12315256.42,Post-demographic dividend
2025-01-01,12046111.91,Post-demographic dividend
2026-01-01,12036554.15,Post-demographic dividend
2027-01-01,11943265.01,Post-demographic dividend
2028-01-01,11766186.62,Post-demographic dividend
2029-01-01,11497042.11,Post-demographic dividend
2030-01-01,11487484.35,Post-demographic dividend
2021-01-01,1978322.701,Pre-demographic dividend
2022-01-01,2014781.452,Pre-demographic dividend
2023-01-01,2055051.963,Pre-demographic dividend
2024-01-01,2099134.262,Pre-demographic dividend
2025-01-01,2135245.637,Pre-demographic dividend
2026-01-01,2171704.388,Pre-demographic dividend
2027-01-01,2211974.899,Pre-demographic dividend
2028-01-01,2256057.197,Pre-demographic dividend
2029-01-01,2292168.572,Pre-demographic dividend
2030-01-01,2328627.323,Pre-demographic dividend
2021-01-01,112902.7477,Qatar
2022-01-01,116686.4287,Qatar
2023-01-01,120366.4548,Qatar
2024-01-01,123942.852,Qatar
2025-01-01,127589.4538,Qatar
2026-01-01,131373.1348,Qatar
2027-01-01,135053.1609,Qatar
2028-01-01,138629.5581,Qatar
2029-01-01,142276.1599,Qatar
2030-01-01,146059.8409,Qatar
2021-01-01,91505.96958,Romania
2022-01-01,90903.99345,Romania
2023-01-01,89891.01746,Romania
2024-01-01,88464.986,Romania
2025-01-01,81126.02119,Romania
2026-01-01,80524.04506,Romania
2027-01-01,79511.06906,Romania
2028-01-01,78085.03761,Romania
2029-01-01,70746.07279,Romania
2030-01-01,70144.09666,Romania
2021-01-01,2500370.409,Russian Federation
2022-01-01,2532146.337,Russian Federation
2023-01-01,2551203.755,Russian Federation
2024-01-01,2557525.753,Russian Federation
2025-01-01,2511093.025,Russian Federation
2026-01-01,2542868.953,Russian Federation
2027-01-01,2561926.371,Russian Federation
2028-01-01,2568248.368,Russian Federation
2029-01-01,2521815.641,Russian Federation
2030-01-01,2553591.568,Russian Federation
2021-01-01,6631.505468,Rwanda
2022-01-01,6838.412287,Rwanda
2023-01-01,7010.291028,Rwanda
2024-01-01,7147.095294,Rwanda
2025-01-01,7242.320406,Rwanda
2026-01-01,7449.227226,Rwanda
2027-01-01,7621.105967,Rwanda
2028-01-01,7757.910233,Rwanda
2029-01-01,7853.135345,Rwanda
2030-01-01,8060.042164,Rwanda
2021-01-01,776.2706541,Samoa
2022-01-01,802.9509271,Samoa
2023-01-01,831.4547949,Samoa
2024-01-01,861.7805296,Samoa
2025-01-01,885.4331528,Samoa
2026-01-01,912.1134258,Samoa
2027-01-01,940.6172936,Samoa
2028-01-01,970.9430283,Samoa
2029-01-01,994.5956515,Samoa
2030-01-01,1021.275925,Samoa
2021-01-01,210.8943706,Sao Tome and Principe
2022-01-01,213.4065027,Sao Tome and Principe
2023-01-01,218.7381261,Sao Tome and Principe
2024-01-01,226.8906353,Sao Tome and Principe
2025-01-01,233.3550326,Sao Tome and Principe
2026-01-01,235.8671648,Sao Tome and Principe
2027-01-01,241.1987882,Sao Tome and Principe
2028-01-01,249.3512973,Sao Tome and Principe
2029-01-01,255.8156947,Sao Tome and Principe
2030-01-01,258.3278268,Sao Tome and Principe
2021-01-01,763205.0641,Saudi Arabia
2022-01-01,790390.1868,Saudi Arabia
2023-01-01,818110.1122,Saudi Arabia
2024-01-01,846359.2839,Saudi Arabia
2025-01-01,859502.9619,Saudi Arabia
2026-01-01,886688.0847,Saudi Arabia
2027-01-01,914408.0101,Saudi Arabia
2028-01-01,942657.1817,Saudi Arabia
2029-01-01,955800.8598,Saudi Arabia
2030-01-01,982985.9826,Saudi Arabia
2021-01-01,32798.56331,Senegal
2022-01-01,33171.66536,Senegal
2023-01-01,33845.0725,Senegal
2024-01-01,34818.96204,Senegal
2025-01-01,35783.05204,Senegal
2026-01-01,36156.15409,Senegal
2027-01-01,36829.56123,Senegal
2028-01-01,37803.45077,Senegal
2029-01-01,38767.54077,Senegal
2030-01-01,39140.64283,Senegal
2021-01-01,59619.72055,Serbia
2022-01-01,60150.8129,Serbia
2023-01-01,61038.36735,Serbia
2024-01-01,62280.63029,Serbia
2025-01-01,58061.22462,Serbia
2026-01-01,58592.31698,Serbia
2027-01-01,59479.87143,Serbia
2028-01-01,60722.13436,Serbia
2029-01-01,56502.72869,Serbia
2030-01-01,57033.82105,Serbia
2021-01-01,613.7595599,Seychelles
2022-01-01,614.7664193,Seychelles
2023-01-01,619.9306721,Seychelles
2024-01-01,629.2403676,Seychelles
2025-01-01,593.2539908,Seychelles
2026-01-01,594.2608502,Seychelles
2027-01-01,599.425103,Seychelles
2028-01-01,608.7347985,Seychelles
2029-01-01,572.7484217,Seychelles
2030-01-01,573.7552811,Seychelles
2021-01-01,8319.389677,Sierra Leone
2022-01-01,8651.548403,Sierra Leone
2023-01-01,8967.531239,Sierra Leone
2024-01-01,9267.206098,Sierra Leone
2025-01-01,9152.037074,Sierra Leone
2026-01-01,9484.1958,Sierra Leone
2027-01-01,9800.178637,Sierra Leone
2028-01-01,10099.8535,Sierra Leone
2029-01-01,9984.684471,Sierra Leone
2030-01-01,10316.8432,Sierra Leone
2021-01-01,70952.11399,Singapore
2022-01-01,72809.73113,Singapore
2023-01-01,74365.60964,Singapore
2024-01-01,75619.68161,Singapore
2025-01-01,76700.51158,Singapore
2026-01-01,78558.12873,Singapore
2027-01-01,80114.00723,Singapore
2028-01-01,81368.0792,Singapore
2029-01-01,82448.90917,Singapore
2030-01-01,84306.52632,Singapore
2021-01-01,36178.48784,Slovak Republic
2022-01-01,35511.31537,Slovak Republic
2023-01-01,34808.45353,Slovak Republic
2024-01-01,34070.08667,Slovak Republic
2025-01-01,33851.63107,Slovak Republic
2026-01-01,33184.4586,Slovak Republic
2027-01-01,32481.59676,Slovak Republic
2028-01-01,31743.2299,Slovak Republic
2029-01-01,31524.7743,Slovak Republic
2030-01-01,30857.60183,Slovak Republic
2021-01-01,15825.76753,Slovenia
2022-01-01,15558.23587,Slovenia
2023-01-01,15448.41068,Slovenia
2024-01-01,15496.1408,Slovenia
2025-01-01,14819.14099,Slovenia
2026-01-01,14551.60932,Slovenia
2027-01-01,14441.78414,Slovenia
2028-01-01,14489.51426,Slovenia
2029-01-01,13812.51445,Slovenia
2030-01-01,13544.98278,Slovenia
2021-01-01,359265.4091,Small states
2022-01-01,361837.032,Small states
2023-01-01,363033.439,Small states
2024-01-01,362857.4885,Small states
2025-01-01,367865.1919,Small states
2026-01-01,370436.8148,Small states
2027-01-01,371633.2218,Small states
2028-01-01,371457.2713,Small states
2029-01-01,376464.9746,Small states
2030-01-01,379036.5975,Small states
2021-01-01,983.0597163,Solomon Islands
2022-01-01,990.1164575,Solomon Islands
2023-01-01,1006.529113,Solomon Islands
2024-01-01,1032.305633,Solomon Islands
2025-01-01,1061.180706,Solomon Islands
2026-01-01,1068.237447,Solomon Islands
2027-01-01,1084.650103,Solomon Islands
2028-01-01,1110.426623,Solomon Islands
2029-01-01,1139.301696,Solomon Islands
2030-01-01,1146.358437,Solomon Islands
2021-01-01,27301.44214,Somalia
2022-01-01,27257.02205,Somalia
2023-01-01,27311.82637,Somalia
2024-01-01,27465.91337,Somalia
2025-01-01,27551.15085,Somalia
2026-01-01,27506.73077,Somalia
2027-01-01,27561.53508,Somalia
2028-01-01,27715.62208,Somalia
2029-01-01,27800.85956,Somalia
2030-01-01,27756.43948,Somalia
2021-01-01,526077.4139,South Africa
2022-01-01,527662.1729,South Africa
2023-01-01,532196.6202,South Africa
2024-01-01,539682.4716,South Africa
2025-01-01,537510.6324,South Africa
2026-01-01,539095.3913,South Africa
2027-01-01,543629.8387,South Africa
2028-01-01,551115.69,South Africa
2029-01-01,548943.8508,South Africa
2030-01-01,550528.6098,South Africa
2021-01-01,4532647.117,South Asia
2022-01-01,4656454.33,South Asia
2023-01-01,4770510.993,South Asia
2024-01-01,4874884.858,South Asia
2025-01-01,5020307.561,South Asia
2026-01-01,5144114.773,South Asia
2027-01-01,5258171.437,South Asia
2028-01-01,5362545.302,South Asia
2029-01-01,5507968.005,South Asia
2030-01-01,5631775.217,South Asia
2021-01-01,4532647.117,South Asia (IDA & IBRD)
2022-01-01,4656454.33,South Asia (IDA & IBRD)
2023-01-01,4770510.993,South Asia (IDA & IBRD)
2024-01-01,4874884.858,South Asia (IDA & IBRD)
2025-01-01,5020307.561,South Asia (IDA & IBRD)
2026-01-01,5144114.773,South Asia (IDA & IBRD)
2027-01-01,5258171.437,South Asia (IDA & IBRD)
2028-01-01,5362545.302,South Asia (IDA & IBRD)
2029-01-01,5507968.005,South Asia (IDA & IBRD)
2030-01-01,5631775.217,South Asia (IDA & IBRD)
2021-01-01,61161.49898,South Sudan
2022-01-01,61943.01669,South Sudan
2023-01-01,62827.39508,South Sudan
2024-01-01,63813.63173,South Sudan
2025-01-01,61397.57773,South Sudan
2026-01-01,62179.09544,South Sudan
2027-01-01,63063.47383,South Sudan
2028-01-01,64049.71048,South Sudan
2029-01-01,61633.65648,South Sudan
2030-01-01,62415.17419,South Sudan
2021-01-01,289247.5991,Spain
2022-01-01,289145.5912,Spain
2023-01-01,287970.2557,Spain
2024-01-01,285715.4834,Spain
2025-01-01,265360.7015,Spain
2026-01-01,265258.6936,Spain
2027-01-01,264083.3581,Spain
2028-01-01,261828.5858,Spain
2029-01-01,241473.8038,Spain
2030-01-01,241371.796,Spain
2021-01-01,39037.89782,Sri Lanka
2022-01-01,40511.55435,Sri Lanka
2023-01-01,42097.92427,Sri Lanka
2024-01-01,43796.3293,Sri Lanka
2025-01-01,43709.05116,Sri Lanka
2026-01-01,45182.7077,Sri Lanka
2027-01-01,46769.07761,Sri Lanka
2028-01-01,48467.48264,Sri Lanka
2029-01-01,48380.2045,Sri Lanka
2030-01-01,49853.86104,Sri Lanka
2021-01-01,428.8479362,St. Kitts and Nevis
2022-01-01,410.5587897,St. Kitts and Nevis
2023-01-01,396.6300299,St. Kitts and Nevis
2024-01-01,387.0817145,St. Kitts and Nevis
2025-01-01,439.9087532,St. Kitts and Nevis
2026-01-01,421.6196066,St. Kitts and Nevis
2027-01-01,407.6908468,St. Kitts and Nevis
2028-01-01,398.1425315,St. Kitts and Nevis
2029-01-01,450.9695701,St. Kitts and Nevis
2030-01-01,432.6804236,St. Kitts and Nevis
2021-01-01,811.8216935,St. Lucia
2022-01-01,772.3455638,St. Lucia
2023-01-01,741.1587648,St. Lucia
2024-01-01,718.3031409,St. Lucia
2025-01-01,825.6355261,St. Lucia
2026-01-01,786.1593964,St. Lucia
2027-01-01,754.9725974,St. Lucia
2028-01-01,732.1169735,St. Lucia
2029-01-01,839.4493587,St. Lucia
2030-01-01,799.9732289,St. Lucia
2021-01-01,457.9966811,St. Vincent and the Grenadines
2022-01-01,420.4529148,St. Vincent and the Grenadines
2023-01-01,388.0477294,St. Vincent and the Grenadines
2024-01-01,360.8233998,St. Vincent and the Grenadines
2025-01-01,467.9354722,St. Vincent and the Grenadines
2026-01-01,430.391706,St. Vincent and the Grenadines
2027-01-01,397.9865205,St. Vincent and the Grenadines
2028-01-01,370.7621909,St. Vincent and the Grenadines
2029-01-01,477.8742633,St. Vincent and the Grenadines
2030-01-01,440.3304971,St. Vincent and the Grenadines
2021-01-01,2475080.905,Sub-Saharan Africa
2022-01-01,2516498.753,Sub-Saharan Africa
2023-01-01,2560886.7,Sub-Saharan Africa
2024-01-01,2608247.641,Sub-Saharan Africa
2025-01-01,2629357.842,Sub-Saharan Africa
2026-01-01,2670775.69,Sub-Saharan Africa
2027-01-01,2715163.638,Sub-Saharan Africa
2028-01-01,2762524.578,Sub-Saharan Africa
2029-01-01,2783634.78,Sub-Saharan Africa
2030-01-01,2825052.628,Sub-Saharan Africa
2021-01-01,2475080.905,Sub-Saharan Africa (IDA & IBRD countries)
2022-01-01,2516498.753,Sub-Saharan Africa (IDA & IBRD countries)
2023-01-01,2560886.7,Sub-Saharan Africa (IDA & IBRD countries)
2024-01-01,2608247.641,Sub-Saharan Africa (IDA & IBRD countries)
2025-01-01,2629357.842,Sub-Saharan Africa (IDA & IBRD countries)
2026-01-01,2670775.69,Sub-Saharan Africa (IDA & IBRD countries)
2027-01-01,2715163.638,Sub-Saharan Africa (IDA & IBRD countries)
2028-01-01,2762524.578,Sub-Saharan Africa (IDA & IBRD countries)
2029-01-01,2783634.78,Sub-Saharan Africa (IDA & IBRD countries)
2030-01-01,2825052.628,Sub-Saharan Africa (IDA & IBRD countries)
2021-01-01,2473357.327,Sub-Saharan Africa (excluding high income)
2022-01-01,2514397.929,Sub-Saharan Africa (excluding high income)
2023-01-01,2558478.467,Sub-Saharan Africa (excluding high income)
2024-01-01,2605601.784,Sub-Saharan Africa (excluding high income)
2025-01-01,2626584.403,Sub-Saharan Africa (excluding high income)
2026-01-01,2667625.005,Sub-Saharan Africa (excluding high income)
2027-01-01,2711705.543,Sub-Saharan Africa (excluding high income)
2028-01-01,2758828.86,Sub-Saharan Africa (excluding high income)
2029-01-01,2779811.479,Sub-Saharan Africa (excluding high income)
2030-01-01,2820852.081,Sub-Saharan Africa (excluding high income)
2021-01-01,116588.8374,Sudan
2022-01-01,117712.666,Sudan
2023-01-01,119987.0171,Sudan
2024-01-01,123411.2894,Sudan
2025-01-01,124531.569,Sudan
2026-01-01,125655.3976,Sudan
2027-01-01,127929.7487,Sudan
2028-01-01,131354.0209,Sudan
2029-01-01,132474.3005,Sudan
2030-01-01,133598.1292,Sudan
2021-01-01,4676.70385,Suriname
2022-01-01,4791.080839,Suriname
2023-01-01,4919.048985,Suriname
2024-01-01,5060.591701,Suriname
2025-01-01,5145.236029,Suriname
2026-01-01,5259.613017,Suriname
2027-01-01,5387.581163,Suriname
2028-01-01,5529.12388,Suriname
2029-01-01,5613.768208,Suriname
2030-01-01,5728.145196,Suriname
2021-01-01,41226.92703,Sweden
2022-01-01,41042.52311,Sweden
2023-01-01,40161.47949,Sweden
2024-01-01,38583.36459,Sweden
2025-01-01,35922.75922,Sweden
2026-01-01,35738.3553,Sweden
2027-01-01,34857.31168,Sweden
2028-01-01,33279.19678,Sweden
2029-01-01,30618.59141,Sweden
2030-01-01,30434.18749,Sweden
2021-01-01,44583.68146,Switzerland
2022-01-01,42760.99386,Switzerland
2023-01-01,41817.09722,Switzerland
2024-01-01,41752.66656,Switzerland
2025-01-01,41423.36587,Switzerland
2026-01-01,39600.67827,Switzerland
2027-01-01,38656.78163,Switzerland
2028-01-01,38592.35097,Switzerland
2029-01-01,38263.05029,Switzerland
2030-01-01,36440.36269,Switzerland
2021-01-01,40648.93102,Syrian Arab Republic
2022-01-01,39541.96135,Syrian Arab Republic
2023-01-01,38317.98733,Syrian Arab Republic
2024-01-01,36975.05963,Syrian Arab Republic
2025-01-01,29348.87284,Syrian Arab Republic
2026-01-01,28241.90317,Syrian Arab Republic
2027-01-01,27017.92915,Syrian Arab Republic
2028-01-01,25675.00145,Syrian Arab Republic
2029-01-01,18048.81466,Syrian Arab Republic
2030-01-01,16941.84499,Syrian Arab Republic
2021-01-01,15153.31417,Tajikistan
2022-01-01,15577.47132,Tajikistan
2023-01-01,16020.27691,Tajikistan
2024-01-01,16481.77958,Tajikistan
2025-01-01,17025.39393,Tajikistan
2026-01-01,17449.55108,Tajikistan
2027-01-01,17892.35666,Tajikistan
2028-01-01,18353.85933,Tajikistan
2029-01-01,18897.47368,Tajikistan
2030-01-01,19321.63083,Tajikistan
2021-01-01,119365.3781,Tanzania
2022-01-01,123543.6102,Tanzania
2023-01-01,127824.139,Tanzania
2024-01-01,132205.8277,Tanzania
2025-01-01,134016.5698,Tanzania
2026-01-01,138194.802,Tanzania
2027-01-01,142475.3308,Tanzania
2028-01-01,146857.0194,Tanzania
2029-01-01,148667.7616,Tanzania
2030-01-01,152845.9938,Tanzania
2021-01-01,436557.5247,Thailand
2022-01-01,440792.3769,Thailand
2023-01-01,447071.711,Thailand
2024-01-01,455396.8422,Thailand
2025-01-01,461868.5303,Thailand
2026-01-01,466103.3824,Thailand
2027-01-01,472382.7166,Thailand
2028-01-01,480707.8478,Thailand
2029-01-01,487179.5359,Thailand
2030-01-01,491414.388,Thailand
2021-01-01,8176.023854,Timor-Leste
2022-01-01,8588.410721,Timor-Leste
2023-01-01,8997.898408,Timor-Leste
2024-01-01,9404.267688,Timor-Leste
2025-01-01,9099.452101,Timor-Leste
2026-01-01,9511.838968,Timor-Leste
2027-01-01,9921.326656,Timor-Leste
2028-01-01,10327.69594,Timor-Leste
2029-01-01,10022.88035,Timor-Leste
2030-01-01,10435.26722,Timor-Leste
2021-01-01,8996.275573,Togo
2022-01-01,9127.674556,Togo
2023-01-01,9268.55001,Togo
2024-01-01,9418.928368,Togo
2025-01-01,9686.819941,Togo
2026-01-01,9818.218924,Togo
2027-01-01,9959.094378,Togo
2028-01-01,10109.47274,Togo
2029-01-01,10377.36431,Togo
2030-01-01,10508.76329,Togo
2021-01-01,325.4573472,Tonga
2022-01-01,325.2009837,Tonga
2023-01-01,326.0934209,Tonga
2024-01-01,328.1387601,Tonga
2025-01-01,341.1385781,Tonga
2026-01-01,340.8822146,Tonga
2027-01-01,341.7746519,Tonga
2028-01-01,343.819991,Tonga
2029-01-01,356.819809,Tonga
2030-01-01,356.5634455,Tonga
2021-01-01,27555.9071,Trinidad and Tobago
2022-01-01,28172.5596,Trinidad and Tobago
2023-01-01,28605.9254,Trinidad and Tobago
2024-01-01,28855.97674,Trinidad and Tobago
2025-01-01,29224.31401,Trinidad and Tobago
2026-01-01,29840.96652,Trinidad and Tobago
2027-01-01,30274.33232,Trinidad and Tobago
2028-01-01,30524.38366,Trinidad and Tobago
2029-01-01,30892.72093,Trinidad and Tobago
2030-01-01,31509.37344,Trinidad and Tobago
2021-01-01,42981.43524,Tunisia
2022-01-01,43920.0776,Tunisia
2023-01-01,44480.85842,Tunisia
2024-01-01,44664.18691,Tunisia
2025-01-01,45423.35472,Tunisia
2026-01-01,46361.99708,Tunisia
2027-01-01,46922.7779,Tunisia
2028-01-01,47106.10639,Tunisia
2029-01-01,47865.2742,Tunisia
2030-01-01,48803.91656,Tunisia
2021-01-01,532771.1157,Turkey
2022-01-01,548040.5946,Turkey
2023-01-01,562063.9373,Turkey
2024-01-01,574840.5691,Turkey
2025-01-01,588111.4048,Turkey
2026-01-01,603380.8837,Turkey
2027-01-01,617404.2264,Turkey
2028-01-01,630180.8582,Turkey
2029-01-01,643451.694,Turkey
2030-01-01,658721.1729,Turkey
2021-01-01,135529.6328,Turkmenistan
2022-01-01,140204.7189,Turkmenistan
2023-01-01,144905.9273,Turkmenistan
2024-01-01,149631.159,Turkmenistan
2025-01-01,148274.2205,Turkmenistan
2026-01-01,152949.3066,Turkmenistan
2027-01-01,157650.515,Turkmenistan
2028-01-01,162375.7467,Turkmenistan
2029-01-01,161018.8082,Turkmenistan
2030-01-01,165693.8943,Turkmenistan
2021-01-01,27.3370651,Tuvalu
2022-01-01,27.46684749,Tuvalu
2023-01-01,27.76890753,Tuvalu
2024-01-01,28.24346512,Tuvalu
2025-01-01,29.20103591,Tuvalu
2026-01-01,29.3308183,Tuvalu
2027-01-01,29.63287834,Tuvalu
2028-01-01,30.10743593,Tuvalu
2029-01-01,31.06500672,Tuvalu
2030-01-01,31.19478911,Tuvalu
2021-01-01,62801.24078,Uganda
2022-01-01,64362.72831,Uganda
2023-01-01,66523.02286,Uganda
2024-01-01,69281.93517,Uganda
2025-01-01,70908.47369,Uganda
2026-01-01,72469.96121,Uganda
2027-01-01,74630.25577,Uganda
2028-01-01,77389.16808,Uganda
2029-01-01,79015.70659,Uganda
2030-01-01,80577.19412,Uganda
2021-01-01,234584.5516,Ukraine
2022-01-01,234855.22,Ukraine
2023-01-01,232248.3565,Ukraine
2024-01-01,226753.4032,Ukraine
2025-01-01,190606.5189,Ukraine
2026-01-01,190877.1873,Ukraine
2027-01-01,188270.3239,Ukraine
2028-01-01,182775.3705,Ukraine
2029-01-01,146628.4862,Ukraine
2030-01-01,146899.1546,Ukraine
2021-01-01,298808.0206,United Arab Emirates
2022-01-01,302068.7123,United Arab Emirates
2023-01-01,310166.4252,United Arab Emirates
2024-01-01,323099.4821,United Arab Emirates
2025-01-01,330105.529,United Arab Emirates
2026-01-01,333366.2208,United Arab Emirates
2027-01-01,341463.9337,United Arab Emirates
2028-01-01,354396.9906,United Arab Emirates
2029-01-01,361403.0375,United Arab Emirates
2030-01-01,364663.7292,United Arab Emirates
2021-01-01,393638.8975,United Kingdom
2022-01-01,376038.7388,United Kingdom
2023-01-01,360855.1526,United Kingdom
2024-01-01,348087.4868,United Kingdom
2025-01-01,323085.8769,United Kingdom
2026-01-01,305485.7182,United Kingdom
2027-01-01,290302.132,United Kingdom
2028-01-01,277534.4662,United Kingdom
2029-01-01,252532.8563,United Kingdom
2030-01-01,234932.6976,United Kingdom
2021-01-01,5618712.737,United States
2022-01-01,5627151.284,United States
2023-01-01,5572584.367,United States
2024-01-01,5455014.446,United States
2025-01-01,5370601.509,United States
2026-01-01,5379040.056,United States
2027-01-01,5324473.139,United States
2028-01-01,5206903.218,United States
2029-01-01,5122490.281,United States
2030-01-01,5130928.828,United States
2021-01-01,20950596,Upper middle income
2022-01-01,21172705.1,Upper middle income
2023-01-01,21317397.07,Upper middle income
2024-01-01,21384628.37,Upper middle income
2025-01-01,21581602.91,Upper middle income
2026-01-01,21803712.01,Upper middle income
2027-01-01,21948403.98,Upper middle income
2028-01-01,22015635.27,Upper middle income
2029-01-01,22212609.82,Upper middle income
2030-01-01,22434718.92,Upper middle income
2021-01-01,36057.73286,Uruguay
2022-01-01,35478.23282,Uruguay
2023-01-01,35529.96138,Uruguay
2024-01-01,36212.86366,Uruguay
2025-01-01,35482.35296,Uruguay
2026-01-01,34902.85291,Uruguay
2027-01-01,34954.58147,Uruguay
2028-01-01,35637.48375,Uruguay
2029-01-01,34906.97305,Uruguay
2030-01-01,34327.47301,Uruguay
2021-01-01,229067.201,Uzbekistan
2022-01-01,231674.0389,Uzbekistan
2023-01-01,233132.064,Uzbekistan
2024-01-01,233439.5453,Uzbekistan
2025-01-01,227801.7159,Uzbekistan
2026-01-01,230408.5539,Uzbekistan
2027-01-01,231866.5789,Uzbekistan
2028-01-01,232174.0602,Uzbekistan
2029-01-01,226536.2309,Uzbekistan
2030-01-01,229143.0688,Uzbekistan
2021-01-01,928.9737646,Vanuatu
2022-01-01,957.1659798,Vanuatu
2023-01-01,982.5731852,Vanuatu
2024-01-01,1005.185007,Vanuatu
2025-01-01,1005.902481,Vanuatu
2026-01-01,1034.094696,Vanuatu
2027-01-01,1059.501901,Vanuatu
2028-01-01,1082.113723,Vanuatu
2029-01-01,1082.831197,Vanuatu
2030-01-01,1111.023412,Vanuatu
2021-01-01,272881.4483,"Venezuela, RB"
2022-01-01,274159.3602,"Venezuela, RB"
2023-01-01,276666.9455,"Venezuela, RB"
2024-01-01,280403.2132,"Venezuela, RB"
2025-01-01,279847.1538,"Venezuela, RB"
2026-01-01,281125.0657,"Venezuela, RB"
2027-01-01,283632.6509,"Venezuela, RB"
2028-01-01,287368.9186,"Venezuela, RB"
2029-01-01,286812.8592,"Venezuela, RB"
2030-01-01,288090.7712,"Venezuela, RB"
2021-01-01,413586.0146,Vietnam
2022-01-01,433453.459,Vietnam
2023-01-01,450993.4685,Vietnam
2024-01-01,466205.1465,Vietnam
2025-01-01,480631.4877,Vietnam
2026-01-01,500498.9321,Vietnam
2027-01-01,518038.9416,Vietnam
2028-01-01,533250.6196,Vietnam
2029-01-01,547676.9609,Vietnam
2030-01-01,567544.4053,Vietnam
2021-01-01,46602105.29,World
2022-01-01,47148369.88,World
2023-01-01,47534619.57,World
2024-01-01,47760714.28,World
2025-01-01,48025351.72,World
2026-01-01,48571616.31,World
2027-01-01,48957866,World
2028-01-01,49183960.71,World
2029-01-01,49448598.15,World
2030-01-01,49994862.74,World
2021-01-01,30232.26601,"Yemen, Rep."
2022-01-01,29813.26098,"Yemen, Rep."
2023-01-01,29365.65546,"Yemen, Rep."
2024-01-01,28890.00094,"Yemen, Rep."
2025-01-01,30247.08585,"Yemen, Rep."
2026-01-01,29828.08082,"Yemen, Rep."
2027-01-01,29380.4753,"Yemen, Rep."
2028-01-01,28904.82078,"Yemen, Rep."
2029-01-01,30261.90569,"Yemen, Rep."
2030-01-01,29842.90066,"Yemen, Rep."
2021-01-01,42929.1436,Zambia
2022-01-01,43879.69924,Zambia
2023-01-01,44955.78188,Zambia
2024-01-01,46157.15058,Zambia
2025-01-01,46444.15181,Zambia
2026-01-01,47394.70745,Zambia
2027-01-01,48470.79009,Zambia
2028-01-01,49672.15879,Zambia
2029-01-01,49959.16002,Zambia
2030-01-01,50909.71566,Zambia
2021-01-01,31028.02207,Zimbabwe
2022-01-01,30964.15077,Zimbabwe
2023-01-01,30763.00773,Zimbabwe
2024-01-01,30425.04742,Zimbabwe
2025-01-01,31760.91916,Zimbabwe
2026-01-01,31697.04787,Zimbabwe
2027-01-01,31495.90483,Zimbabwe
2028-01-01,31157.94451,Zimbabwe
2029-01-01,32493.81626,Zimbabwe
2030-01-01,32429.94496,Zimbabwe