time,Pop Growth (%),Country
2021-01-01,2.143968454,Afghanistan
2022-01-01,2.091798219,Afghanistan
2023-01-01,2.030098782,Afghanistan
2024-01-01,1.958835374,Afghanistan
2025-01-01,1.782905787,Afghanistan
2026-01-01,1.730735552,Afghanistan
2027-01-01,1.669036114,Afghanistan
2028-01-01,1.597772707,Afghanistan
2029-01-01,1.421843119,Afghanistan
2030-01-01,1.369672885,Afghanistan
2021-01-01,2.584111238,Africa Eastern and Southern
2022-01-01,2.558829048,Africa Eastern and Southern
2023-01-01,2.529875846,Africa Eastern and Southern
2024-01-01,2.498636997,Africa Eastern and Southern
2025-01-01,2.477320747,Africa Eastern and Southern
2026-01-01,2.452038558,Africa Eastern and Southern
2027-01-01,2.423085356,Africa Eastern and Southern
2028-01-01,2.391846506,Africa Eastern and Southern
2029-01-01,2.370530257,Africa Eastern and Southern
2030-01-01,2.345248067,Africa Eastern and Southern
2021-01-01,2.649899782,Africa Western and Central
2022-01-01,2.634737878,Africa Western and Central
2023-01-01,2.614721579,Africa Western and Central
2024-01-01,2.591471471,Africa Western and Central
2025-01-01,2.580469622,Africa Western and Central
2026-01-01,2.565307718,Africa Western and Central
2027-01-01,2.54529142,Africa Western and Central
2028-01-01,2.522041311,Africa Western and Central
2029-01-01,2.511039462,Africa Western and Central
2030-01-01,2.495877558,Africa Western and Central
2021-01-01,-0.211062511,Albania
2022-01-01,-0.195570347,Albania
2023-01-01,-0.181543653,Albania
2024-01-01,-0.168975013,Albania
2025-01-01,-0.131199384,Albania
2026-01-01,-0.11570722,Albania
2027-01-01,-0.101680526,Albania
2028-01-01,-0.089111886,Albania
2029-01-01,-0.051336258,Albania
2030-01-01,-0.035844093,Albania
2021-01-01,2.246398392,Algeria
2022-01-01,2.268860634,Algeria
2023-01-01,2.290050891,Algeria
2024-01-01,2.309999236,Algeria
2025-01-01,2.429862194,Algeria
2026-01-01,2.452324437,Algeria
2027-01-01,2.473514694,Algeria
2028-01-01,2.493463039,Algeria
2029-01-01,2.613325997,Algeria
2030-01-01,2.635788239,Algeria
2021-01-01,-0.456124365,American Samoa
2022-01-01,-0.528725494,American Samoa
2023-01-01,-0.601312958,American Samoa
2024-01-01,-0.67383215,American Samoa
2025-01-01,-0.567065217,American Samoa
2026-01-01,-0.639666345,American Samoa
2027-01-01,-0.712253809,American Samoa
2028-01-01,-0.784773001,American Samoa
2029-01-01,-0.678006068,American Samoa
2030-01-01,-0.750607196,American Samoa
2021-01-01,-2.524677634,Andorra
2022-01-01,-2.615252452,Andorra
2023-01-01,-2.710571746,Andorra
2024-01-01,-2.810874154,Andorra
2025-01-01,-3.691220866,Andorra
2026-01-01,-3.781795684,Andorra
2027-01-01,-3.877114977,Andorra
2028-01-01,-3.977417386,Andorra
2029-01-01,-4.857764097,Andorra
2030-01-01,-4.948338915,Andorra
2021-01-01,3.162419282,Angola
2022-01-01,3.116405508,Angola
2023-01-01,3.083174948,Angola
2024-01-01,3.058791272,Angola
2025-01-01,3.002680202,Angola
2026-01-01,2.956666428,Angola
2027-01-01,2.923435868,Angola
2028-01-01,2.899052192,Angola
2029-01-01,2.842941122,Angola
2030-01-01,2.796927348,Angola
2021-01-01,0.908798522,Antigua and Barbuda
2022-01-01,0.864037237,Antigua and Barbuda
2023-01-01,0.820429444,Antigua and Barbuda
2024-01-01,0.777985343,Antigua and Barbuda
2025-01-01,0.767365611,Antigua and Barbuda
2026-01-01,0.722604326,Antigua and Barbuda
2027-01-01,0.678996534,Antigua and Barbuda
2028-01-01,0.636552432,Antigua and Barbuda
2029-01-01,0.625932701,Antigua and Barbuda
2030-01-01,0.581171416,Antigua and Barbuda
2021-01-01,1.828250141,Arab World
2022-01-01,1.784844449,Arab World
2023-01-01,1.745711142,Arab World
2024-01-01,1.710844922,Arab World
2025-01-01,1.663052078,Arab World
2026-01-01,1.619646386,Arab World
2027-01-01,1.580513079,Arab World
2028-01-01,1.545646859,Arab World
2029-01-01,1.497854016,Arab World
2030-01-01,1.454448324,Arab World
2021-01-01,1.017939832,Argentina
2022-01-01,1.014391199,Argentina
2023-01-01,1.016684544,Argentina
2024-01-01,1.024813011,Argentina
2025-01-01,1.011450638,Argentina
2026-01-01,1.007902004,Argentina
2027-01-01,1.010195349,Argentina
2028-01-01,1.018323817,Argentina
2029-01-01,1.004961443,Argentina
2030-01-01,1.00141281,Argentina
2021-01-01,0.613050034,Armenia
2022-01-01,0.650642139,Armenia
2023-01-01,0.688665529,Armenia
2024-01-01,0.727159686,Armenia
2025-01-01,0.895117113,Armenia
2026-01-01,0.932709218,Armenia
2027-01-01,0.970732608,Armenia
2028-01-01,1.009226765,Armenia
2029-01-01,1.177184192,Armenia
2030-01-01,1.214776297,Armenia
2021-01-01,-0.069522892,Aruba
2022-01-01,-0.15486972,Aruba
2023-01-01,-0.241963676,Aruba
2024-01-01,-0.330800702,Aruba
2025-01-01,-0.404789223,Aruba
2026-01-01,-0.490136051,Aruba
2027-01-01,-0.577230007,Aruba
2028-01-01,-0.666067033,Aruba
2029-01-01,-0.740055554,Aruba
2030-01-01,-0.825402381,Aruba
2021-01-01,1.761278647,Australia
2022-01-01,1.694039207,Australia
2023-01-01,1.648079833,Australia
2024-01-01,1.623479696,Australia
2025-01-01,1.832740435,Australia
2026-01-01,1.765500995,Australia
2027-01-01,1.71954162,Australia
2028-01-01,1.694941484,Australia
2029-01-01,1.904202223,Australia
2030-01-01,1.836962782,Australia
2021-01-01,0.647370069,Austria
2022-01-01,0.667246214,Austria
2023-01-01,0.688168351,Austria
2024-01-01,0.710125296,Austria
2025-01-01,0.694635804,Austria
2026-01-01,0.714511949,Austria
2027-01-01,0.735434086,Austria
2028-01-01,0.757391031,Austria
2029-01-01,0.741901538,Austria
2030-01-01,0.761777683,Austria
2021-01-01,1.152959514,Azerbaijan
2022-01-01,1.151023485,Azerbaijan
2023-01-01,1.160263784,Azerbaijan
2024-01-01,1.180671265,Azerbaijan
2025-01-01,1.159992104,Azerbaijan
2026-01-01,1.158056074,Azerbaijan
2027-01-01,1.167296373,Azerbaijan
2028-01-01,1.187703855,Azerbaijan
2029-01-01,1.167024693,Azerbaijan
2030-01-01,1.165088663,Azerbaijan
2021-01-01,0.728812921,"Bahamas, The"
2022-01-01,0.709786855,"Bahamas, The"
2023-01-01,0.687832032,"Bahamas, The"
2024-01-01,0.662905315,"Bahamas, The"
2025-01-01,0.499254391,"Bahamas, The"
2026-01-01,0.480228325,"Bahamas, The"
2027-01-01,0.458273502,"Bahamas, The"
2028-01-01,0.433346785,"Bahamas, The"
2029-01-01,0.269695861,"Bahamas, The"
2030-01-01,0.250669795,"Bahamas, The"
2021-01-01,2.585737844,Bahrain
2022-01-01,2.537133278,Bahrain
2023-01-01,2.480627983,Bahrain
2024-01-01,2.416068208,Bahrain
2025-01-01,1.853831417,Bahrain
2026-01-01,1.805226851,Bahrain
2027-01-01,1.748721556,Bahrain
2028-01-01,1.684161781,Bahrain
2029-01-01,1.121924989,Bahrain
2030-01-01,1.073320424,Bahrain
2021-01-01,0.977101227,Bangladesh
2022-01-01,0.958622177,Bangladesh
2023-01-01,0.941637643,Bangladesh
2024-01-01,0.926139348,Bangladesh
2025-01-01,0.888082205,Bangladesh
2026-01-01,0.869603156,Bangladesh
2027-01-01,0.852618621,Bangladesh
2028-01-01,0.837120327,Bangladesh
2029-01-01,0.799063183,Bangladesh
2030-01-01,0.780584134,Bangladesh
2021-01-01,0.108532455,Barbados
2022-01-01,0.096338935,Barbados
2023-01-01,0.08393457,Barbados
2024-01-01,0.07131484,Barbados
2025-01-01,0.043984133,Barbados
2026-01-01,0.031790613,Barbados
2027-01-01,0.019386248,Barbados
2028-01-01,0.006766517,Barbados
2029-01-01,-0.02056419,Barbados
2030-01-01,-0.032757709,Barbados
2021-01-01,0.095107316,Belarus
2022-01-01,0.100188348,Belarus
2023-01-01,0.107025023,Belarus
2024-01-01,0.115650087,Belarus
2025-01-01,0.229728124,Belarus
2026-01-01,0.234809155,Belarus
2027-01-01,0.24164583,Belarus
2028-01-01,0.250270894,Belarus
2029-01-01,0.364348931,Belarus
2030-01-01,0.369429963,Belarus
2021-01-01,0.531936265,Belgium
2022-01-01,0.574711557,Belgium
2023-01-01,0.610706757,Belgium
2024-01-01,0.639876546,Belgium
2025-01-01,0.528804759,Belgium
2026-01-01,0.571580052,Belgium
2027-01-01,0.607575252,Belgium
2028-01-01,0.636745041,Belgium
2029-01-01,0.525673254,Belgium
2030-01-01,0.568448547,Belgium
2021-01-01,1.824274807,Belize
2022-01-01,1.739101497,Belize
2023-01-01,1.667927263,Belize
2024-01-01,1.610773257,Belize
2025-01-01,1.6029559,Belize
2026-01-01,1.517782589,Belize
2027-01-01,1.446608356,Belize
2028-01-01,1.38945435,Belize
2029-01-01,1.381636993,Belize
2030-01-01,1.296463682,Belize
2021-01-01,2.680915107,Benin
2022-01-01,2.665869088,Benin
2023-01-01,2.646231435,Benin
2024-01-01,2.623386699,Benin
2025-01-01,2.611927992,Benin
2026-01-01,2.596881974,Benin
2027-01-01,2.57724432,Benin
2028-01-01,2.554399584,Benin
2029-01-01,2.542940878,Benin
2030-01-01,2.527894859,Benin
2021-01-01,-0.546317152,Bermuda
2022-01-01,-0.610828988,Bermuda
2023-01-01,-0.675043046,Bermuda
2024-01-01,-0.738963285,Bermuda
2025-01-01,-0.816315823,Bermuda
2026-01-01,-0.880827659,Bermuda
2027-01-01,-0.945041717,Bermuda
2028-01-01,-1.008961956,Bermuda
2029-01-01,-1.086314494,Bermuda
2030-01-01,-1.150826329,Bermuda
2021-01-01,0.937092706,Bhutan
2022-01-01,0.882902326,Bhutan
2023-01-01,0.827248919,Bhutan
2024-01-01,0.770151693,Bhutan
2025-01-01,0.777391281,Bhutan
2026-01-01,0.723200901,Bhutan
2027-01-01,0.667547494,Bhutan
2028-01-01,0.610450269,Bhutan
2029-01-01,0.617689856,Bhutan
2030-01-01,0.563499476,Bhutan
2021-01-01,1.34847603,Bolivia
2022-01-01,1.32122242,Bolivia
2023-01-01,1.298464972,Bolivia
2024-01-01,1.2788592,Bolivia
2025-01-01,1.247807646,Bolivia
2026-01-01,1.220554037,Bolivia
2027-01-01,1.197796588,Bolivia
2028-01-01,1.178190816,Bolivia
2029-01-01,1.147139263,Bolivia
2030-01-01,1.119885653,Bolivia
2021-01-01,-1.59980555,Bosnia and Herzegovina
2022-01-01,-1.631890641,Bosnia and Herzegovina
2023-01-01,-1.664116519,Bosnia and Herzegovina
2024-01-01,-1.696543004,Bosnia and Herzegovina
2025-01-01,-1.925585881,Bosnia and Herzegovina
2026-01-01,-1.957670972,Bosnia and Herzegovina
2027-01-01,-1.989896849,Bosnia and Herzegovina
2028-01-01,-2.022323335,Bosnia and Herzegovina
2029-01-01,-2.251366212,Bosnia and Herzegovina
2030-01-01,-2.283451302,Bosnia and Herzegovina
2021-01-01,1.802151843,Botswana
2022-01-01,1.807667227,Botswana
2023-01-01,1.811743287,Botswana
2024-01-01,1.814376824,Botswana
2025-01-01,1.807929789,Botswana
2026-01-01,1.813445173,Botswana
2027-01-01,1.817521233,Botswana
2028-01-01,1.820154769,Botswana
2029-01-01,1.813707734,Botswana
2030-01-01,1.819223118,Botswana
2021-01-01,0.696765967,Brazil
2022-01-01,0.670996928,Brazil
2023-01-01,0.641836607,Brazil
2024-01-01,0.609330088,Brazil
2025-01-01,0.588700328,Brazil
2026-01-01,0.562931289,Brazil
2027-01-01,0.533770968,Brazil
2028-01-01,0.501264448,Brazil
2029-01-01,0.480634688,Brazil
2030-01-01,0.45486565,Brazil
2021-01-01,0.056941464,British Virgin Islands
2022-01-01,0.02641078,British Virgin Islands
2023-01-01,-0.007695101,British Virgin Islands
2024-01-01,-0.045535598,British Virgin Islands
2025-01-01,-0.603824633,British Virgin Islands
2026-01-01,-0.634355317,British Virgin Islands
2027-01-01,-0.668461199,British Virgin Islands
2028-01-01,-0.706301695,British Virgin Islands
2029-01-01,-1.26459073,British Virgin Islands
2030-01-01,-1.295121414,British Virgin Islands
2021-01-01,0.903980456,Brunei Darussalam
2022-01-01,0.847063988,Brunei Darussalam
2023-01-01,0.789004013,Brunei Darussalam
2024-01-01,0.729816017,Brunei Darussalam
2025-01-01,0.722573781,Brunei Darussalam
2026-01-01,0.665657313,Brunei Darussalam
2027-01-01,0.607597338,Brunei Darussalam
2028-01-01,0.548409342,Brunei Darussalam
2029-01-01,0.541167106,Brunei Darussalam
2030-01-01,0.484250638,Brunei Darussalam
2021-01-01,-0.513671596,Bulgaria
2022-01-01,-0.414538167,Bulgaria
2023-01-01,-0.31265849,Bulgaria
2024-01-01,-0.208110747,Bulgaria
2025-01-01,-0.359330701,Bulgaria
2026-01-01,-0.260197273,Bulgaria
2027-01-01,-0.158317595,Bulgaria
2028-01-01,-0.053769852,Bulgaria
2029-01-01,-0.204989807,Bulgaria
2030-01-01,-0.105856378,Bulgaria
2021-01-01,2.798768537,Burkina Faso
2022-01-01,2.77499677,Burkina Faso
2023-01-01,2.752614153,Burkina Faso
2024-01-01,2.731248391,Burkina Faso
2025-01-01,2.706786192,Burkina Faso
2026-01-01,2.683014425,Burkina Faso
2027-01-01,2.660631808,Burkina Faso
2028-01-01,2.639266047,Burkina Faso
2029-01-01,2.614803848,Burkina Faso
2030-01-01,2.59103208,Burkina Faso
2021-01-01,3.204197411,Burundi
2022-01-01,3.269319103,Burundi
2023-01-01,3.322577377,Burundi
2024-01-01,3.363925054,Burundi
2025-01-01,3.262805106,Burundi
2026-01-01,3.327926797,Burundi
2027-01-01,3.381185071,Burundi
2028-01-01,3.422532748,Burundi
2029-01-01,3.3214128,Burundi
2030-01-01,3.386534491,Burundi
2021-01-01,1.072332487,Cabo Verde
2022-01-01,1.041049498,Cabo Verde
2023-01-01,1.010864394,Cabo Verde
2024-01-01,0.976686878,Cabo Verde
2025-01-01,0.954539019,Cabo Verde
2026-01-01,0.923256029,Cabo Verde
2027-01-01,0.893070925,Cabo Verde
2028-01-01,0.858893409,Cabo Verde
2029-01-01,0.83674555,Cabo Verde
2030-01-01,0.805462561,Cabo Verde
2021-01-01,1.479763764,Cambodia
2022-01-01,1.437154829,Cambodia
2023-01-01,1.397568374,Cambodia
2024-01-01,1.361034967,Cambodia
2025-01-01,1.421448877,Cambodia
2026-01-01,1.378839942,Cambodia
2027-01-01,1.339253488,Cambodia
2028-01-01,1.30272008,Cambodia
2029-01-01,1.36313399,Cambodia
2030-01-01,1.320525056,Cambodia
2021-01-01,2.531562268,Cameroon
2022-01-01,2.506092095,Cameroon
2023-01-01,2.477986915,Cameroon
2024-01-01,2.448117933,Cameroon
2025-01-01,2.425370201,Cameroon
2026-01-01,2.399900028,Cameroon
2027-01-01,2.371794848,Cameroon
2028-01-01,2.341925866,Cameroon
2029-01-01,2.319178134,Cameroon
2030-01-01,2.293707961,Cameroon
2021-01-01,1.26118829,Canada
2022-01-01,1.241238244,Canada
2023-01-01,1.222790202,Canada
2024-01-01,1.205885213,Canada
2025-01-01,1.315551294,Canada
2026-01-01,1.295601249,Canada
2027-01-01,1.277153206,Canada
2028-01-01,1.260248217,Canada
2029-01-01,1.369914298,Canada
2030-01-01,1.349964253,Canada
2021-01-01,0.526140756,Caribbean small states
2022-01-01,0.500389682,Caribbean small states
2023-01-01,0.476237546,Caribbean small states
2024-01-01,0.451877411,Caribbean small states
2025-01-01,0.425392167,Caribbean small states
2026-01-01,0.399641092,Caribbean small states
2027-01-01,0.375488957,Caribbean small states
2028-01-01,0.351128822,Caribbean small states
2029-01-01,0.324643577,Caribbean small states
2030-01-01,0.298892503,Caribbean small states
2021-01-01,0.871932096,Cayman Islands
2022-01-01,0.710926276,Cayman Islands
2023-01-01,0.563624059,Cayman Islands
2024-01-01,0.430046868,Cayman Islands
2025-01-01,0.352470132,Cayman Islands
2026-01-01,0.191464312,Cayman Islands
2027-01-01,0.044162095,Cayman Islands
2028-01-01,-0.089415096,Cayman Islands
2029-01-01,-0.166991832,Cayman Islands
2030-01-01,-0.327997652,Cayman Islands
2021-01-01,0.711827187,Central African Republic
2022-01-01,0.695478368,Central African Republic
2023-01-01,0.677914726,Central African Republic
2024-01-01,0.659083928,Central African Republic
2025-01-01,0.469410526,Central African Republic
2026-01-01,0.453061707,Central African Republic
2027-01-01,0.435498065,Central African Republic
2028-01-01,0.416667268,Central African Republic
2029-01-01,0.226993865,Central African Republic
2030-01-01,0.210645047,Central African Republic
2021-01-01,-0.128321365,Central Europe and the Baltics
2022-01-01,-0.098183806,Central Europe and the Baltics
2023-01-01,-0.06737222,Central Europe and the Baltics
2024-01-01,-0.03590304,Central Europe and the Baltics
2025-01-01,-0.057815881,Central Europe and the Baltics
2026-01-01,-0.027678322,Central Europe and the Baltics
2027-01-01,0.003133265,Central Europe and the Baltics
2028-01-01,0.034602445,Central Europe and the Baltics
2029-01-01,0.012689604,Central Europe and the Baltics
2030-01-01,0.042827163,Central Europe and the Baltics
2021-01-01,2.922257247,Chad
2022-01-01,2.898796143,Chad
2023-01-01,2.867162877,Chad
2024-01-01,2.827347882,Chad
2025-01-01,2.765023526,Chad
2026-01-01,2.741562422,Chad
2027-01-01,2.709929156,Chad
2028-01-01,2.670114161,Chad
2029-01-01,2.607789804,Chad
2030-01-01,2.584328701,Chad
2021-01-01,1.088064623,Channel Islands
2022-01-01,1.105893075,Channel Islands
2023-01-01,1.12354317,Channel Islands
2024-01-01,1.141026291,Channel Islands
2025-01-01,1.196188024,Channel Islands
2026-01-01,1.214016477,Channel Islands
2027-01-01,1.231666572,Channel Islands
2028-01-01,1.249149693,Channel Islands
2029-01-01,1.304311426,Channel Islands
2030-01-01,1.322139879,Channel Islands
2021-01-01,1.246428349,Chile
2022-01-01,1.225855954,Chile
2023-01-01,1.200615283,Chile
2024-01-01,1.170748388,Chile
2025-01-01,1.283394729,Chile
2026-01-01,1.262822333,Chile
2027-01-01,1.237581662,Chile
2028-01-01,1.207714767,Chile
2029-01-01,1.320361108,Chile
2030-01-01,1.299788713,Chile
2021-01-01,0.420016004,China
2022-01-01,0.387385113,China
2023-01-01,0.358767967,China
2024-01-01,0.334184601,China
2025-01-01,0.370429115,China
2026-01-01,0.337798224,China
2027-01-01,0.309181078,China
2028-01-01,0.284597711,China
2029-01-01,0.320842225,China
2030-01-01,0.288211334,China
2021-01-01,1.178079367,Colombia
2022-01-01,1.146454019,Colombia
2023-01-01,1.111721952,Colombia
2024-01-01,1.073913079,Colombia
2025-01-01,1.137339298,Colombia
2026-01-01,1.10571395,Colombia
2027-01-01,1.070981883,Colombia
2028-01-01,1.033173011,Colombia
2029-01-01,1.096599229,Colombia
2030-01-01,1.064973881,Colombia
2021-01-01,2.13832588,Comoros
2022-01-01,2.104497674,Comoros
2023-01-01,2.071546388,Comoros
2024-01-01,2.039436355,Comoros
2025-01-01,2.003407209,Comoros
2026-01-01,1.969579004,Comoros
2027-01-01,1.936627718,Comoros
2028-01-01,1.904517685,Comoros
2029-01-01,1.868488539,Comoros
2030-01-01,1.834660333,Comoros
2021-01-01,3.118223205,"Congo, Dem. Rep."
2022-01-01,3.086416295,"Congo, Dem. Rep."
2023-01-01,3.046803699,"Congo, Dem. Rep."
2024-01-01,3.002369042,"Congo, Dem. Rep."
2025-01-01,2.977940639,"Congo, Dem. Rep."
2026-01-01,2.946133729,"Congo, Dem. Rep."
2027-01-01,2.906521132,"Congo, Dem. Rep."
2028-01-01,2.862086475,"Congo, Dem. Rep."
2029-01-01,2.837658072,"Congo, Dem. Rep."
2030-01-01,2.805851162,"Congo, Dem. Rep."
2021-01-01,2.406575317,"Congo, Rep."
2022-01-01,2.391537573,"Congo, Rep."
2023-01-01,2.375499072,"Congo, Rep."
2024-01-01,2.35843306,"Congo, Rep."
2025-01-01,2.254494603,"Congo, Rep."
2026-01-01,2.23945686,"Congo, Rep."
2027-01-01,2.223418359,"Congo, Rep."
2028-01-01,2.206352347,"Congo, Rep."
2029-01-01,2.10241389,"Congo, Rep."
2030-01-01,2.087376146,"Congo, Rep."
2021-01-01,0.888573861,Costa Rica
2022-01-01,0.855495931,Costa Rica
2023-01-01,0.81855888,Costa Rica
2024-01-01,0.778753796,Costa Rica
2025-01-01,0.749267732,Costa Rica
2026-01-01,0.716189802,Costa Rica
2027-01-01,0.679252751,Costa Rica
2028-01-01,0.639447667,Costa Rica
2029-01-01,0.609961603,Costa Rica
2030-01-01,0.576883673,Costa Rica
2021-01-01,2.669086153,Cote d'Ivoire
2022-01-01,2.662892791,Cote d'Ivoire
2023-01-01,2.664099639,Cote d'Ivoire
2024-01-01,2.672736774,Cote d'Ivoire
2025-01-01,2.771756314,Cote d'Ivoire
2026-01-01,2.765562951,Cote d'Ivoire
2027-01-01,2.766769799,Cote d'Ivoire
2028-01-01,2.775406935,Cote d'Ivoire
2029-01-01,2.874426474,Cote d'Ivoire
2030-01-01,2.868233112,Cote d'Ivoire
2021-01-01,-0.920650349,Croatia
2022-01-01,-0.679951463,Croatia
2023-01-01,-0.453433043,Croatia
2024-01-01,-0.241377584,Croatia
2025-01-01,-0.946779908,Croatia
2026-01-01,-0.706081023,Croatia
2027-01-01,-0.479562602,Croatia
2028-01-01,-0.267507144,Croatia
2029-01-01,-0.972909468,Croatia
2030-01-01,-0.732210583,Croatia
2021-01-01,0.006807217,Cuba
2022-01-01,-0.01576763,Cuba
2023-01-01,-0.038487706,Cuba
2024-01-01,-0.061337156,Cuba
2025-01-01,-0.031978487,Cuba
2026-01-01,-0.054553335,Cuba
2027-01-01,-0.077273411,Cuba
2028-01-01,-0.10012286,Cuba
2029-01-01,-0.070764192,Cuba
2030-01-01,-0.093339039,Cuba
2021-01-01,-0.233287374,Curacao
2022-01-01,-0.070212877,Curacao
2023-01-01,0.084261434,Curacao
2024-01-01,0.229873303,Curacao
2025-01-01,-0.477705349,Curacao
2026-01-01,-0.314630852,Curacao
2027-01-01,-0.160156541,Curacao
2028-01-01,-0.014544673,Curacao
2029-01-01,-0.722123325,Curacao
2030-01-01,-0.559048828,Curacao
2021-01-01,0.470433331,Cyprus
2022-01-01,0.417613529,Cyprus
2023-01-01,0.363896584,Cyprus
2024-01-01,0.309262361,Cyprus
2025-01-01,0.189167341,Cyprus
2026-01-01,0.136347539,Cyprus
2027-01-01,0.082630594,Cyprus
2028-01-01,0.02799637,Cyprus
2029-01-01,-0.09209865,Cyprus
2030-01-01,-0.144918452,Cyprus
2021-01-01,0.297183464,Czech Republic
2022-01-01,0.356889067,Czech Republic
2023-01-01,0.416382176,Czech Republic
2024-01-01,0.475608006,Czech Republic
2025-01-01,0.355408158,Czech Republic
2026-01-01,0.415113761,Czech Republic
2027-01-01,0.474606871,Czech Republic
2028-01-01,0.5338327,Czech Republic
2029-01-01,0.413632852,Czech Republic
2030-01-01,0.473338455,Czech Republic
2021-01-01,0.577867372,Denmark
2022-01-01,0.582405902,Denmark
2023-01-01,0.588263763,Denmark
2024-01-01,0.595448472,Denmark
2025-01-01,0.626324012,Denmark
2026-01-01,0.630862543,Denmark
2027-01-01,0.636720403,Denmark
2028-01-01,0.643905112,Denmark
2029-01-01,0.674780652,Denmark
2030-01-01,0.679319183,Denmark
2021-01-01,1.584503889,Djibouti
2022-01-01,1.538387669,Djibouti
2023-01-01,1.494181937,Djibouti
2024-01-01,1.451932337,Djibouti
2025-01-01,1.557282983,Djibouti
2026-01-01,1.511166764,Djibouti
2027-01-01,1.466961032,Djibouti
2028-01-01,1.424711432,Djibouti
2029-01-01,1.530062077,Djibouti
2030-01-01,1.483945858,Djibouti
2021-01-01,0.110361437,Dominica
2022-01-01,0.130891087,Dominica
2023-01-01,0.150991859,Dominica
2024-01-01,0.170636791,Dominica
2025-01-01,0.102117582,Dominica
2026-01-01,0.122647233,Dominica
2027-01-01,0.142748004,Dominica
2028-01-01,0.162392937,Dominica
2029-01-01,0.093873728,Dominica
2030-01-01,0.114403378,Dominica
2021-01-01,0.990074273,Dominican Republic
2022-01-01,0.963422902,Dominican Republic
2023-01-01,0.933779726,Dominican Republic
2024-01-01,0.901238397,Dominican Republic
2025-01-01,0.878459599,Dominican Republic
2026-01-01,0.851808228,Dominican Republic
2027-01-01,0.822165052,Dominican Republic
2028-01-01,0.789623723,Dominican Republic
2029-01-01,0.766844925,Dominican Republic
2030-01-01,0.740193554,Dominican Republic
2021-01-01,1.245253297,Early-demographic dividend
2022-01-01,1.224153342,Early-demographic dividend
2023-01-01,1.205720231,Early-demographic dividend
2024-01-01,1.187394388,Early-demographic dividend
2025-01-01,1.161807762,Early-demographic dividend
2026-01-01,1.140707806,Early-demographic dividend
2027-01-01,1.122274696,Early-demographic dividend
2028-01-01,1.103948853,Early-demographic dividend
2029-01-01,1.078362226,Early-demographic dividend
2030-01-01,1.057262271,Early-demographic dividend
2021-01-01,0.579178246,East Asia & Pacific
2022-01-01,0.550084558,East Asia & Pacific
2023-01-01,0.524964818,East Asia & Pacific
2024-01-01,0.503834496,East Asia & Pacific
2025-01-01,0.527211744,East Asia & Pacific
2026-01-01,0.498118056,East Asia & Pacific
2027-01-01,0.472998316,East Asia & Pacific
2028-01-01,0.451867994,East Asia & Pacific
2029-01-01,0.475245243,East Asia & Pacific
2030-01-01,0.446151554,East Asia & Pacific
2021-01-01,0.630303412,East Asia & Pacific (IDA & IBRD countries)
2022-01-01,0.59919277,East Asia & Pacific (IDA & IBRD countries)
2023-01-01,0.573381058,East Asia & Pacific (IDA & IBRD countries)
2024-01-01,0.552884723,East Asia & Pacific (IDA & IBRD countries)
2025-01-01,0.579336821,East Asia & Pacific (IDA & IBRD countries)
2026-01-01,0.548226179,East Asia & Pacific (IDA & IBRD countries)
2027-01-01,0.522414467,East Asia & Pacific (IDA & IBRD countries)
2028-01-01,0.501918132,East Asia & Pacific (IDA & IBRD countries)
2029-01-01,0.52837023,East Asia & Pacific (IDA & IBRD countries)
2030-01-01,0.497259588,East Asia & Pacific (IDA & IBRD countries)
2021-01-01,0.627269202,East Asia & Pacific (excluding high income)
2022-01-01,0.596349862,East Asia & Pacific (excluding high income)
2023-01-01,0.570611305,East Asia & Pacific (excluding high income)
2024-01-01,0.550069782,East Asia & Pacific (excluding high income)
2025-01-01,0.576001387,East Asia & Pacific (excluding high income)
2026-01-01,0.545082047,East Asia & Pacific (excluding high income)
2027-01-01,0.51934349,East Asia & Pacific (excluding high income)
2028-01-01,0.498801967,East Asia & Pacific (excluding high income)
2029-01-01,0.524733572,East Asia & Pacific (excluding high income)
2030-01-01,0.493814232,East Asia & Pacific (excluding high income)
2021-01-01,1.655048475,Ecuador
2022-01-01,1.644494201,Ecuador
2023-01-01,1.629196539,Ecuador
2024-01-01,1.609175441,Ecuador
2025-01-01,1.658508254,Ecuador
2026-01-01,1.647953979,Ecuador
2027-01-01,1.632656318,Ecuador
2028-01-01,1.612635219,Ecuador
2029-01-01,1.661968032,Ecuador
2030-01-01,1.651413757,Ecuador
2021-01-01,2.201663659,"Egypt, Arab Rep."
2022-01-01,2.200270834,"Egypt, Arab Rep."
2023-01-01,2.197428923,"Egypt, Arab Rep."
2024-01-01,2.193163266,"Egypt, Arab Rep."
2025-01-01,2.273374282,"Egypt, Arab Rep."
2026-01-01,2.271981457,"Egypt, Arab Rep."
2027-01-01,2.269139546,"Egypt, Arab Rep."
2028-01-01,2.264873889,"Egypt, Arab Rep."
2029-01-01,2.345084905,"Egypt, Arab Rep."
2030-01-01,2.34369208,"Egypt, Arab Rep."
2021-01-01,0.469145065,El Salvador
2022-01-01,0.458488533,El Salvador
2023-01-01,0.448336142,El Salvador
2024-01-01,0.438697195,El Salvador
2025-01-01,0.459071488,El Salvador
2026-01-01,0.448414956,El Salvador
2027-01-01,0.438262565,El Salvador
2028-01-01,0.428623618,El Salvador
2029-01-01,0.448997911,El Salvador
2030-01-01,0.43834138,El Salvador
2021-01-01,3.277928184,Equatorial Guinea
2022-01-01,3.150162481,Equatorial Guinea
2023-01-01,3.025661802,Equatorial Guinea
2024-01-01,2.904441009,Equatorial Guinea
2025-01-01,2.774749734,Equatorial Guinea
2026-01-01,2.646984031,Equatorial Guinea
2027-01-01,2.522483351,Equatorial Guinea
2028-01-01,2.401262558,Equatorial Guinea
2029-01-01,2.271571283,Equatorial Guinea
2030-01-01,2.14380558,Equatorial Guinea
2021-01-01,-2.335986896,Eritrea
2022-01-01,-2.454965028,Eritrea
2023-01-01,-2.589200611,Eritrea
2024-01-01,-2.738944889,Eritrea
2025-01-01,-3.700183535,Eritrea
2026-01-01,-3.819161667,Eritrea
2027-01-01,-3.95339725,Eritrea
2028-01-01,-4.103141528,Eritrea
2029-01-01,-5.064380174,Eritrea
2030-01-01,-5.183358306,Eritrea
2021-01-01,0.32656239,Estonia
2022-01-01,0.380701884,Estonia
2023-01-01,0.43429059,Estonia
2024-01-01,0.487328915,Estonia
2025-01-01,0.542869597,Estonia
2026-01-01,0.59700909,Estonia
2027-01-01,0.650597796,Estonia
2028-01-01,0.703636121,Estonia
2029-01-01,0.759176803,Estonia
2030-01-01,0.813316296,Estonia
2021-01-01,1.08074767,Eswatini
2022-01-01,1.080961793,Eswatini
2023-01-01,1.08377914,Eswatini
2024-01-01,1.08923364,Eswatini
2025-01-01,1.203488951,Eswatini
2026-01-01,1.203703074,Eswatini
2027-01-01,1.206520421,Eswatini
2028-01-01,1.211974921,Eswatini
2029-01-01,1.326230232,Eswatini
2030-01-01,1.326444355,Eswatini
2021-01-01,2.496728292,Ethiopia
2022-01-01,2.453282982,Ethiopia
2023-01-01,2.413010898,Ethiopia
2024-01-01,2.374700275,Ethiopia
2025-01-01,2.330042103,Ethiopia
2026-01-01,2.286596793,Ethiopia
2027-01-01,2.246324709,Ethiopia
2028-01-01,2.208014086,Ethiopia
2029-01-01,2.163355914,Ethiopia
2030-01-01,2.119910603,Ethiopia
2021-01-01,0.105727917,Euro area
2022-01-01,0.092018695,Euro area
2023-01-01,0.079450389,Euro area
2024-01-01,0.068014177,Euro area
2025-01-01,0.025634728,Euro area
2026-01-01,0.011925505,Euro area
2027-01-01,-0.000642801,Euro area
2028-01-01,-0.012079013,Euro area
2029-01-01,-0.054458462,Euro area
2030-01-01,-0.068167685,Euro area
2021-01-01,0.452366843,Europe & Central Asia
2022-01-01,0.458663095,Europe & Central Asia
2023-01-01,0.466087925,Europe & Central Asia
2024-01-01,0.474643977,Europe & Central Asia
2025-01-01,0.490252602,Europe & Central Asia
2026-01-01,0.496548854,Europe & Central Asia
2027-01-01,0.503973684,Europe & Central Asia
2028-01-01,0.512529736,Europe & Central Asia
2029-01-01,0.528138361,Europe & Central Asia
2030-01-01,0.534434613,Europe & Central Asia
2021-01-01,0.653450379,Europe & Central Asia (IDA & IBRD countries)
2022-01-01,0.673621308,Europe & Central Asia (IDA & IBRD countries)
2023-01-01,0.693844612,Europe & Central Asia (IDA & IBRD countries)
2024-01-01,0.714133303,Europe & Central Asia (IDA & IBRD countries)
2025-01-01,0.777346834,Europe & Central Asia (IDA & IBRD countries)
2026-01-01,0.797517763,Europe & Central Asia (IDA & IBRD countries)
2027-01-01,0.817741067,Europe & Central Asia (IDA & IBRD countries)
2028-01-01,0.838029758,Europe & Central Asia (IDA & IBRD countries)
2029-01-01,0.901243289,Europe & Central Asia (IDA & IBRD countries)
2030-01-01,0.921414218,Europe & Central Asia (IDA & IBRD countries)
2021-01-01,0.733501213,Europe & Central Asia (excluding high income)
2022-01-01,0.753078446,Europe & Central Asia (excluding high income)
2023-01-01,0.772696583,Europe & Central Asia (excluding high income)
2024-01-01,0.79237313,Europe & Central Asia (excluding high income)
2025-01-01,0.869755936,Europe & Central Asia (excluding high income)
2026-01-01,0.889333169,Europe & Central Asia (excluding high income)
2027-01-01,0.908951306,Europe & Central Asia (excluding high income)
2028-01-01,0.928627853,Europe & Central Asia (excluding high income)
2029-01-01,1.006010658,Europe & Central Asia (excluding high income)
2030-01-01,1.025587892,Europe & Central Asia (excluding high income)
2021-01-01,0.097409978,European Union
2022-01-01,0.094450982,European Union
2023-01-01,0.092145642,European Union
2024-01-01,0.090484994,European Union
2025-01-01,0.058326493,European Union
2026-01-01,0.055367497,European Union
2027-01-01,0.053062157,European Union
2028-01-01,0.051401509,European Union
2029-01-01,0.019243008,European Union
2030-01-01,0.016284013,European Union
2021-01-01,0.200265511,Faroe Islands
2022-01-01,0.186132637,Faroe Islands
2023-01-01,0.172010591,Faroe Islands
2024-01-01,0.15791214,Faroe Islands
2025-01-01,0.185805239,Faroe Islands
2026-01-01,0.171672365,Faroe Islands
2027-01-01,0.157550319,Faroe Islands
2028-01-01,0.143451868,Faroe Islands
2029-01-01,0.171344967,Faroe Islands
2030-01-01,0.157212094,Faroe Islands
2021-01-01,0.574923764,Fiji
2022-01-01,0.589958279,Fiji
2023-01-01,0.605062545,Fiji
2024-01-01,0.620227991,Fiji
2025-01-01,0.60718179,Fiji
2026-01-01,0.622216305,Fiji
2027-01-01,0.637320571,Fiji
2028-01-01,0.652486016,Fiji
2029-01-01,0.639439815,Fiji
2030-01-01,0.65447433,Fiji
2021-01-01,0.275890444,Finland
2022-01-01,0.27059575,Finland
2023-01-01,0.265765163,Finland
2024-01-01,0.261398218,Finland
2025-01-01,0.254952313,Finland
2026-01-01,0.249657619,Finland
2027-01-01,0.244827032,Finland
2028-01-01,0.240460087,Finland
2029-01-01,0.234014182,Finland
2030-01-01,0.228719488,Finland
2021-01-01,2.207007173,Fragile and conflict affected situations
2022-01-01,2.187728651,Fragile and conflict affected situations
2023-01-01,2.172901907,Fragile and conflict affected situations
2024-01-01,2.162511231,Fragile and conflict affected situations
2025-01-01,2.098758521,Fragile and conflict affected situations
2026-01-01,2.079479998,Fragile and conflict affected situations
2027-01-01,2.064653254,Fragile and conflict affected situations
2028-01-01,2.054262579,Fragile and conflict affected situations
2029-01-01,1.990509868,Fragile and conflict affected situations
2030-01-01,1.971231346,Fragile and conflict affected situations
2021-01-01,0.20067695,France
2022-01-01,0.162500361,France
2023-01-01,0.124099538,France
2024-01-01,0.085485367,France
2025-01-01,0.079935976,France
2026-01-01,0.041759388,France
2027-01-01,0.003358565,France
2028-01-01,-0.035255606,France
2029-01-01,-0.040804997,France
2030-01-01,-0.078981586,France
2021-01-01,0.204304952,French Polynesia
2022-01-01,0.142489663,French Polynesia
2023-01-01,0.079883417,French Polynesia
2024-01-01,0.01649532,French Polynesia
2025-01-01,-0.016337619,French Polynesia
2026-01-01,-0.078152908,French Polynesia
2027-01-01,-0.140759155,French Polynesia
2028-01-01,-0.204147252,French Polynesia
2029-01-01,-0.236980191,French Polynesia
2030-01-01,-0.29879548,French Polynesia
2021-01-01,3.234156054,Gabon
2022-01-01,3.231312904,Gabon
2023-01-01,3.227600835,Gabon
2024-01-01,3.223050493,Gabon
2025-01-01,3.320012247,Gabon
2026-01-01,3.317169097,Gabon
2027-01-01,3.313457027,Gabon
2028-01-01,3.308906686,Gabon
2029-01-01,3.40586844,Gabon
2030-01-01,3.403025289,Gabon
2021-01-01,2.876062084,"Gambia, The"
2022-01-01,2.853005187,"Gambia, The"
2023-01-01,2.828855365,"Gambia, The"
2024-01-01,2.802358005,"Gambia, The"
2025-01-01,2.783054583,"Gambia, The"
2026-01-01,2.759997686,"Gambia, The"
2027-01-01,2.735847864,"Gambia, The"
2028-01-01,2.709350504,"Gambia, The"
2029-01-01,2.690047082,"Gambia, The"
2030-01-01,2.666990185,"Gambia, The"
2021-01-01,0.033099022,Georgia
2022-01-01,0.138029114,Georgia
2023-01-01,0.237949837,Georgia
2024-01-01,0.332806217,Georgia
2025-01-01,0.250983709,Georgia
2026-01-01,0.355913801,Georgia
2027-01-01,0.455834525,Georgia
2028-01-01,0.550690904,Georgia
2029-01-01,0.468868396,Georgia
2030-01-01,0.573798488,Georgia
2021-01-01,0.38667592,Germany
2022-01-01,0.380626898,Germany
2023-01-01,0.378863516,Germany
2024-01-01,0.381420962,Germany
2025-01-01,0.493236397,Germany
2026-01-01,0.487187374,Germany
2027-01-01,0.485423993,Germany
2028-01-01,0.487981439,Germany
2029-01-01,0.599796873,Germany
2030-01-01,0.593747851,Germany
2021-01-01,2.104658395,Ghana
2022-01-01,2.077006387,Ghana
2023-01-01,2.046737975,Ghana
2024-01-01,2.014916986,Ghana
2025-01-01,1.988811907,Ghana
2026-01-01,1.9611599,Ghana
2027-01-01,1.930891487,Ghana
2028-01-01,1.899070499,Ghana
2029-01-01,1.87296542,Ghana
2030-01-01,1.845313413,Ghana
2021-01-01,-0.48383081,Gibraltar
2022-01-01,-0.566411962,Gibraltar
2023-01-01,-0.650542732,Gibraltar
2024-01-01,-0.736223297,Gibraltar
2025-01-01,-0.821305455,Gibraltar
2026-01-01,-0.903886608,Gibraltar
2027-01-01,-0.988017378,Gibraltar
2028-01-01,-1.073697942,Gibraltar
2029-01-01,-1.158780101,Gibraltar
2030-01-01,-1.241361253,Gibraltar
2021-01-01,-0.529918984,Greece
2022-01-01,-0.575965188,Greece
2023-01-01,-0.622086012,Greece
2024-01-01,-0.668281759,Greece
2025-01-01,-0.715617078,Greece
2026-01-01,-0.761663283,Greece
2027-01-01,-0.807784107,Greece
2028-01-01,-0.853979853,Greece
2029-01-01,-0.901315173,Greece
2030-01-01,-0.947361377,Greece
2021-01-01,-0.143740126,Greenland
2022-01-01,-0.132881037,Greenland
2023-01-01,-0.123263972,Greenland
2024-01-01,-0.114915012,Greenland
2025-01-01,-0.191768867,Greenland
2026-01-01,-0.180909778,Greenland
2027-01-01,-0.171292713,Greenland
2028-01-01,-0.162943753,Greenland
2029-01-01,-0.239797608,Greenland
2030-01-01,-0.228938519,Greenland
2021-01-01,0.644946607,Grenada
2022-01-01,0.648022815,Grenada
2023-01-01,0.650869683,Grenada
2024-01-01,0.653503976,Grenada
2025-01-01,0.711429419,Grenada
2026-01-01,0.714505628,Grenada
2027-01-01,0.717352496,Grenada
2028-01-01,0.719986789,Grenada
2029-01-01,0.777912232,Grenada
2030-01-01,0.78098844,Grenada
2021-01-01,0.769446515,Guam
2022-01-01,0.770901936,Guam
2023-01-01,0.772443095,Guam
2024-01-01,0.77410416,Guam
2025-01-01,0.888039966,Guam
2026-01-01,0.889495387,Guam
2027-01-01,0.891036546,Guam
2028-01-01,0.89269761,Guam
2029-01-01,1.006633416,Guam
2030-01-01,1.008088837,Guam
2021-01-01,1.489856978,Guatemala
2022-01-01,1.460403368,Guatemala
2023-01-01,1.423393211,Guatemala
2024-01-01,1.381221513,Guatemala
2025-01-01,1.351472275,Guatemala
2026-01-01,1.322018666,Guatemala
2027-01-01,1.285008509,Guatemala
2028-01-01,1.242836811,Guatemala
2029-01-01,1.213087573,Guatemala
2030-01-01,1.183633963,Guatemala
2021-01-01,2.964108052,Guinea
2022-01-01,3.009856538,Guinea
2023-01-01,3.058400636,Guinea
2024-01-01,3.109766203,Guinea
2025-01-01,3.24251679,Guinea
2026-01-01,3.288265276,Guinea
2027-01-01,3.336809374,Guinea
2028-01-01,3.388174941,Guinea
2029-01-01,3.520925528,Guinea
2030-01-01,3.566674014,Guinea
2021-01-01,2.383540393,Guinea-Bissau
2022-01-01,2.344796331,Guinea-Bissau
2023-01-01,2.307819703,Guinea-Bissau
2024-01-01,2.272701753,Guinea-Bissau
2025-01-01,2.234831528,Guinea-Bissau
2026-01-01,2.196087466,Guinea-Bissau
2027-01-01,2.159110838,Guinea-Bissau
2028-01-01,2.123992888,Guinea-Bissau
2029-01-01,2.086122663,Guinea-Bissau
2030-01-01,2.047378601,Guinea-Bissau
2021-01-01,0.659617955,Guyana
2022-01-01,0.69884431,Guyana
2023-01-01,0.737552483,Guyana
2024-01-01,0.77574179,Guyana
2025-01-01,0.812344966,Guyana
2026-01-01,0.851571322,Guyana
2027-01-01,0.890279495,Guyana
2028-01-01,0.928468801,Guyana
2029-01-01,0.965071978,Guyana
2030-01-01,1.004298334,Guyana
2021-01-01,1.194174733,Haiti
2022-01-01,1.163204495,Haiti
2023-01-01,1.139008499,Haiti
2024-01-01,1.119703524,Haiti
2025-01-01,1.083329003,Haiti
2026-01-01,1.052358765,Haiti
2027-01-01,1.028162769,Haiti
2028-01-01,1.008857794,Haiti
2029-01-01,0.972483273,Haiti
2030-01-01,0.941513035,Haiti
2021-01-01,2.700653562,Heavily indebted poor countries (HIPC)
2022-01-01,2.677984863,Heavily indebted poor countries (HIPC)
2023-01-01,2.646861182,Heavily indebted poor countries (HIPC)
2024-01-01,2.610371438,Heavily indebted poor countries (HIPC)
2025-01-01,2.595320718,Heavily indebted poor countries (HIPC)
2026-01-01,2.57265202,Heavily indebted poor countries (HIPC)
2027-01-01,2.541528338,Heavily indebted poor countries (HIPC)
2028-01-01,2.505038594,Heavily indebted poor countries (HIPC)
2029-01-01,2.489987874,Heavily indebted poor countries (HIPC)
2030-01-01,2.467319176,Heavily indebted poor countries (HIPC)
2021-01-01,0.442617115,High income
2022-01-01,0.425896624,High income
2023-01-01,0.411245217,High income
2024-01-01,0.398661574,High income
2025-01-01,0.377618368,High income
2026-01-01,0.360897876,High income
2027-01-01,0.34624647,High income
2028-01-01,0.333662827,High income
2029-01-01,0.31261962,High income
2030-01-01,0.295899129,High income
2021-01-01,1.587647666,Honduras
2022-01-01,1.562458411,Honduras
2023-01-01,1.535994025,Honduras
2024-01-01,1.508512117,Honduras
2025-01-01,1.483023849,Honduras
2026-01-01,1.457834594,Honduras
2027-01-01,1.431370209,Honduras
2028-01-01,1.4038883,Honduras
2029-01-01,1.378400033,Honduras
2030-01-01,1.353210778,Honduras
2021-01-01,0.599699307,"Hong Kong SAR, China"
2022-01-01,0.607495527,"Hong Kong SAR, China"
2023-01-01,0.613019772,"Hong Kong SAR, China"
2024-01-01,0.616268646,"Hong Kong SAR, China"
2025-01-01,0.610169177,"Hong Kong SAR, China"
2026-01-01,0.617965397,"Hong Kong SAR, China"
2027-01-01,0.623489642,"Hong Kong SAR, China"
2028-01-01,0.626738516,"Hong Kong SAR, China"
2029-01-01,0.620639047,"Hong Kong SAR, China"
2030-01-01,0.628435267,"Hong Kong SAR, China"
2021-01-01,-0.181269174,Hungary
2022-01-01,-0.195977341,Hungary
2023-01-01,-0.213490935,Hungary
2024-01-01,-0.233786253,Hungary
2025-01-01,-0.172865399,Hungary
2026-01-01,-0.187573566,Hungary
2027-01-01,-0.20508716,Hungary
2028-01-01,-0.225382478,Hungary
2029-01-01,-0.164461624,Hungary
2030-01-01,-0.179169791,Hungary
2021-01-01,0.745729428,IBRD only
2022-01-01,0.692792906,IBRD only
2023-01-01,0.646074073,IBRD only
2024-01-01,0.605580666,IBRD only
2025-01-01,0.573890593,IBRD only
2026-01-01,0.520954071,IBRD only
2027-01-01,0.474235237,IBRD only
2028-01-01,0.433741831,IBRD only
2029-01-01,0.402051757,IBRD only
2030-01-01,0.349115236,IBRD only
2021-01-01,1.142088351,IDA & IBRD total
2022-01-01,1.106798309,IDA & IBRD total
2023-01-01,1.075651715,IDA & IBRD total
2024-01-01,1.048682918,IDA & IBRD total
2025-01-01,1.029263792,IDA & IBRD total
2026-01-01,0.99397375,IDA & IBRD total
2027-01-01,0.962827156,IDA & IBRD total
2028-01-01,0.93585836,IDA & IBRD total
2029-01-01,0.916439234,IDA & IBRD total
2030-01-01,0.881149192,IDA & IBRD total
2021-01-01,2.221966139,IDA blend
2022-01-01,2.216352076,IDA blend
2023-01-01,2.198116354,IDA blend
2024-01-01,2.167212893,IDA blend
2025-01-01,2.14989046,IDA blend
2026-01-01,2.144276397,IDA blend
2027-01-01,2.126040675,IDA blend
2028-01-01,2.095137214,IDA blend
2029-01-01,2.077814781,IDA blend
2030-01-01,2.072200718,IDA blend
2021-01-01,2.299404344,IDA only
2022-01-01,2.312385127,IDA only
2023-01-01,2.322559689,IDA only
2024-01-01,2.329322155,IDA only
2025-01-01,2.345485328,IDA only
2026-01-01,2.358466111,IDA only
2027-01-01,2.368640672,IDA only
2028-01-01,2.375403139,IDA only
2029-01-01,2.391566312,IDA only
2030-01-01,2.404547095,IDA only
2021-01-01,2.272449427,IDA total
2022-01-01,2.274846216,IDA total
2023-01-01,2.27599866,IDA total
2024-01-01,2.272173355,IDA total
2025-01-01,2.275437607,IDA total
2026-01-01,2.277834396,IDA total
2027-01-01,2.27898684,IDA total
2028-01-01,2.275161535,IDA total
2029-01-01,2.278425787,IDA total
2030-01-01,2.280822576,IDA total
2021-01-01,1.818222777,Iceland
2022-01-01,1.802256459,Iceland
2023-01-01,1.783663333,Iceland
2024-01-01,1.762513463,Iceland
2025-01-01,1.974256923,Iceland
2026-01-01,1.958290605,Iceland
2027-01-01,1.93969748,Iceland
2028-01-01,1.918547609,Iceland
2029-01-01,2.13029107,Iceland
2030-01-01,2.114324752,Iceland
2021-01-01,0.962313909,India
2022-01-01,0.936782327,India
2023-01-01,0.912215729,India
2024-01-01,0.888368279,India
2025-01-01,0.861268388,India
2026-01-01,0.835736806,India
2027-01-01,0.811170208,India
2028-01-01,0.787322759,India
2029-01-01,0.760222868,India
2030-01-01,0.734691286,India
2021-01-01,1.020785351,Indonesia
2022-01-01,0.979094907,Indonesia
2023-01-01,0.942514365,Indonesia
2024-01-01,0.909766914,Indonesia
2025-01-01,0.865373279,Indonesia
2026-01-01,0.823682835,Indonesia
2027-01-01,0.787102292,Indonesia
2028-01-01,0.754354841,Indonesia
2029-01-01,0.709961207,Indonesia
2030-01-01,0.668270762,Indonesia
2021-01-01,1.418637335,"Iran, Islamic Rep."
2022-01-01,1.437999072,"Iran, Islamic Rep."
2023-01-01,1.452792457,"Iran, Islamic Rep."
2024-01-01,1.463025989,"Iran, Islamic Rep."
2025-01-01,1.505468784,"Iran, Islamic Rep."
2026-01-01,1.524830521,"Iran, Islamic Rep."
2027-01-01,1.539623906,"Iran, Islamic Rep."
2028-01-01,1.549857438,"Iran, Islamic Rep."
2029-01-01,1.592300233,"Iran, Islamic Rep."
2030-01-01,1.611661971,"Iran, Islamic Rep."
2021-01-01,2.927288667,Iraq
2022-01-01,2.888574045,Iraq
2023-01-01,2.848568466,Iraq
2024-01-01,2.807338897,Iraq
2025-01-01,2.987384095,Iraq
2026-01-01,2.948669473,Iraq
2027-01-01,2.908663894,Iraq
2028-01-01,2.867434325,Iraq
2029-01-01,3.047479523,Iraq
2030-01-01,3.008764901,Iraq
2021-01-01,0.567494684,Ireland
2022-01-01,0.59483353,Ireland
2023-01-01,0.616138416,Ireland
2024-01-01,0.631306437,Ireland
2025-01-01,0.314922699,Ireland
2026-01-01,0.342261544,Ireland
2027-01-01,0.36356643,Ireland
2028-01-01,0.378734452,Ireland
2029-01-01,0.062350713,Ireland
2030-01-01,0.089689559,Ireland
2021-01-01,-0.122535121,Isle of Man
2022-01-01,-0.148012457,Isle of Man
2023-01-01,-0.174073204,Isle of Man
2024-01-01,-0.200752641,Isle of Man
2025-01-01,-0.34288711,Isle of Man
2026-01-01,-0.368364446,Isle of Man
2027-01-01,-0.394425193,Isle of Man
2028-01-01,-0.42110463,Isle of Man
2029-01-01,-0.563239098,Isle of Man
2030-01-01,-0.588716434,Isle of Man
2021-01-01,2.022644599,Israel
2022-01-01,1.928072724,Israel
2023-01-01,1.854644829,Israel
2024-01-01,1.802447312,Israel
2025-01-01,2.019555785,Israel
2026-01-01,1.924983911,Israel
2027-01-01,1.851556015,Israel
2028-01-01,1.799358498,Israel
2029-01-01,2.016466972,Israel
2030-01-01,1.921895097,Israel
2021-01-01,-0.118419973,Italy
2022-01-01,-0.206239643,Italy
2023-01-01,-0.29199453,Italy
2024-01-01,-0.375627853,Italy
2025-01-01,-0.275868148,Italy
2026-01-01,-0.363687819,Italy
2027-01-01,-0.449442705,Italy
2028-01-01,-0.533076029,Italy
2029-01-01,-0.433316324,Italy
2030-01-01,-0.521135994,Italy
2021-01-01,0.476305126,Jamaica
2022-01-01,0.456330005,Jamaica
2023-01-01,0.437118447,Jamaica
2024-01-01,0.418683832,Jamaica
2025-01-01,0.443260355,Jamaica
2026-01-01,0.423285234,Jamaica
2027-01-01,0.404073676,Jamaica
2028-01-01,0.385639061,Jamaica
2029-01-01,0.410215584,Jamaica
2030-01-01,0.390240463,Jamaica
2021-01-01,-0.296005027,Japan
2022-01-01,-0.324091009,Japan
2023-01-01,-0.354778293,Japan
2024-01-01,-0.388060028,Japan
2025-01-01,-0.396290525,Japan
2026-01-01,-0.424376507,Japan
2027-01-01,-0.455063791,Japan
2028-01-01,-0.488345526,Japan
2029-01-01,-0.496576023,Japan
2030-01-01,-0.524662005,Japan
2021-01-01,3.261663632,Jordan
2022-01-01,3.207045008,Jordan
2023-01-01,3.150244383,Jordan
2024-01-01,3.091303986,Jordan
2025-01-01,3.173170884,Jordan
2026-01-01,3.11855226,Jordan
2027-01-01,3.061751636,Jordan
2028-01-01,3.002811238,Jordan
2029-01-01,3.084678136,Jordan
2030-01-01,3.030059512,Jordan
2021-01-01,1.759780456,Kazakhstan
2022-01-01,1.834293863,Kazakhstan
2023-01-01,1.913640785,Kazakhstan
2024-01-01,1.997797689,Kazakhstan
2025-01-01,1.999976854,Kazakhstan
2026-01-01,2.074490261,Kazakhstan
2027-01-01,2.153837183,Kazakhstan
2028-01-01,2.237994087,Kazakhstan
2029-01-01,2.240173251,Kazakhstan
2030-01-01,2.314686658,Kazakhstan
2021-01-01,2.187535942,Kenya
2022-01-01,2.136802135,Kenya
2023-01-01,2.103804872,Kenya
2024-01-01,2.082937923,Kenya
2025-01-01,2.018594435,Kenya
2026-01-01,1.967860628,Kenya
2027-01-01,1.934863365,Kenya
2028-01-01,1.913996416,Kenya
2029-01-01,1.849652927,Kenya
2030-01-01,1.79891912,Kenya
2021-01-01,1.35854525,Kiribati
2022-01-01,1.356348683,Kiribati
2023-01-01,1.353150051,Kiribati
2024-01-01,1.348914452,Kiribati
2025-01-01,1.231199418,Kiribati
2026-01-01,1.229002852,Kiribati
2027-01-01,1.22580422,Kiribati
2028-01-01,1.221568621,Kiribati
2029-01-01,1.103853587,Kiribati
2030-01-01,1.101657021,Kiribati
2021-01-01,0.350575859,"Korea, Dem. People's Rep."
2022-01-01,0.329130478,"Korea, Dem. People's Rep."
2023-01-01,0.306567945,"Korea, Dem. People's Rep."
2024-01-01,0.282888509,"Korea, Dem. People's Rep."
2025-01-01,0.261124745,"Korea, Dem. People's Rep."
2026-01-01,0.239679364,"Korea, Dem. People's Rep."
2027-01-01,0.217116831,"Korea, Dem. People's Rep."
2028-01-01,0.193437395,"Korea, Dem. People's Rep."
2029-01-01,0.171673631,"Korea, Dem. People's Rep."
2030-01-01,0.15022825,"Korea, Dem. People's Rep."
2021-01-01,0.314140447,"Korea, Rep."
2022-01-01,0.313444794,"Korea, Rep."
2023-01-01,0.308798072,"Korea, Rep."
2024-01-01,0.300188395,"Korea, Rep."
2025-01-01,0.255987681,"Korea, Rep."
2026-01-01,0.255292029,"Korea, Rep."
2027-01-01,0.250645307,"Korea, Rep."
2028-01-01,0.24203563,"Korea, Rep."
2029-01-01,0.197834916,"Korea, Rep."
2030-01-01,0.197139264,"Korea, Rep."
2021-01-01,0.072118206,Kosovo
2022-01-01,-0.076968757,Kosovo
2023-01-01,-0.225347212,Kosovo
2024-01-01,-0.372873673,Kosovo
2025-01-01,-0.050417062,Kosovo
2026-01-01,-0.199504025,Kosovo
2027-01-01,-0.34788248,Kosovo
2028-01-01,-0.495408941,Kosovo
2029-01-01,-0.17295233,Kosovo
2030-01-01,-0.322039293,Kosovo
2021-01-01,3.727150527,Kuwait
2022-01-01,3.605970552,Kuwait
2023-01-01,3.485001815,Kuwait
2024-01-01,3.364378436,Kuwait
2025-01-01,3.683974748,Kuwait
2026-01-01,3.562794773,Kuwait
2027-01-01,3.441826036,Kuwait
2028-01-01,3.321202658,Kuwait
2029-01-01,3.64079897,Kuwait
2030-01-01,3.519618994,Kuwait
2021-01-01,2.310550989,Kyrgyz Republic
2022-01-01,2.347992551,Kyrgyz Republic
2023-01-01,2.395823229,Kyrgyz Republic
2024-01-01,2.454075496,Kyrgyz Republic
2025-01-01,2.608110735,Kyrgyz Republic
2026-01-01,2.645552297,Kyrgyz Republic
2027-01-01,2.693382974,Kyrgyz Republic
2028-01-01,2.751635241,Kyrgyz Republic
2029-01-01,2.90567048,Kyrgyz Republic
2030-01-01,2.943112042,Kyrgyz Republic
2021-01-01,1.502747542,Lao PDR
2022-01-01,1.486866251,Lao PDR
2023-01-01,1.472274345,Lao PDR
2024-01-01,1.458979491,Lao PDR
2025-01-01,1.469451001,Lao PDR
2026-01-01,1.45356971,Lao PDR
2027-01-01,1.438977805,Lao PDR
2028-01-01,1.42568295,Lao PDR
2029-01-01,1.436154461,Lao PDR
2030-01-01,1.42027317,Lao PDR
2021-01-01,0.537014251,Late-demographic dividend
2022-01-01,0.51059648,Late-demographic dividend
2023-01-01,0.488889537,Late-demographic dividend
2024-01-01,0.471909429,Late-demographic dividend
2025-01-01,0.50228165,Late-demographic dividend
2026-01-01,0.475863879,Late-demographic dividend
2027-01-01,0.454156936,Late-demographic dividend
2028-01-01,0.437176827,Late-demographic dividend
2029-01-01,0.467549048,Late-demographic dividend
2030-01-01,0.441131277,Late-demographic dividend
2021-01-01,0.8733308,Latin America & Caribbean
2022-01-01,0.846915651,Latin America & Caribbean
2023-01-01,0.824581253,Latin America & Caribbean
2024-01-01,0.806238175,Latin America & Caribbean
2025-01-01,0.777175841,Latin America & Caribbean
2026-01-01,0.750760693,Latin America & Caribbean
2027-01-01,0.728426294,Latin America & Caribbean
2028-01-01,0.710083216,Latin America & Caribbean
2029-01-01,0.681020883,Latin America & Caribbean
2030-01-01,0.654605734,Latin America & Caribbean
2021-01-01,1.033568234,Latin America & Caribbean (excluding high income)
2022-01-01,1.01929365,Latin America & Caribbean (excluding high income)
2023-01-01,1.00288803,Latin America & Caribbean (excluding high income)
2024-01-01,0.984357465,Latin America & Caribbean (excluding high income)
2025-01-01,0.994854982,Latin America & Caribbean (excluding high income)
2026-01-01,0.980580398,Latin America & Caribbean (excluding high income)
2027-01-01,0.964174778,Latin America & Caribbean (excluding high income)
2028-01-01,0.945644213,Latin America & Caribbean (excluding high income)
2029-01-01,0.95614173,Latin America & Caribbean (excluding high income)
2030-01-01,0.941867147,Latin America & Caribbean (excluding high income)
2021-01-01,0.900891134,Latin America & the Caribbean (IDA & IBRD countries)
2022-01-01,0.875192153,Latin America & the Caribbean (IDA & IBRD countries)
2023-01-01,0.850070963,Latin America & the Caribbean (IDA & IBRD countries)
2024-01-01,0.825455769,Latin America & the Caribbean (IDA & IBRD countries)
2025-01-01,0.79903104,Latin America & the Caribbean (IDA & IBRD countries)
2026-01-01,0.773332058,Latin America & the Caribbean (IDA & IBRD countries)
2027-01-01,0.748210869,Latin America & the Caribbean (IDA & IBRD countries)
2028-01-01,0.723595674,Latin America & the Caribbean (IDA & IBRD countries)
2029-01-01,0.697170946,Latin America & the Caribbean (IDA & IBRD countries)
2030-01-01,0.671471964,Latin America & the Caribbean (IDA & IBRD countries)
2021-01-01,-0.975993162,Latvia
2022-01-01,-0.899259955,Latvia
2023-01-01,-0.821122468,Latvia
2024-01-01,-0.741652255,Latvia
2025-01-01,-0.897043505,Latvia
2026-01-01,-0.820310298,Latvia
2027-01-01,-0.742172811,Latvia
2028-01-01,-0.662702598,Latvia
2029-01-01,-0.818093848,Latvia
2030-01-01,-0.741360641,Latvia
2021-01-01,2.321485584,Least developed countries: UN classification
2022-01-01,2.311097253,Least developed countries: UN classification
2023-01-01,2.295360397,Least developed countries: UN classification
2024-01-01,2.275570378,Least developed countries: UN classification
2025-01-01,2.269829906,Least developed countries: UN classification
2026-01-01,2.259441575,Least developed countries: UN classification
2027-01-01,2.243704719,Least developed countries: UN classification
2028-01-01,2.2239147,Least developed countries: UN classification
2029-01-01,2.218174227,Least developed countries: UN classification
2030-01-01,2.207785896,Least developed countries: UN classification
2021-01-01,1.968087681,Lebanon
2022-01-01,1.762127773,Lebanon
2023-01-01,1.551728704,Lebanon
2024-01-01,1.337023096,Lebanon
2025-01-01,1.562186124,Lebanon
2026-01-01,1.356226216,Lebanon
2027-01-01,1.145827147,Lebanon
2028-01-01,0.931121538,Lebanon
2029-01-01,1.156284566,Lebanon
2030-01-01,0.950324658,Lebanon
2021-01-01,1.205320722,Lesotho
2022-01-01,1.220744635,Lesotho
2023-01-01,1.237341326,Lesotho
2024-01-01,1.255188668,Lesotho
2025-01-01,1.527882474,Lesotho
2026-01-01,1.543306387,Lesotho
2027-01-01,1.559903078,Lesotho
2028-01-01,1.577750421,Lesotho
2029-01-01,1.850444226,Lesotho
2030-01-01,1.865868139,Lesotho
2021-01-01,2.774683183,Liberia
2022-01-01,2.665546,Liberia
2023-01-01,2.561727114,Liberia
2024-01-01,2.463327258,Liberia
2025-01-01,2.690169559,Liberia
2026-01-01,2.581032377,Liberia
2027-01-01,2.477213491,Liberia
2028-01-01,2.378813634,Liberia
2029-01-01,2.605655936,Liberia
2030-01-01,2.496518754,Liberia
2021-01-01,0.951920761,Libya
2022-01-01,0.94376806,Libya
2023-01-01,0.9339875,Libya
2024-01-01,0.92256008,Libya
2025-01-01,0.85028557,Libya
2026-01-01,0.842132869,Libya
2027-01-01,0.832352309,Libya
2028-01-01,0.820924889,Libya
2029-01-01,0.748650379,Libya
2030-01-01,0.740497678,Libya
2021-01-01,0.387353692,Liechtenstein
2022-01-01,0.339739876,Liechtenstein
2023-01-01,0.293783224,Liechtenstein
2024-01-01,0.249501439,Liechtenstein
2025-01-01,0.261353243,Liechtenstein
2026-01-01,0.213739428,Liechtenstein
2027-01-01,0.167782776,Liechtenstein
2028-01-01,0.123500991,Liechtenstein
2029-01-01,0.135352795,Liechtenstein
2030-01-01,0.087738979,Liechtenstein
2021-01-01,-1.009967069,Lithuania
2022-01-01,-0.92424458,Lithuania
2023-01-01,-0.833587446,Lithuania
2024-01-01,-0.738081146,Lithuania
2025-01-01,-0.927396497,Lithuania
2026-01-01,-0.841674009,Lithuania
2027-01-01,-0.751016875,Lithuania
2028-01-01,-0.655510575,Lithuania
2029-01-01,-0.844825926,Lithuania
2030-01-01,-0.759103437,Lithuania
2021-01-01,1.157119404,Low & middle income
2022-01-01,1.122137352,Low & middle income
2023-01-01,1.090397464,Low & middle income
2024-01-01,1.061917185,Low & middle income
2025-01-01,1.043370014,Low & middle income
2026-01-01,1.008387962,Low & middle income
2027-01-01,0.976648074,Low & middle income
2028-01-01,0.948167795,Low & middle income
2029-01-01,0.929620624,Low & middle income
2030-01-01,0.894638572,Low & middle income
2021-01-01,2.679212669,Low income
2022-01-01,2.695031097,Low income
2023-01-01,2.713357919,Low income
2024-01-01,2.730567185,Low income
2025-01-01,2.742857469,Low income
2026-01-01,2.758675898,Low income
2027-01-01,2.777002719,Low income
2028-01-01,2.794211986,Low income
2029-01-01,2.80650227,Low income
2030-01-01,2.822320698,Low income
2021-01-01,1.357047145,Lower middle income
2022-01-01,1.337077169,Lower middle income
2023-01-01,1.313071401,Lower middle income
2024-01-01,1.289176261,Lower middle income
2025-01-01,1.269360687,Lower middle income
2026-01-01,1.249390711,Lower middle income
2027-01-01,1.225384943,Lower middle income
2028-01-01,1.201489803,Lower middle income
2029-01-01,1.181674229,Lower middle income
2030-01-01,1.161704254,Lower middle income
2021-01-01,2.523799563,Luxembourg
2022-01-01,2.545536211,Luxembourg
2023-01-01,2.581262815,Luxembourg
2024-01-01,2.631007213,Luxembourg
2025-01-01,2.762219751,Luxembourg
2026-01-01,2.783956398,Luxembourg
2027-01-01,2.819683002,Luxembourg
2028-01-01,2.8694274,Luxembourg
2029-01-01,3.000639938,Luxembourg
2030-01-01,3.022376586,Luxembourg
2021-01-01,1.518080076,"Macao SAR, China"
2022-01-01,1.474779791,"Macao SAR, China"
2023-01-01,1.428852265,"Macao SAR, China"
2024-01-01,1.380288854,"Macao SAR, China"
2025-01-01,1.305929846,"Macao SAR, China"
2026-01-01,1.262629561,"Macao SAR, China"
2027-01-01,1.216702035,"Macao SAR, China"
2028-01-01,1.168138624,"Macao SAR, China"
2029-01-01,1.093779616,"Macao SAR, China"
2030-01-01,1.050479331,"Macao SAR, China"
2021-01-01,2.632506571,Madagascar
2022-01-01,2.6222138,Madagascar
2023-01-01,2.609142453,Madagascar
2024-01-01,2.5935698,Madagascar
2025-01-01,2.585203144,Madagascar
2026-01-01,2.574910373,Madagascar
2027-01-01,2.561839026,Madagascar
2028-01-01,2.546266373,Madagascar
2029-01-01,2.537899717,Madagascar
2030-01-01,2.527606947,Madagascar
2021-01-01,2.622169052,Malawi
2022-01-01,2.574772098,Malawi
2023-01-01,2.541851456,Malawi
2024-01-01,2.523414748,Malawi
2025-01-01,2.519800679,Malawi
2026-01-01,2.472403725,Malawi
2027-01-01,2.439483083,Malawi
2028-01-01,2.421046375,Malawi
2029-01-01,2.417432306,Malawi
2030-01-01,2.370035352,Malawi
2021-01-01,1.122688061,Malaysia
2022-01-01,1.072531871,Malaysia
2023-01-01,1.024394381,Malaysia
2024-01-01,0.978271785,Malaysia
2025-01-01,0.917488798,Malaysia
2026-01-01,0.867332608,Malaysia
2027-01-01,0.819195117,Malaysia
2028-01-01,0.773072522,Malaysia
2029-01-01,0.712289534,Malaysia
2030-01-01,0.662133345,Malaysia
2021-01-01,4.314921799,Maldives
2022-01-01,4.25370416,Maldives
2023-01-01,4.184718572,Maldives
2024-01-01,4.108141854,Maldives
2025-01-01,4.620050796,Maldives
2026-01-01,4.558833157,Maldives
2027-01-01,4.489847569,Maldives
2028-01-01,4.413270851,Maldives
2029-01-01,4.925179793,Maldives
2030-01-01,4.863962154,Maldives
2021-01-01,2.87152644,Mali
2022-01-01,2.868609099,Mali
2023-01-01,2.862445597,Mali
2024-01-01,2.853018417,Mali
2025-01-01,2.788865855,Mali
2026-01-01,2.785948514,Mali
2027-01-01,2.779785012,Mali
2028-01-01,2.770357832,Mali
2029-01-01,2.70620527,Mali
2030-01-01,2.703287929,Mali
2021-01-01,3.430376886,Malta
2022-01-01,3.58378676,Malta
2023-01-01,3.737928636,Malta
2024-01-01,3.892835347,Malta
2025-01-01,4.154860737,Malta
2026-01-01,4.308270611,Malta
2027-01-01,4.462412487,Malta
2028-01-01,4.617319198,Malta
2029-01-01,4.879344588,Malta
2030-01-01,5.032754462,Malta
2021-01-01,0.015196855,Marshall Islands
2022-01-01,0.002592554,Marshall Islands
2023-01-01,-0.013040444,Marshall Islands
2024-01-01,-0.031761817,Marshall Islands
2025-01-01,-0.243604621,Marshall Islands
2026-01-01,-0.256208922,Marshall Islands
2027-01-01,-0.27184192,Marshall Islands
2028-01-01,-0.290563293,Marshall Islands
2029-01-01,-0.502406097,Marshall Islands
2030-01-01,-0.515010397,Marshall Islands
2021-01-01,2.665474482,Mauritania
2022-01-01,2.626328491,Mauritania
2023-01-01,2.587723296,Mauritania
2024-01-01,2.548467785,Mauritania
2025-01-01,2.511714342,Mauritania
2026-01-01,2.472568352,Mauritania
2027-01-01,2.433963156,Mauritania
2028-01-01,2.394707645,Mauritania
2029-01-01,2.357954202,Mauritania
2030-01-01,2.318808212,Mauritania
2021-01-01,-0.110703748,Mauritius
2022-01-01,-0.1536873,Mauritius
2023-01-01,-0.193558689,Mauritius
2024-01-01,-0.230319777,Mauritius
2025-01-01,-0.275276425,Mauritius
2026-01-01,-0.318259978,Mauritius
2027-01-01,-0.358131366,Mauritius
2028-01-01,-0.394892454,Mauritius
2029-01-01,-0.439849103,Mauritius
2030-01-01,-0.482832655,Mauritius
2021-01-01,1.018947478,Mexico
2022-01-01,0.98139532,Mexico
2023-01-01,0.946347416,Mexico
2024-01-01,0.913220563,Mexico
2025-01-01,0.873928007,Mexico
2026-01-01,0.836375849,Mexico
2027-01-01,0.801327944,Mexico
2028-01-01,0.768201092,Mexico
2029-01-01,0.728908535,Mexico
2030-01-01,0.691356377,Mexico
2021-01-01,1.612775015,"Micronesia, Fed. Sts."
2022-01-01,1.675027393,"Micronesia, Fed. Sts."
2023-01-01,1.737677081,"Micronesia, Fed. Sts."
2024-01-01,1.800786084,"Micronesia, Fed. Sts."
2025-01-01,2.067515837,"Micronesia, Fed. Sts."
2026-01-01,2.129768215,"Micronesia, Fed. Sts."
2027-01-01,2.192417903,"Micronesia, Fed. Sts."
2028-01-01,2.255526906,"Micronesia, Fed. Sts."
2029-01-01,2.522256659,"Micronesia, Fed. Sts."
2030-01-01,2.584509037,"Micronesia, Fed. Sts."
2021-01-01,1.643083788,Middle East & North Africa
2022-01-01,1.598230863,Middle East & North Africa
2023-01-01,1.5574352,Middle East & North Africa
2024-01-01,1.520694244,Middle East & North Africa
2025-01-01,1.480768475,Middle East & North Africa
2026-01-01,1.43591555,Middle East & North Africa
2027-01-01,1.395119887,Middle East & North Africa
2028-01-01,1.358378932,Middle East & North Africa
2029-01-01,1.318453163,Middle East & North Africa
2030-01-01,1.273600238,Middle East & North Africa
2021-01-01,1.650633314,Middle East & North Africa (IDA & IBRD countries)
2022-01-01,1.631049881,Middle East & North Africa (IDA & IBRD countries)
2023-01-01,1.614669745,Middle East & North Africa (IDA & IBRD countries)
2024-01-01,1.601488279,Middle East & North Africa (IDA & IBRD countries)
2025-01-01,1.576604218,Middle East & North Africa (IDA & IBRD countries)
2026-01-01,1.557020786,Middle East & North Africa (IDA & IBRD countries)
2027-01-01,1.54064065,Middle East & North Africa (IDA & IBRD countries)
2028-01-01,1.527459184,Middle East & North Africa (IDA & IBRD countries)
2029-01-01,1.502575123,Middle East & North Africa (IDA & IBRD countries)
2030-01-01,1.48299169,Middle East & North Africa (IDA & IBRD countries)
2021-01-01,1.659771366,Middle East & North Africa (excluding high income)
2022-01-01,1.642054274,Middle East & North Africa (excluding high income)
2023-01-01,1.626457189,Middle East & North Africa (excluding high income)
2024-01-01,1.612977529,Middle East & North Africa (excluding high income)
2025-01-01,1.587948341,Middle East & North Africa (excluding high income)
2026-01-01,1.570231248,Middle East & North Africa (excluding high income)
2027-01-01,1.554634164,Middle East & North Africa (excluding high income)
2028-01-01,1.541154503,Middle East & North Africa (excluding high income)
2029-01-01,1.516125315,Middle East & North Africa (excluding high income)
2030-01-01,1.498408223,Middle East & North Africa (excluding high income)
2021-01-01,0.985185065,Middle income
2022-01-01,0.941260074,Middle income
2023-01-01,0.901308841,Middle income
2024-01-01,0.865358116,Middle income
2025-01-01,0.841982284,Middle income
2026-01-01,0.798057293,Middle income
2027-01-01,0.758106059,Middle income
2028-01-01,0.722155335,Middle income
2029-01-01,0.698779503,Middle income
2030-01-01,0.654854512,Middle income
2021-01-01,-1.395767492,Moldova
2022-01-01,-1.468400988,Moldova
2023-01-01,-1.541774911,Moldova
2024-01-01,-1.615896385,Moldova
2025-01-01,-1.713381378,Moldova
2026-01-01,-1.786014875,Moldova
2027-01-01,-1.859388798,Moldova
2028-01-01,-1.933510271,Moldova
2029-01-01,-2.030995265,Moldova
2030-01-01,-2.103628761,Moldova
2021-01-01,0.883916247,Monaco
2022-01-01,0.869265875,Monaco
2023-01-01,0.853616257,Monaco
2024-01-01,0.836972474,Monaco
2025-01-01,0.838457875,Monaco
2026-01-01,0.823807503,Monaco
2027-01-01,0.808157885,Monaco
2028-01-01,0.791514102,Monaco
2029-01-01,0.792999503,Monaco
2030-01-01,0.778349131,Monaco
2021-01-01,2.153003309,Mongolia
2022-01-01,2.187790715,Mongolia
2023-01-01,2.221018982,Mongolia
2024-01-01,2.252712428,Mongolia
2025-01-01,2.365909687,Mongolia
2026-01-01,2.400697092,Mongolia
2027-01-01,2.433925359,Mongolia
2028-01-01,2.465618805,Mongolia
2029-01-01,2.578816064,Mongolia
2030-01-01,2.613603469,Mongolia
2021-01-01,-0.063319699,Montenegro
2022-01-01,-0.091710339,Montenegro
2023-01-01,-0.121746658,Montenegro
2024-01-01,-0.153416917,Montenegro
2025-01-01,-0.144737472,Montenegro
2026-01-01,-0.173128112,Montenegro
2027-01-01,-0.203164431,Montenegro
2028-01-01,-0.23483469,Montenegro
2029-01-01,-0.226155245,Montenegro
2030-01-01,-0.254545885,Montenegro
2021-01-01,1.378809913,Morocco
2022-01-01,1.378759811,Morocco
2023-01-01,1.378879825,Morocco
2024-01-01,1.379183672,Morocco
2025-01-01,1.424310264,Morocco
2026-01-01,1.424260162,Morocco
2027-01-01,1.424380176,Morocco
2028-01-01,1.424684022,Morocco
2029-01-01,1.469810614,Morocco
2030-01-01,1.469760512,Morocco
2021-01-01,2.920378151,Mozambique
2022-01-01,2.957954996,Mozambique
2023-01-01,2.982114447,Mozambique
2024-01-01,2.992849223,Mozambique
2025-01-01,2.992507269,Mozambique
2026-01-01,3.030084114,Mozambique
2027-01-01,3.054243565,Mozambique
2028-01-01,3.064978341,Mozambique
2029-01-01,3.064636387,Mozambique
2030-01-01,3.102213232,Mozambique
2021-01-01,0.6215386,Myanmar
2022-01-01,0.599023019,Myanmar
2023-01-01,0.577372392,Myanmar
2024-01-01,0.556595512,Myanmar
2025-01-01,0.563775189,Myanmar
2026-01-01,0.541259608,Myanmar
2027-01-01,0.51960898,Myanmar
2028-01-01,0.498832101,Myanmar
2029-01-01,0.506011777,Myanmar
2030-01-01,0.483496196,Myanmar
2021-01-01,1.927849215,Namibia
2022-01-01,1.926185483,Namibia
2023-01-01,1.928376148,Namibia
2024-01-01,1.934435889,Namibia
2025-01-01,1.984212094,Namibia
2026-01-01,1.982548362,Namibia
2027-01-01,1.984739027,Namibia
2028-01-01,1.990798768,Namibia
2029-01-01,2.040574974,Namibia
2030-01-01,2.038911242,Namibia
2021-01-01,1.530709641,Nauru
2022-01-01,1.604654223,Nauru
2023-01-01,1.679080103,Nauru
2024-01-01,1.754039275,Nauru
2025-01-01,1.999575543,Nauru
2026-01-01,2.073520124,Nauru
2027-01-01,2.147946004,Nauru
2028-01-01,2.222905177,Nauru
2029-01-01,2.468441444,Nauru
2030-01-01,2.542386026,Nauru
2021-01-01,0.784682348,Nepal
2022-01-01,0.794002444,Nepal
2023-01-01,0.802512158,Nepal
2024-01-01,0.81018251,Nepal
2025-01-01,0.723418872,Nepal
2026-01-01,0.732738968,Nepal
2027-01-01,0.741248682,Nepal
2028-01-01,0.748919033,Nepal
2029-01-01,0.662155395,Nepal
2030-01-01,0.671475491,Nepal
2021-01-01,0.545013629,Netherlands
2022-01-01,0.533181186,Netherlands
2023-01-01,0.521403245,Netherlands
2024-01-01,0.509701465,Netherlands
2025-01-01,0.569273925,Netherlands
2026-01-01,0.557441482,Netherlands
2027-01-01,0.545663542,Netherlands
2028-01-01,0.533961761,Netherlands
2029-01-01,0.593534221,Netherlands
2030-01-01,0.581701778,Netherlands
2021-01-01,0.328463838,New Caledonia
2022-01-01,0.215482173,New Caledonia
2023-01-01,0.099967142,New Caledonia
2024-01-01,-0.018047533,New Caledonia
2025-01-01,-0.024808178,New Caledonia
2026-01-01,-0.137789843,New Caledonia
2027-01-01,-0.253304875,New Caledonia
2028-01-01,-0.371319549,New Caledonia
2029-01-01,-0.378080194,New Caledonia
2030-01-01,-0.491061859,New Caledonia
2021-01-01,1.694057722,New Zealand
2022-01-01,1.796528003,New Zealand
2023-01-01,1.890431823,New Zealand
2024-01-01,1.9757019,New Zealand
2025-01-01,1.846946829,New Zealand
2026-01-01,1.94941711,New Zealand
2027-01-01,2.04332093,New Zealand
2028-01-01,2.128591007,New Zealand
2029-01-01,1.999835936,New Zealand
2030-01-01,2.102306217,New Zealand
2021-01-01,1.186222019,Nicaragua
2022-01-01,1.166867133,Nicaragua
2023-01-01,1.141250443,Nicaragua
2024-01-01,1.111971343,Nicaragua
2025-01-01,1.097713373,Nicaragua
2026-01-01,1.078358488,Nicaragua
2027-01-01,1.052741797,Nicaragua
2028-01-01,1.023462697,Nicaragua
2029-01-01,1.009204728,Nicaragua
2030-01-01,0.989849842,Nicaragua
2021-01-01,3.750509495,Niger
2022-01-01,3.728244904,Niger
2023-01-01,3.705714819,Niger
2024-01-01,3.682859457,Niger
2025-01-01,3.662017678,Niger
2026-01-01,3.639753086,Niger
2027-01-01,3.617223002,Niger
2028-01-01,3.59436764,Niger
2029-01-01,3.57352586,Niger
2030-01-01,3.551261269,Niger
2021-01-01,2.522965309,Nigeria
2022-01-01,2.501849557,Nigeria
2023-01-01,2.48017021,Nigeria
2024-01-01,2.45827166,Nigeria
2025-01-01,2.438263563,Nigeria
2026-01-01,2.417147812,Nigeria
2027-01-01,2.395468464,Nigeria
2028-01-01,2.373569914,Nigeria
2029-01-01,2.353561817,Nigeria
2030-01-01,2.332446066,Nigeria
2021-01-01,0.573990599,North America
2022-01-01,0.541923192,North America
2023-01-01,0.512076727,North America
2024-01-01,0.48446027,North America
2025-01-01,0.480642892,North America
2026-01-01,0.448575485,North America
2027-01-01,0.418729021,North America
2028-01-01,0.391112564,North America
2029-01-01,0.387295186,North America
2030-01-01,0.355227779,North America
2021-01-01,-0.003066072,North Macedonia
2022-01-01,-0.027901187,North Macedonia
2023-01-01,-0.052422424,North Macedonia
2024-01-01,-0.076615923,North Macedonia
2025-01-01,-0.055713978,North Macedonia
2026-01-01,-0.080549092,North Macedonia
2027-01-01,-0.10507033,North Macedonia
2028-01-01,-0.129263829,North Macedonia
2029-01-01,-0.108361883,North Macedonia
2030-01-01,-0.133196997,North Macedonia
2021-01-01,1.183521724,Northern Mariana Islands
2022-01-01,1.083562872,Northern Mariana Islands
2023-01-01,0.984817376,Northern Mariana Islands
2024-01-01,0.887509025,Northern Mariana Islands
2025-01-01,1.52443088,Northern Mariana Islands
2026-01-01,1.424472027,Northern Mariana Islands
2027-01-01,1.325726531,Northern Mariana Islands
2028-01-01,1.22841818,Northern Mariana Islands
2029-01-01,1.865340035,Northern Mariana Islands
2030-01-01,1.765381182,Northern Mariana Islands
2021-01-01,0.991851193,Norway
2022-01-01,1.005414543,Norway
2023-01-01,1.018908091,Norway
2024-01-01,1.032326413,Norway
2025-01-01,1.028369061,Norway
2026-01-01,1.041932411,Norway
2027-01-01,1.055425959,Norway
2028-01-01,1.068844281,Norway
2029-01-01,1.064886929,Norway
2030-01-01,1.078450279,Norway
2021-01-01,0.541863054,OECD members
2022-01-01,0.522237923,OECD members
2023-01-01,0.505270594,OECD members
2024-01-01,0.490967655,OECD members
2025-01-01,0.492115022,OECD members
2026-01-01,0.47248989,OECD members
2027-01-01,0.455522561,OECD members
2028-01-01,0.441219623,OECD members
2029-01-01,0.44236699,OECD members
2030-01-01,0.422741858,OECD members
2021-01-01,5.771306983,Oman
2022-01-01,5.839534441,Oman
2023-01-01,5.904867405,Oman
2024-01-01,5.967410542,Oman
2025-01-01,6.377081439,Oman
2026-01-01,6.445308897,Oman
2027-01-01,6.510641861,Oman
2028-01-01,6.573184998,Oman
2029-01-01,6.982855895,Oman
2030-01-01,7.051083353,Oman
2021-01-01,2.120868383,Other small states
2022-01-01,2.125468557,Other small states
2023-01-01,2.128872709,Other small states
2024-01-01,2.131075616,Other small states
2025-01-01,2.117067375,Other small states
2026-01-01,2.121667549,Other small states
2027-01-01,2.1250717,Other small states
2028-01-01,2.127274608,Other small states
2029-01-01,2.113266366,Other small states
2030-01-01,2.117866541,Other small states
2021-01-01,1.46303684,Pacific island small states
2022-01-01,1.480365822,Pacific island small states
2023-01-01,1.4982245,Pacific island small states
2024-01-01,1.516612836,Pacific island small states
2025-01-01,1.534254639,Pacific island small states
2026-01-01,1.551583621,Pacific island small states
2027-01-01,1.569442299,Pacific island small states
2028-01-01,1.587830635,Pacific island small states
2029-01-01,1.605472438,Pacific island small states
2030-01-01,1.62280142,Pacific island small states
2021-01-01,2.000985772,Pakistan
2022-01-01,1.97426607,Pakistan
2023-01-01,1.951429639,Pakistan
2024-01-01,1.932486908,Pakistan
2025-01-01,1.934248506,Pakistan
2026-01-01,1.907528804,Pakistan
2027-01-01,1.884692373,Pakistan
2028-01-01,1.865749642,Pakistan
2029-01-01,1.86751124,Pakistan
2030-01-01,1.840791538,Pakistan
2021-01-01,0.055766095,Palau
2022-01-01,-0.021046683,Palau
2023-01-01,-0.097749314,Palau
2024-01-01,-0.174226851,Palau
2025-01-01,0.126842678,Palau
2026-01-01,0.0500299,Palau
2027-01-01,-0.026672731,Palau
2028-01-01,-0.103150268,Palau
2029-01-01,0.197919261,Palau
2030-01-01,0.121106483,Palau
2021-01-01,1.603761138,Panama
2022-01-01,1.576871728,Panama
2023-01-01,1.547594243,Panama
2024-01-01,1.515941261,Panama
2025-01-01,1.505277079,Panama
2026-01-01,1.478387669,Panama
2027-01-01,1.449110184,Panama
2028-01-01,1.417457203,Panama
2029-01-01,1.40679302,Panama
2030-01-01,1.37990361,Panama
2021-01-01,1.983727278,Papua New Guinea
2022-01-01,1.967416229,Papua New Guinea
2023-01-01,1.953309224,Papua New Guinea
2024-01-01,1.941406671,Papua New Guinea
2025-01-01,1.928495761,Papua New Guinea
2026-01-01,1.912184712,Papua New Guinea
2027-01-01,1.898077707,Papua New Guinea
2028-01-01,1.886175154,Papua New Guinea
2029-01-01,1.873264243,Papua New Guinea
2030-01-01,1.856953195,Papua New Guinea
2021-01-01,1.223314937,Paraguay
2022-01-01,1.204018733,Paraguay
2023-01-01,1.181383327,Paraguay
2024-01-01,1.156055536,Paraguay
2025-01-01,1.139459655,Paraguay
2026-01-01,1.120163451,Paraguay
2027-01-01,1.097528045,Paraguay
2028-01-01,1.072200254,Paraguay
2029-01-01,1.055604374,Paraguay
2030-01-01,1.03630817,Paraguay
2021-01-01,1.524089451,Peru
2022-01-01,1.520041368,Peru
2023-01-01,1.514659127,Peru
2024-01-01,1.507991527,Peru
2025-01-01,1.662952866,Peru
2026-01-01,1.658904783,Peru
2027-01-01,1.653522542,Peru
2028-01-01,1.646854942,Peru
2029-01-01,1.801816281,Peru
2030-01-01,1.797768198,Peru
2021-01-01,1.332529723,Philippines
2022-01-01,1.297608871,Philippines
2023-01-01,1.262274645,Philippines
2024-01-01,1.226529468,Philippines
2025-01-01,1.198977891,Philippines
2026-01-01,1.164057039,Philippines
2027-01-01,1.128722813,Philippines
2028-01-01,1.092977636,Philippines
2029-01-01,1.065426059,Philippines
2030-01-01,1.030505207,Philippines
2021-01-01,-0.027125048,Poland
2022-01-01,-0.026888553,Poland
2023-01-01,-0.02516789,Poland
2024-01-01,-0.021963797,Poland
2025-01-01,-0.022086521,Poland
2026-01-01,-0.021850026,Poland
2027-01-01,-0.020129363,Poland
2028-01-01,-0.01692527,Poland
2029-01-01,-0.017047994,Poland
2030-01-01,-0.016811499,Poland
2021-01-01,-0.456993979,Portugal
2022-01-01,-0.478319406,Portugal
2023-01-01,-0.499965892,Portugal
2024-01-01,-0.521957416,Portugal
2025-01-01,-0.622474291,Portugal
2026-01-01,-0.643799719,Portugal
2027-01-01,-0.665446204,Portugal
2028-01-01,-0.687437728,Portugal
2029-01-01,-0.787954603,Portugal
2030-01-01,-0.809280031,Portugal
2021-01-01,0.310107751,Post-demographic dividend
2022-01-01,0.296543055,Post-demographic dividend
2023-01-01,0.284658296,Post-demographic dividend
2024-01-01,0.274452971,Post-demographic dividend
2025-01-01,0.259141847,Post-demographic dividend
2026-01-01,0.24557715,Post-demographic dividend
2027-01-01,0.233692392,Post-demographic dividend
2028-01-01,0.223487066,Post-demographic dividend
2029-01-01,0.208175943,Post-demographic dividend
2030-01-01,0.194611246,Post-demographic dividend
2021-01-01,2.704991688,Pre-demographic dividend
2022-01-01,2.672576128,Pre-demographic dividend
2023-01-01,2.64514401,Pre-demographic dividend
2024-01-01,2.6210818,Pre-demographic dividend
2025-01-01,2.585799628,Pre-demographic dividend
2026-01-01,2.553384068,Pre-demographic dividend
2027-01-01,2.52595195,Pre-demographic dividend
2028-01-01,2.50188974,Pre-demographic dividend
2029-01-01,2.466607568,Pre-demographic dividend
2030-01-01,2.434192008,Pre-demographic dividend
2021-01-01,-2.388218866,Puerto Rico
2022-01-01,-2.316743514,Puerto Rico
2023-01-01,-2.235483532,Puerto Rico
2024-01-01,-2.14468075,Puerto Rico
2025-01-01,-2.851229753,Puerto Rico
2026-01-01,-2.779754401,Puerto Rico
2027-01-01,-2.698494419,Puerto Rico
2028-01-01,-2.607691636,Puerto Rico
2029-01-01,-3.31424064,Puerto Rico
2030-01-01,-3.242765287,Puerto Rico
2021-01-01,2.269626502,Qatar
2022-01-01,2.177018072,Qatar
2023-01-01,2.079697923,Qatar
2024-01-01,1.977198662,Qatar
2025-01-01,0.342409203,Qatar
2026-01-01,0.249800773,Qatar
2027-01-01,0.152480624,Qatar
2028-01-01,0.049981363,Qatar
2029-01-01,-1.584808095,Qatar
2030-01-01,-1.677416526,Qatar
2021-01-01,-0.226922342,Romania
2022-01-01,-0.21753673,Romania
2023-01-01,-0.206514736,Romania
2024-01-01,-0.193814751,Romania
2025-01-01,-0.045213794,Romania
2026-01-01,-0.035828183,Romania
2027-01-01,-0.024806189,Romania
2028-01-01,-0.012106204,Romania
2029-01-01,0.136494753,Romania
2030-01-01,0.145880365,Romania
2021-01-01,0.261257557,Russian Federation
2022-01-01,0.271868608,Russian Federation
2023-01-01,0.282966398,Russian Federation
2024-01-01,0.294574258,Russian Federation
2025-01-01,0.38249547,Russian Federation
2026-01-01,0.393106521,Russian Federation
2027-01-01,0.404204311,Russian Federation
2028-01-01,0.415812171,Russian Federation
2029-01-01,0.503733383,Russian Federation
2030-01-01,0.514344434,Russian Federation
2021-01-01,2.887024493,Rwanda
2022-01-01,2.769885618,Rwanda
2023-01-01,2.663098609,Rwanda
2024-01-01,2.566821185,Rwanda
2025-01-01,2.977513885,Rwanda
2026-01-01,2.86037501,Rwanda
2027-01-01,2.753588001,Rwanda
2028-01-01,2.657310577,Rwanda
2029-01-01,3.068003277,Rwanda
2030-01-01,2.950864402,Rwanda
2021-01-01,0.584848079,Samoa
2022-01-01,0.598853307,Samoa
2023-01-01,0.613384468,Samoa
2024-01-01,0.628420124,Samoa
2025-01-01,0.572516591,Samoa
2026-01-01,0.586521819,Samoa
2027-01-01,0.601052979,Samoa
2028-01-01,0.616088636,Samoa
2029-01-01,0.560185103,Samoa
2030-01-01,0.574190331,Samoa
2021-01-01,0.493007943,San Marino
2022-01-01,0.436313309,San Marino
2023-01-01,0.37908519,San Marino
2024-01-01,0.321327076,San Marino
2025-01-01,0.276065094,San Marino
2026-01-01,0.219370459,San Marino
2027-01-01,0.16214234,San Marino
2028-01-01,0.104384226,San Marino
2029-01-01,0.059122244,San Marino
2030-01-01,0.00242761,San Marino
2021-01-01,1.873426882,Sao Tome and Principe
2022-01-01,1.888349034,Sao Tome and Principe
2023-01-01,1.901736835,Sao Tome and Principe
2024-01-01,1.913547004,Sao Tome and Principe
2025-01-01,1.784658508,Sao Tome and Principe
2026-01-01,1.799580661,Sao Tome and Principe
2027-01-01,1.812968462,Sao Tome and Principe
2028-01-01,1.824778631,Sao Tome and Principe
2029-01-01,1.695890135,Sao Tome and Principe
2030-01-01,1.710812287,Sao Tome and Principe
2021-01-01,1.997065653,Saudi Arabia
2022-01-01,1.954903881,Saudi Arabia
2023-01-01,1.908731539,Saudi Arabia
2024-01-01,1.858536058,Saudi Arabia
2025-01-01,1.77096431,Saudi Arabia
2026-01-01,1.728802539,Saudi Arabia
2027-01-01,1.682630196,Saudi Arabia
2028-01-01,1.632434715,Saudi Arabia
2029-01-01,1.544862968,Saudi Arabia
2030-01-01,1.502701196,Saudi Arabia
2021-01-01,2.702638116,Senegal
2022-01-01,2.683941222,Senegal
2023-01-01,2.652023717,Senegal
2024-01-01,2.611452695,Senegal
2025-01-01,2.60469963,Senegal
2026-01-01,2.586002736,Senegal
2027-01-01,2.554085231,Senegal
2028-01-01,2.513514209,Senegal
2029-01-01,2.506761144,Senegal
2030-01-01,2.48806425,Senegal
2021-01-01,-0.625924231,Serbia
2022-01-01,-0.658177313,Serbia
2023-01-01,-0.687505634,Serbia
2024-01-01,-0.71389792,Serbia
2025-01-01,-0.709102595,Serbia
2026-01-01,-0.741355678,Serbia
2027-01-01,-0.770683998,Serbia
2028-01-01,-0.797076284,Serbia
2029-01-01,-0.79228096,Serbia
2030-01-01,-0.824534042,Serbia
2021-01-01,1.641533593,Seychelles
2022-01-01,1.498057188,Seychelles
2023-01-01,1.352683981,Seychelles
2024-01-01,1.205639935,Seychelles
2025-01-01,1.796671433,Seychelles
2026-01-01,1.653195028,Seychelles
2027-01-01,1.507821821,Seychelles
2028-01-01,1.360777775,Seychelles
2029-01-01,1.951809273,Seychelles
2030-01-01,1.808332868,Seychelles
2021-01-01,1.318559944,Sierra Leone
2022-01-01,1.277453995,Sierra Leone
2023-01-01,1.222651274,Sierra Leone
2024-01-01,1.154063721,Sierra Leone
2025-01-01,0.809823909,Sierra Leone
2026-01-01,0.76871796,Sierra Leone
2027-01-01,0.713915239,Sierra Leone
2028-01-01,0.645327686,Sierra Leone
2029-01-01,0.301087874,Sierra Leone
2030-01-01,0.259981925,Sierra Leone
2021-01-01,0.707792096,Singapore
2022-01-01,0.700981223,Singapore
2023-01-01,0.705633765,Singapore
2024-01-01,0.721641485,Singapore
2025-01-01,0.369575453,Singapore
2026-01-01,0.36276458,Singapore
2027-01-01,0.367417122,Singapore
2028-01-01,0.383424843,Singapore
2029-01-01,0.031358811,Singapore
2030-01-01,0.024547938,Singapore
2021-01-01,1.525215829,Sint Maarten (Dutch part)
2022-01-01,1.541790234,Sint Maarten (Dutch part)
2023-01-01,1.580814481,Sint Maarten (Dutch part)
2024-01-01,1.642253227,Sint Maarten (Dutch part)
2025-01-01,1.565192353,Sint Maarten (Dutch part)
2026-01-01,1.581766758,Sint Maarten (Dutch part)
2027-01-01,1.620791005,Sint Maarten (Dutch part)
2028-01-01,1.682229752,Sint Maarten (Dutch part)
2029-01-01,1.605168877,Sint Maarten (Dutch part)
2030-01-01,1.621743282,Sint Maarten (Dutch part)
2021-01-01,0.188448527,Slovak Republic
2022-01-01,0.202435903,Slovak Republic
2023-01-01,0.216585582,Slovak Republic
2024-01-01,0.230895057,Slovak Republic
2025-01-01,0.23677941,Slovak Republic
2026-01-01,0.250766786,Slovak Republic
2027-01-01,0.264916464,Slovak Republic
2028-01-01,0.27922594,Slovak Republic
2029-01-01,0.285110293,Slovak Republic
2030-01-01,0.299097669,Slovak Republic
2021-01-01,0.42616555,Slovenia
2022-01-01,0.41060932,Slovenia
2023-01-01,0.393636719,Slovenia
2024-01-01,0.375281336,Slovenia
2025-01-01,0.469326692,Slovenia
2026-01-01,0.453770462,Slovenia
2027-01-01,0.436797861,Slovenia
2028-01-01,0.418442478,Slovenia
2029-01-01,0.512487834,Slovenia
2030-01-01,0.496931604,Slovenia
2021-01-01,1.8158557,Small states
2022-01-01,1.821468658,Small states
2023-01-01,1.826071787,Small states
2024-01-01,1.829662891,Small states
2025-01-01,1.826839649,Small states
2026-01-01,1.832452608,Small states
2027-01-01,1.837055737,Small states
2028-01-01,1.840646841,Small states
2029-01-01,1.837823598,Small states
2030-01-01,1.843436557,Small states
2021-01-01,2.64173574,Solomon Islands
2022-01-01,2.632136844,Solomon Islands
2023-01-01,2.619765325,Solomon Islands
2024-01-01,2.604644171,Solomon Islands
2025-01-01,2.667505117,Solomon Islands
2026-01-01,2.657906221,Solomon Islands
2027-01-01,2.645534703,Solomon Islands
2028-01-01,2.630413548,Solomon Islands
2029-01-01,2.693274494,Solomon Islands
2030-01-01,2.683675598,Solomon Islands
2021-01-01,2.902822809,Somalia
2022-01-01,2.929818527,Somalia
2023-01-01,2.95302862,Somalia
2024-01-01,2.972173198,Somalia
2025-01-01,3.000715912,Somalia
2026-01-01,3.02771163,Somalia
2027-01-01,3.050921723,Somalia
2028-01-01,3.070066301,Somalia
2029-01-01,3.098609016,Somalia
2030-01-01,3.125604734,Somalia
2021-01-01,1.524714842,South Africa
2022-01-01,1.516878792,South Africa
2023-01-01,1.50964217,South Africa
2024-01-01,1.503026912,South Africa
2025-01-01,1.567774205,South Africa
2026-01-01,1.559938155,South Africa
2027-01-01,1.552701533,South Africa
2028-01-01,1.546086276,South Africa
2029-01-01,1.610833569,South Africa
2030-01-01,1.602997519,South Africa
2021-01-01,1.130042793,South Asia
2022-01-01,1.106969182,South Asia
2023-01-01,1.0810779,South Asia
2024-01-01,1.054263214,South Asia
2025-01-01,1.034930436,South Asia
2026-01-01,1.011856825,South Asia
2027-01-01,0.985965543,South Asia
2028-01-01,0.959150857,South Asia
2029-01-01,0.939818078,South Asia
2030-01-01,0.916744468,South Asia
2021-01-01,1.130042793,South Asia (IDA & IBRD)
2022-01-01,1.106969182,South Asia (IDA & IBRD)
2023-01-01,1.0810779,South Asia (IDA & IBRD)
2024-01-01,1.054263214,South Asia (IDA & IBRD)
2025-01-01,1.034930436,South Asia (IDA & IBRD)
2026-01-01,1.011856825,South Asia (IDA & IBRD)
2027-01-01,0.985965543,South Asia (IDA & IBRD)
2028-01-01,0.959150857,South Asia (IDA & IBRD)
2029-01-01,0.939818078,South Asia (IDA & IBRD)
2030-01-01,0.916744468,South Asia (IDA & IBRD)
2021-01-01,0.447677733,South Sudan
2022-01-01,0.317346361,South Sudan
2023-01-01,0.188614283,South Sudan
2024-01-01,0.061364445,South Sudan
2025-01-01,-0.452569257,South Sudan
2026-01-01,-0.582900629,South Sudan
2027-01-01,-0.711632708,South Sudan
2028-01-01,-0.838882545,South Sudan
2029-01-01,-1.352816247,South Sudan
2030-01-01,-1.483147619,South Sudan
2021-01-01,-0.450887295,Spain
2022-01-01,-0.382888963,Spain
2023-01-01,-0.319059873,Spain
2024-01-01,-0.259592122,Spain
2025-01-01,-0.826410999,Spain
2026-01-01,-0.758412667,Spain
2027-01-01,-0.694583576,Spain
2028-01-01,-0.635115826,Spain
2029-01-01,-1.201934702,Spain
2030-01-01,-1.13393637,Spain
2021-01-01,0.929482216,Sri Lanka
2022-01-01,0.876028747,Sri Lanka
2023-01-01,0.818878647,Sri Lanka
2024-01-01,0.758108927,Sri Lanka
2025-01-01,0.953537338,Sri Lanka
2026-01-01,0.90008387,Sri Lanka
2027-01-01,0.842933769,Sri Lanka
2028-01-01,0.782164049,Sri Lanka
2029-01-01,0.97759246,Sri Lanka
2030-01-01,0.924138992,Sri Lanka
2021-01-01,0.641944197,St. Kitts and Nevis
2022-01-01,0.621672284,St. Kitts and Nevis
2023-01-01,0.597121794,St. Kitts and Nevis
2024-01-01,0.568288976,St. Kitts and Nevis
2025-01-01,0.53141287,St. Kitts and Nevis
2026-01-01,0.511140957,St. Kitts and Nevis
2027-01-01,0.486590467,St. Kitts and Nevis
2028-01-01,0.457757649,St. Kitts and Nevis
2029-01-01,0.420881543,St. Kitts and Nevis
2030-01-01,0.40060963,St. Kitts and Nevis
2021-01-01,0.421225232,St. Lucia
2022-01-01,0.394912716,St. Lucia
2023-01-01,0.368484966,St. Lucia
2024-01-01,0.341932472,St. Lucia
2025-01-01,0.284107951,St. Lucia
2026-01-01,0.257795436,St. Lucia
2027-01-01,0.231367686,St. Lucia
2028-01-01,0.204815192,St. Lucia
2029-01-01,0.146990671,St. Lucia
2030-01-01,0.120678156,St. Lucia
2021-01-01,-0.456052819,St. Martin (French part)
2022-01-01,-0.513272337,St. Martin (French part)
2023-01-01,-0.573613479,St. Martin (French part)
2024-01-01,-0.637204831,St. Martin (French part)
2025-01-01,-1.120542111,St. Martin (French part)
2026-01-01,-1.177761629,St. Martin (French part)
2027-01-01,-1.238102771,St. Martin (French part)
2028-01-01,-1.301694123,St. Martin (French part)
2029-01-01,-1.785031403,St. Martin (French part)
2030-01-01,-1.842250921,St. Martin (French part)
2021-01-01,0.301381885,St. Vincent and the Grenadines
2022-01-01,0.315938042,St. Vincent and the Grenadines
2023-01-01,0.330352461,St. Vincent and the Grenadines
2024-01-01,0.344625707,St. Vincent and the Grenadines
2025-01-01,0.360921086,St. Vincent and the Grenadines
2026-01-01,0.375477243,St. Vincent and the Grenadines
2027-01-01,0.389891662,St. Vincent and the Grenadines
2028-01-01,0.404164908,St. Vincent and the Grenadines
2029-01-01,0.420460287,St. Vincent and the Grenadines
2030-01-01,0.435016444,St. Vincent and the Grenadines
2021-01-01,2.610670018,Sub-Saharan Africa
2022-01-01,2.589473539,Sub-Saharan Africa
2023-01-01,2.564130918,Sub-Saharan Africa
2024-01-01,2.536122646,Sub-Saharan Africa
2025-01-01,2.518968626,Sub-Saharan Africa
2026-01-01,2.497772147,Sub-Saharan Africa
2027-01-01,2.472429525,Sub-Saharan Africa
2028-01-01,2.444421254,Sub-Saharan Africa
2029-01-01,2.427267234,Sub-Saharan Africa
2030-01-01,2.406070755,Sub-Saharan Africa
2021-01-01,2.610670018,Sub-Saharan Africa (IDA & IBRD countries)
2022-01-01,2.589473539,Sub-Saharan Africa (IDA & IBRD countries)
2023-01-01,2.564130918,Sub-Saharan Africa (IDA & IBRD countries)
2024-01-01,2.536122646,Sub-Saharan Africa (IDA & IBRD countries)
2025-01-01,2.518968626,Sub-Saharan Africa (IDA & IBRD countries)
2026-01-01,2.497772147,Sub-Saharan Africa (IDA & IBRD countries)
2027-01-01,2.472429525,Sub-Saharan Africa (IDA & IBRD countries)
2028-01-01,2.444421254,Sub-Saharan Africa (IDA & IBRD countries)
2029-01-01,2.427267234,Sub-Saharan Africa (IDA & IBRD countries)
2030-01-01,2.406070755,Sub-Saharan Africa (IDA & IBRD countries)
2021-01-01,2.610833517,Sub-Saharan Africa (excluding high income)
2022-01-01,2.589658043,Sub-Saharan Africa (excluding high income)
2023-01-01,2.56431652,Sub-Saharan Africa (excluding high income)
2024-01-01,2.536306103,Sub-Saharan Africa (excluding high income)
2025-01-01,2.519159427,Sub-Saharan Africa (excluding high income)
2026-01-01,2.497983953,Sub-Saharan Africa (excluding high income)
2027-01-01,2.47264243,Sub-Saharan Africa (excluding high income)
2028-01-01,2.444632013,Sub-Saharan Africa (excluding high income)
2029-01-01,2.427485337,Sub-Saharan Africa (excluding high income)
2030-01-01,2.406309863,Sub-Saharan Africa (excluding high income)
2021-01-01,2.434642353,Sudan
2022-01-01,2.462417497,Sudan
2023-01-01,2.48365929,Sudan
2024-01-01,2.498360292,Sudan
2025-01-01,2.496314998,Sudan
2026-01-01,2.524090143,Sudan
2027-01-01,2.545331935,Sudan
2028-01-01,2.560032937,Sudan
2029-01-01,2.557987644,Sudan
2030-01-01,2.585762788,Sudan
2021-01-01,0.869616658,Suriname
2022-01-01,0.837004333,Suriname
2023-01-01,0.80901301,Suriname
2024-01-01,0.782564387,Suriname
2025-01-01,0.749604107,Suriname
2026-01-01,0.716991782,Suriname
2027-01-01,0.689000459,Suriname
2028-01-01,0.662551836,Suriname
2029-01-01,0.629591555,Suriname
2030-01-01,0.596979231,Suriname
2021-01-01,1.310925391,Sweden
2022-01-01,1.325484216,Sweden
2023-01-01,1.336997172,Sweden
2024-01-01,1.345506792,Sweden
2025-01-01,1.496842127,Sweden
2026-01-01,1.511400952,Sweden
2027-01-01,1.522913907,Sweden
2028-01-01,1.531423528,Sweden
2029-01-01,1.682758862,Sweden
2030-01-01,1.697317687,Sweden
2021-01-01,1.024910905,Switzerland
2022-01-01,1.040287476,Switzerland
2023-01-01,1.057928914,Switzerland
2024-01-01,1.077826733,Switzerland
2025-01-01,1.068098048,Switzerland
2026-01-01,1.083474618,Switzerland
2027-01-01,1.101116057,Switzerland
2028-01-01,1.121013876,Switzerland
2029-01-01,1.111285191,Switzerland
2030-01-01,1.126661761,Switzerland
2021-01-01,-3.318689472,Syrian Arab Republic
2022-01-01,-3.226223388,Syrian Arab Republic
2023-01-01,-3.134729375,Syrian Arab Republic
2024-01-01,-3.044672663,Syrian Arab Republic
2025-01-01,-4.482848759,Syrian Arab Republic
2026-01-01,-4.390382675,Syrian Arab Republic
2027-01-01,-4.298888662,Syrian Arab Republic
2028-01-01,-4.20883195,Syrian Arab Republic
2029-01-01,-5.647008045,Syrian Arab Republic
2030-01-01,-5.554541961,Syrian Arab Republic
2021-01-01,2.327351383,Tajikistan
2022-01-01,2.300668168,Tajikistan
2023-01-01,2.264444017,Tajikistan
2024-01-01,2.218691489,Tajikistan
2025-01-01,2.20920117,Tajikistan
2026-01-01,2.182517954,Tajikistan
2027-01-01,2.146293803,Tajikistan
2028-01-01,2.100541276,Tajikistan
2029-01-01,2.091050956,Tajikistan
2030-01-01,2.064367741,Tajikistan
2021-01-01,2.931015549,Tanzania
2022-01-01,2.918683906,Tanzania
2023-01-01,2.899589492,Tanzania
2024-01-01,2.87598095,Tanzania
2025-01-01,2.870218795,Tanzania
2026-01-01,2.857887152,Tanzania
2027-01-01,2.838792738,Tanzania
2028-01-01,2.815184196,Tanzania
2029-01-01,2.809422041,Tanzania
2030-01-01,2.797090398,Tanzania
2021-01-01,0.22235554,Thailand
2022-01-01,0.192556996,Thailand
2023-01-01,0.160676263,Thailand
2024-01-01,0.127315486,Thailand
2025-01-01,0.099505859,Thailand
2026-01-01,0.069707315,Thailand
2027-01-01,0.037826582,Thailand
2028-01-01,0.004465806,Thailand
2029-01-01,-0.023343821,Thailand
2030-01-01,-0.053142365,Thailand
2021-01-01,1.652957614,Timor-Leste
2022-01-01,1.681997034,Timor-Leste
2023-01-01,1.700788163,Timor-Leste
2024-01-01,1.709276533,Timor-Leste
2025-01-01,1.549488914,Timor-Leste
2026-01-01,1.578528334,Timor-Leste
2027-01-01,1.597319463,Timor-Leste
2028-01-01,1.605807833,Timor-Leste
2029-01-01,1.446020214,Timor-Leste
2030-01-01,1.475059633,Timor-Leste
2021-01-01,2.407117609,Togo
2022-01-01,2.352335048,Togo
2023-01-01,2.310121816,Togo
2024-01-01,2.280495527,Togo
2025-01-01,2.289791319,Togo
2026-01-01,2.235008758,Togo
2027-01-01,2.192795526,Togo
2028-01-01,2.163169237,Togo
2029-01-01,2.172465029,Togo
2030-01-01,2.117682468,Togo
2021-01-01,0.302176471,Tonga
2022-01-01,0.33523706,Tonga
2023-01-01,0.367932887,Tonga
2024-01-01,0.400221143,Tonga
2025-01-01,0.29222498,Tonga
2026-01-01,0.32528557,Tonga
2027-01-01,0.357981396,Tonga
2028-01-01,0.390269652,Tonga
2029-01-01,0.282273489,Tonga
2030-01-01,0.315334079,Tonga
2021-01-01,0.504082625,Trinidad and Tobago
2022-01-01,0.504793366,Trinidad and Tobago
2023-01-01,0.50449871,Trinidad and Tobago
2024-01-01,0.503199798,Trinidad and Tobago
2025-01-01,0.506684395,Trinidad and Tobago
2026-01-01,0.507395136,Trinidad and Tobago
2027-01-01,0.507100479,Trinidad and Tobago
2028-01-01,0.505801567,Trinidad and Tobago
2029-01-01,0.509286164,Trinidad and Tobago
2030-01-01,0.509996905,Trinidad and Tobago
2021-01-01,1.188809488,Tunisia
2022-01-01,1.192315084,Tunisia
2023-01-01,1.19675723,Tunisia
2024-01-01,1.202152005,Tunisia
2025-01-01,1.259337236,Tunisia
2026-01-01,1.262842832,Tunisia
2027-01-01,1.267284978,Tunisia
2028-01-01,1.272679754,Tunisia
2029-01-01,1.329864984,Tunisia
2030-01-01,1.33337058,Tunisia
2021-01-01,1.570693324,Turkey
2022-01-01,1.543365319,Turkey
2023-01-01,1.512908351,Turkey
2024-01-01,1.47936837,Turkey
2025-01-01,1.599702977,Turkey
2026-01-01,1.572374972,Turkey
2027-01-01,1.541918004,Turkey
2028-01-01,1.508378023,Turkey
2029-01-01,1.62871263,Turkey
2030-01-01,1.601384625,Turkey
2021-01-01,1.937181614,Turkmenistan
2022-01-01,1.954137569,Turkmenistan
2023-01-01,1.971162499,Turkmenistan
2024-01-01,1.988288017,Turkmenistan
2025-01-01,2.109246124,Turkmenistan
2026-01-01,2.126202079,Turkmenistan
2027-01-01,2.143227008,Turkmenistan
2028-01-01,2.160352527,Turkmenistan
2029-01-01,2.281310633,Turkmenistan
2030-01-01,2.298266588,Turkmenistan
2021-01-01,-0.369226683,Turks and Caicos Islands
2022-01-01,-0.596878892,Turks and Caicos Islands
2023-01-01,-0.838119524,Turks and Caicos Islands
2024-01-01,-1.093058832,Turks and Caicos Islands
2025-01-01,-1.697456183,Turks and Caicos Islands
2026-01-01,-1.925108392,Turks and Caicos Islands
2027-01-01,-2.166349024,Turks and Caicos Islands
2028-01-01,-2.421288332,Turks and Caicos Islands
2029-01-01,-3.025685683,Turks and Caicos Islands
2030-01-01,-3.253337892,Turks and Caicos Islands
2021-01-01,1.06545282,Tuvalu
2022-01-01,1.109675706,Tuvalu
2023-01-01,1.146720047,Tuvalu
2024-01-01,1.176540135,Tuvalu
2025-01-01,1.061047088,Tuvalu
2026-01-01,1.105269974,Tuvalu
2027-01-01,1.142314315,Tuvalu
2028-01-01,1.172134403,Tuvalu
2029-01-01,1.056641356,Tuvalu
2030-01-01,1.100864242,Tuvalu
2021-01-01,3.626157032,Uganda
2022-01-01,3.645943844,Uganda
2023-01-01,3.648856446,Uganda
2024-01-01,3.634926395,Uganda
2025-01-01,3.740037682,Uganda
2026-01-01,3.759824494,Uganda
2027-01-01,3.762737096,Uganda
2028-01-01,3.748807045,Uganda
2029-01-01,3.853918331,Uganda
2030-01-01,3.873705143,Uganda
2021-01-01,-0.251281463,Ukraine
2022-01-01,-0.221818798,Ukraine
2023-01-01,-0.189938041,Ukraine
2024-01-01,-0.155644292,Ukraine
2025-01-01,-0.139205626,Ukraine
2026-01-01,-0.109742961,Ukraine
2027-01-01,-0.077862204,Ukraine
2028-01-01,-0.043568455,Ukraine
2029-01-01,-0.027129789,Ukraine
2030-01-01,0.002332876,Ukraine
2021-01-01,-1.048720599,United Arab Emirates
2022-01-01,-1.225693839,United Arab Emirates
2023-01-01,-1.408276989,United Arab Emirates
2024-01-01,-1.596963853,United Arab Emirates
2025-01-01,-3.403897602,United Arab Emirates
2026-01-01,-3.580870842,United Arab Emirates
2027-01-01,-3.763453991,United Arab Emirates
2028-01-01,-3.952140855,United Arab Emirates
2029-01-01,-5.759074604,United Arab Emirates
2030-01-01,-5.936047844,United Arab Emirates
2021-01-01,0.722734989,United Kingdom
2022-01-01,0.737873375,United Kingdom
2023-01-01,0.751728164,United Kingdom
2024-01-01,0.764290888,United Kingdom
2025-01-01,0.750479329,United Kingdom
2026-01-01,0.765617715,United Kingdom
2027-01-01,0.779472504,United Kingdom
2028-01-01,0.792035228,United Kingdom
2029-01-01,0.778223669,United Kingdom
2030-01-01,0.793362055,United Kingdom
2021-01-01,0.494810439,United States
2022-01-01,0.462204005,United States
2023-01-01,0.431152518,United States
2024-01-01,0.401661122,United States
2025-01-01,0.385541521,United States
2026-01-01,0.352935086,United States
2027-01-01,0.3218836,United States
2028-01-01,0.292392203,United States
2029-01-01,0.276272602,United States
2030-01-01,0.243666168,United States
2021-01-01,0.665551613,Upper middle income
2022-01-01,0.640851686,Upper middle income
2023-01-01,0.61954796,Upper middle income
2024-01-01,0.601658828,Upper middle income
2025-01-01,0.640363594,Upper middle income
2026-01-01,0.615663666,Upper middle income
2027-01-01,0.594359941,Upper middle income
2028-01-01,0.576470809,Upper middle income
2029-01-01,0.615175575,Upper middle income
2030-01-01,0.590475647,Upper middle income
2021-01-01,0.487479265,Uruguay
2022-01-01,0.489951703,Uruguay
2023-01-01,0.492944589,Uruguay
2024-01-01,0.496481143,Uruguay
2025-01-01,0.575820918,Uruguay
2026-01-01,0.578293356,Uruguay
2027-01-01,0.581286241,Uruguay
2028-01-01,0.584822796,Uruguay
2029-01-01,0.66416257,Uruguay
2030-01-01,0.666635009,Uruguay
2021-01-01,2.035850817,Uzbekistan
2022-01-01,2.09369099,Uzbekistan
2023-01-01,2.129488459,Uzbekistan
2024-01-01,2.143246166,Uzbekistan
2025-01-01,2.188946815,Uzbekistan
2026-01-01,2.246786989,Uzbekistan
2027-01-01,2.282584457,Uzbekistan
2028-01-01,2.296342165,Uzbekistan
2029-01-01,2.342042814,Uzbekistan
2030-01-01,2.399882987,Uzbekistan
2021-01-01,2.616787059,Vanuatu
2022-01-01,2.633897552,Vanuatu
2023-01-01,2.643740251,Vanuatu
2024-01-01,2.646313286,Vanuatu
2025-01-01,2.649563327,Vanuatu
2026-01-01,2.66667382,Vanuatu
2027-01-01,2.676516519,Vanuatu
2028-01-01,2.679089554,Vanuatu
2029-01-01,2.682339595,Vanuatu
2030-01-01,2.699450089,Vanuatu
2021-01-01,-1.215229765,"Venezuela, RB"
2022-01-01,-1.289498298,"Venezuela, RB"
2023-01-01,-1.36395942,"Venezuela, RB"
2024-01-01,-1.438738934,"Venezuela, RB"
2025-01-01,-1.92708271,"Venezuela, RB"
2026-01-01,-2.001351243,"Venezuela, RB"
2027-01-01,-2.075812365,"Venezuela, RB"
2028-01-01,-2.150591879,"Venezuela, RB"
2029-01-01,-2.638935655,"Venezuela, RB"
2030-01-01,-2.713204189,"Venezuela, RB"
2021-01-01,1.034645376,Vietnam
2022-01-01,1.024063152,Vietnam
2023-01-01,1.013909886,Vietnam
2024-01-01,1.004201275,Vietnam
2025-01-01,1.045390373,Vietnam
2026-01-01,1.034808149,Vietnam
2027-01-01,1.024654883,Vietnam
2028-01-01,1.014946272,Vietnam
2029-01-01,1.05613537,Vietnam
2030-01-01,1.045553146,Vietnam
2021-01-01,-0.283983161,Virgin Islands (U.S.)
2022-01-01,-0.294387993,Virgin Islands (U.S.)
2023-01-01,-0.304368116,Virgin Islands (U.S.)
2024-01-01,-0.31393067,Virgin Islands (U.S.)
2025-01-01,-0.347220782,Virgin Islands (U.S.)
2026-01-01,-0.357625615,Virgin Islands (U.S.)
2027-01-01,-0.367605737,Virgin Islands (U.S.)
2028-01-01,-0.377168292,Virgin Islands (U.S.)
2029-01-01,-0.410458404,Virgin Islands (U.S.)
2030-01-01,-0.420863236,Virgin Islands (U.S.)
2021-01-01,2.259330866,West Bank and Gaza
2022-01-01,2.293122447,West Bank and Gaza
2023-01-01,2.310447182,West Bank and Gaza
2024-01-01,2.311267911,West Bank and Gaza
2025-01-01,2.195553144,West Bank and Gaza
2026-01-01,2.229344726,West Bank and Gaza
2027-01-01,2.246669461,West Bank and Gaza
2028-01-01,2.24749019,West Bank and Gaza
2029-01-01,2.131775423,West Bank and Gaza
2030-01-01,2.165567005,West Bank and Gaza
2021-01-01,1.012673705,World
2022-01-01,0.973536939,World
2023-01-01,0.939046023,World
2024-01-01,0.909348598,World
2025-01-01,0.884258429,World
2026-01-01,0.845121663,World
2027-01-01,0.810630747,World
2028-01-01,0.780933322,World
2029-01-01,0.755843153,World
2030-01-01,0.716706387,World
2021-01-01,2.177272584,"Yemen, Rep."
2022-01-01,2.11032781,"Yemen, Rep."
2023-01-01,2.053877552,"Yemen, Rep."
2024-01-01,2.00484403,"Yemen, Rep."
2025-01-01,1.930555987,"Yemen, Rep."
2026-01-01,1.863611213,"Yemen, Rep."
2027-01-01,1.807160954,"Yemen, Rep."
2028-01-01,1.758127432,"Yemen, Rep."
2029-01-01,1.683839389,"Yemen, Rep."
2030-01-01,1.616894615,"Yemen, Rep."
2021-01-01,2.910093258,Zambia
2022-01-01,2.874266653,Zambia
2023-01-01,2.842826785,Zambia
2024-01-01,2.815786102,Zambia
2025-01-01,2.824271819,Zambia
2026-01-01,2.788445215,Zambia
2027-01-01,2.757005347,Zambia
2028-01-01,2.729964663,Zambia
2029-01-01,2.738450381,Zambia
2030-01-01,2.702623777,Zambia
2021-01-01,2.014242896,Zimbabwe
2022-01-01,2.065462179,Zimbabwe
2023-01-01,2.117790344,Zimbabwe
2024-01-01,2.171262339,Zimbabwe
2025-01-01,2.338623112,Zimbabwe
2026-01-01,2.389842395,Zimbabwe
2027-01-01,2.442170561,Zimbabwe
2028-01-01,2.495642556,Zimbabwe
2029-01-01,2.663003328,Zimbabwe
2030-01-01,2.714222611,Zimbabwe